arxiv_id,key
2109.00361,paul2021interaction
2109.00961,tarkhov2021transient
2109.00560,egan2021synchronous
2109.00631,zdybel2021stability
2109.00806,bobrov2021spectroscopy
2109.00966,mazanik2021supercurrent
2109.00976,cattaneo2021superconducting
2109.01061,strambini2021superconducting
2109.01096,koshelev2021phenomenological
2109.01119,wang2021magnon
2109.01133,dong2021superconductivity
2109.01336,yang2021spin
2109.01344,bobrov2021reconstruction
2109.01364,gamayunova2021superconductivity
2109.01505,haim2021mechanisms
2109.01724,quan2021mob2
2109.01808,dai2021isochronous
2109.01866,gao2021anomalous
2109.01869,wang2021charge
2109.01966,kogan2021pearl
2109.02208,liu2021breached
2109.02300,nielsen2021readout
2109.02313,ma2021design
2109.02330,bauer2021phase
2109.02407,contreras2021dressed
2109.02420,nguyen2021asymptotic
2109.02604,fareed2021critical
2109.02612,homann2021terahertz
2109.02635,wu2021non
2109.02664,simon2021higher
2109.02685,yu2021euler
2109.03868,watanabe2021operator
2109.02821,boubeche2021anomalous
2109.02824,antony2021miniaturizing
2109.02864,khan2021first
2109.02918,sumita2021superconductor
2109.03031,adebanjo2021superlight
2109.03055,reutlinger2021universal
2109.03135,weisbrich2021tensor
2109.03169,zlotnikov2021aspects
2109.08517,hirsch2021faulty
2109.03231,manna2021higher
2109.03281,choudhury2021analysis
2109.03368,motla2021probing
2109.03382,bai2021band
2109.03461,chazono2021superconducting
2109.03499,nyari2021relativistic
2109.03811,castro2021superconductivity
2109.03851,konig2021triplet
2109.03982,kang2021detecting
2109.04122,ikeda2021superconductivity
2109.04279,tam2021charge
2109.04329,amundsen2021magnonic
2109.04345,cea2021superconductivity
2109.04466,szabo2021metals
2109.04473,hochberg2021directional
2109.04480,labollita2021electronic
2109.04492,chen2021spin
2109.04669,you2021kohn
2109.04670,yang2021topological
2109.04694,zhang2021majorana
2109.04788,aikebaier2021controlling
2109.04796,bag2021interference
2109.04931,paudyal2021superconducting
2109.05202,he2021evidence
2109.05231,he2021gutzwiller
2109.05258,mironov2021giant
2109.05450,liao2021coexistence
2109.05511,park2021spin
2109.05519,huang2021superconductivity
2109.05577,zhang2021observation
2109.05761,ren2021strain
2109.05851,anwar2021review
2109.05982,khokhlov2021pauli
2109.06000,iskin2021effective
2109.06039,zeng2021pseudospin
2109.06285,wang2021andreev
2109.06334,shrestha2021emergent
2109.06454,shioda2021determination
2109.06460,zhang2021ultrafast
2109.06774,wyss2021magnetic
2109.06894,crawford2021majorana
2109.06959,chen2021topological
2109.06983,badger2021dirac
2109.07010,yoshida2021exact
2109.07051,song2021high
2109.07066,sayeed2021effect
2109.07167,mitobe2021superconductivity
2109.07520,zyuzin2021preformed
2109.07608,cho2021intermediate
2109.07616,giannetta2021london
2109.07654,gu2021superconductivity
2109.07660,wang2021development
2109.07762,chen2021scattering
2109.07766,chen2021scatteringa
2109.07961,spina2021internal
2109.08070,fu2021terahertz
2109.08093,li2021fractionalization
2109.08142,song2021doping
2109.08200,hou2021zero
2109.08361,kim2021quasiparticle
2109.08498,kamlapure2021anisotropic
2109.08679,jotzu2021superconducting
2109.08700,puig2021bridge
2109.08812,hoshi2021extremely
2109.08845,kobayashi2021spontaneous
2109.09121,ido2021data
2109.09321,ren2021quantum
2109.09726,pan2021superconductivity
2109.09786,altawhid2021coexistence
2109.09898,wang2021little
2109.09971,chu2021fano
2109.09976,lin2021proximity
2109.10019,gubler2021missing
2109.10043,browne2021stability
2109.10079,cao2021characteristic
2109.10157,jurkutat2021pressure
2109.10166,khasanov2021isotropic
2109.10186,datta2021spectroscopic
2109.10201,ilic2021current
2109.10247,kempa2021enhancing
2109.10263,velasco2021kuramoto
2109.10335,fujii2021effective
2109.10527,sharma2021snas
2109.10712,bhattacharyya2021superconducting
2109.10728,xu2021superconductivity
2109.10809,jiang2021kagome
2109.10851,zhao2021first
2109.10878,hirsch2021absence
2109.11102,yang2021theory
2109.11122,li2021free
2110.09270,nikulov2021comment
2109.11275,costa2021enhancing
2109.11286,yu2021evolution
2109.11478,gong2021superconductivity
2109.11521,lim2021creating
2109.11570,ma2021dynamic
2109.11742,tai2021anomalous
2109.11799,harada2021revised
2109.11824,egusquiza2021role
2109.11914,huang2021review
2109.11995,sykora2021renormalization
2109.12127,kim2021spectroscopic
2109.12231,konev2021phase
2109.12329,pandeya2021emergence
2109.12446,cho2021multi
2109.12476,wang2021unified
2109.12522,hagiwara2021superconducting
2109.12631,turkel2021twistons
2109.12794,hu2021spin
2109.12811,wang2021pressure
2109.12898,caputo2021abelian
2109.13019,mitrofanov2021orbital
2109.13130,chen2021designing
2109.13140,neuhaussteinmetz2021complex
2109.13181,yao2021half
2109.13207,gastiasoro2021theory
2109.13224,hu2021unconventional
2109.13229,baykusheva2021ultrafast
2109.13245,ghanbari2021going
2109.13276,day2021three
2109.13513,wang2021majorana
2109.13598,keenan2021determining
2109.13712,brei2021supercurrents
2109.13758,greco2021flux
2109.13944,oh2021evidence
2109.14031,du2021atomic
2109.14032,elmassalami2021quantum
2109.14033,du2021visualizing
2109.14092,conradson2021correlation
2109.14300,zhu2021high
2109.14426,ishida2021pairing
2109.14440,biborski2021correlation
2109.14505,tajima2021optical
2109.14585,gerasimenko2021spatially
2109.14590,dash2021heat
2109.14629,zhang2021topological
2109.14866,watanabe2021nonreciprocal
2109.14874,watanabe2021nonreciprocala
2109.14924,fasolo2021bimodal
2109.14973,malshukov2021interaction
2109.15071,latorre2021chip
2109.15202,nakata2021optomagnonic
2109.15213,pei2021pressure
2109.15227,chiu2021yu
2109.15307,ning2021enforced
2109.15312,yue2021pairing
2110.00105,rawal2021phonon
2110.00131,kim2021multiple
2110.00264,uchida2021ubiquitous
2110.00289,gan2021magneto
2110.00369,pugach2021superconducting
2110.00463,matsushita2021spin
2110.00564,qu2021spin
2110.00573,kubo2021effects
2110.00961,zaanen2021lectures
2110.01003,gidopoulos2021enhanced
2110.01067,diezmerida2021magnetic
2110.01090,singh2021high
2110.01136,xiong2021experimental
2110.01178,dogan2021high
2110.01305,lap2021characterization
2110.01586,hochberg2021new
2110.01642,kumar2021spin
2110.01713,rumann2021density
2110.01724,malekakhlagh2021optimization
2110.01819,ishihara2021tuning
2110.01870,khasanov2021three
2110.02025,krenkel2021possible
2110.02053,blair2021critical
2110.02087,mironov2021collective
2110.02238,wong2021shot
2110.02263,timberlake2021probing
2110.02275,maccari2021uniformly
2110.02464,chauhan2021anomalously
2110.02734,sanayei2021cooper
2110.02812,he2021robust
2110.02866,catelani2021ac
2110.02968,choi2021pairing
2110.03640,kang2021local
2110.03704,michael2021generalized
2110.03710,yu2021theory
2110.03867,song2021spatially
2111.06716,mishonov2021influence
2110.04288,nomura2021fermi
2110.04472,lu2021identifying
2110.04958,matano2021antiferromagnetic
2110.05143,fischer20214
2110.05212,li2021universal
2110.05235,matsuyama2021excitations
2110.05288,bespalov2021impurity
2110.05300,bespalov2021large
2110.05333,cataldo2021high
2110.05361,xiao2021dispersionless
2110.05373,wang2021nonlocal
2110.05452,philip2021bi
2110.05513,lozano2021testing
2110.05620,banerjee2021charge
2110.05652,yilmaz2021spectroscopic
2110.05677,llovo2021vortex
2110.05813,oike2021real
2110.05921,ramjan2021strong
2110.06175,philippe2021elasto
2110.06200,rosa2021single
2110.06266,zhou2021chern
2110.06415,guan2021honeycomb
2110.06417,ren2021oxygen
2110.06563,michon2021spectral
2110.06666,martinelli2021fractional
2110.06772,gabriele2021generalized
2110.06845,sun2021pairing
2110.06959,takasan2021supercurrent
2110.07230,szot2021filamentary
2110.07251,hen2021superconductor
2110.07335,ummarino2021superconductor
2110.07516,guo20210
2110.07568,hirsch2021clear
2110.07799,semenov2021new
2110.12854,hirsch2021ac
2110.07962,xu2021moire
2110.07963,hohenadler2021thermodynamic
2110.07969,xia2021kibble
2110.07976,rosenstein2021origin
2110.08114,setty2021superconducting
2110.08332,zhou2021topological
2110.08550,makarov2021enhanced
2110.08757,phat2021triplet
2110.08937,shen2021role
2110.09046,iakutkina2021charge
2110.09056,du2021superconductivity
2110.09064,yang2021evaluation
2110.09093,keren2021stiffness
2110.09335,dutta2021magnetic
2110.09379,bag2021negative
2110.09496,he2021bcs
2110.09530,kozii2021synergetic
2110.09552,bellitti2021incoherent
2110.09675,ishida2021superconductivity
2110.09691,sousa2021vacancy
2110.09715,liu2021quasi
2110.09782,shi2021new
2110.09809,costa2021ising
2110.09816,ptok2021dynamical
2110.09825,kuderowicz2021effect
2110.10039,liu2021universal
2110.10094,chen2021evolution
2110.10172,schrade2021nematic
2110.10226,whitt2021magnetic
2110.10339,lin2021effects
2110.10426,nakamura2021thickness
2110.10451,aoki2021unconventional
2110.10553,yu2021pressure
2110.10585,guarcello2021temperature
2110.10621,ramires2021nodal
2110.10758,schrodi2021selfconsistent
2110.10912,oey2021fermi
2110.11089,yang2021self
2110.11228,yang2021titanium
2110.11257,sanchez2021shaping
2110.11294,gonzalez2021ising
2110.11306,wu2021revealing
2110.11311,yang2021discovery
2110.11357,hu2021competing
2110.11452,yin2021structures
2110.11639,ying2021phase
2110.11701,tajima2021multi
2110.11734,sawle2021accessing
2110.12017,karcher2021online
2110.12303,chou2021acoustic
2110.12405,xia2021dynamical
2110.12445,lin2021pairing
2110.12495,luke2021pedagogical
2110.12651,liu2021doping
2110.12745,bogush2021topological
2110.12774,imajo2021emergent
2110.12913,tang2021antinodal
2110.12998,barth2021spin
2110.13035,fermin2021superconducting
2110.13138,setty2021microscopic
2110.13331,cheng2021spin
2110.13351,huang2021pseudospin
2110.13397,xue2021evidence
2110.13580,bernardini2021geometric
2110.13881,pavesic2021qubit
2110.13899,peacock2021quantum
2110.13983,nothhelfer2021steering
2110.13991,lee2021generic
2110.14016,patel2021infrared
2110.14073,lin2021pair
2110.14268,sayyad2021nematicity
2110.14281,li2021superconducting
2110.14447,mi2021relevance
2110.14463,huh2021cu
2110.14624,kreisel2021spin
2110.14663,herzogarbeitman2021superfluid
2110.14785,harrison2021magic
2111.04451,li2021induced
2110.14915,zhou2021antiferromagnetism
2110.14987,aulestia2021pressure
2110.15201,towsif2021analysis
2110.15224,xie2021fragile
2110.15577,iida2021approaching
2110.15631,cuono2021double
2110.15752,bauriedl2021supercurrent
2111.00257,gupta2021distinguishing
2111.00525,bounoua2021hidden
2111.00541,lahiri2021defect
2111.00727,zhou2021anomalous
2111.00807,torma2021superfluidity
2111.00817,verma2021non
2111.01006,santavicca202150
2111.01061,maiani2021vortex
2111.01115,krause2021magnetic
2111.01174,wolf2021topological
2111.01178,lai2021quality
2111.01242,halterman2021supercurrent
2111.01247,gui2021lair3ga2
2111.01296,botana2021low
2111.01360,cai2021evidence
2111.01381,sato2021quasiparticle
2111.01410,ding2021nonadiabatic
2111.01497,konschelle2021gradient
2111.01499,dutta2021ferromagnetic
2111.01512,giachero2021detector
2111.01610,moskvin2021model
2111.01653,moskvin2021phase
2111.01695,salimian2021gate
2111.01741,kogan2021dissipation
2111.01991,xiao2021pressure
2111.02032,sharma2021anomalous
2111.02060,yue2021insulator
2111.02214,sedlmayr2021instability
2111.02228,talantsev2021universal
2111.02431,gaggioli2021creep
2111.02433,xu2021three
2111.02473,ortuzar2021yu
2111.02511,hepting2021soft
2111.02765,karchev2021sequence
2111.02882,cao2021pressure
2111.02909,romeo2021cooper
2111.03138,edelman2021normal
2111.03145,thalmeier2021surface
2111.03233,yao2021giant
2111.03276,liao2021enhanced
2111.03321,mahyaeh2021superconducting
2111.03409,livreri2021microwave
2111.03589,oliviero2021evidence
2111.03593,khlebnikov2021entanglement
2111.03623,silaev2021multiple
2111.03697,hilleke2021tuning
2111.03752,kobayashi2021bogoliubov
2111.03786,liu2021tunable
2111.03804,yanase2021topological
2111.03880,oshima2021flat
2111.04422,hao2021pseudogap
2111.04544,kuplevakhsky2021time
2111.04623,marino2021stripes
2111.04749,thupakula2021coherent
2111.05088,gao2021ultrahigh
2111.05135,magierski2021pairing
2111.05235,cao2021quantum
2111.05340,zinkl2021symmetry
2111.05389,song2021critical
2111.05492,bhattacharyya2021sr
2111.05533,peng2021doping
2111.05627,yun2021magnetic
2111.05650,zhang2021spontaneous
2111.05707,lu2021directly
2111.05909,pasnoori2021rise
2111.06010,su2021nbresi
2111.06081,qiao2021gate
2111.06097,araki2021current
2111.06128,yang2021optical
2111.06228,jerzembeck2021superconductivity
2111.06416,banys2021millimetre
2111.06422,wen2021enhanced
2111.06681,baidya2021transition
2111.06834,fareed20213d
2111.07023,santossanchez2021strain
2111.07077,yoshida2021discriminant
2111.07124,alpern2021unconventional
2111.07206,averin2021gap
2111.07247,p2021superconductivity
2111.07252,scammell2021intrinsic
2111.07287,lu2021comprehensive
2111.07521,jost2021quantum
2111.07604,yue2021superconductivity
2111.07696,calzona2021spin
2111.11172,campi2021functional
2111.08639,nissinen2021anomalous
2111.08731,hecker2021phonon
2111.08735,battista2021revealing
2111.08740,musser2021interpreting
2111.08929,huang2021chiral
2111.08931,biderang2021proximity
2111.08964,kasahara2021quasiparticle
2111.09101,jin2021matrix
2111.09239,mayoh2021anisotropic
2111.09333,halasz2021fractional
2111.09342,consiglio2021van
2111.09604,menard2021emission
2111.09767,mazza2021searching
2111.09825,reiss2021correlation
2111.09906,gnezdilov2021solvable
2111.10018,zhang2021superconductivity
2111.10045,iyo2021antiperovskite
2111.10215,guo2021nanoscale
2111.10410,guan2021unconventional
2111.10440,seja2021thermopower
2111.10797,jeon2021electron
2111.10888,mandal2021theoretical
2111.11013,leung2021evidence
2111.11048,jiang2021magnetic
2111.11122,kuzmicheva2021electron
2111.11255,he2021characterization
2111.11319,wang2021superconductivity
2111.11452,lindquist2021evolution
2111.11456,campbell2021evidence
2111.11512,ichibha2021candidate
2111.11590,harrelson2021elucidating
2111.11662,ju2021emergence
2111.11670,ramjan2021enhancement
2111.11684,sheridan2021microscopic
2111.11724,ruan2021superconductivity
2111.11731,liu2021non
2111.11888,tidey2021structural
2111.11909,pei2021pressurea
2111.11934,bjergfelt2021superconductivity
2111.12268,hung2021localization
2111.12318,kamatani2021optical
2111.12344,livanas2021platform
2111.12357,grigorishin2021collective
2111.12359,pan2021braiding
2111.12391,nakahira2021improvement
2111.12452,ma2021group
2111.12659,nashaat2021bifurcation
2111.12697,worm2021correlations
2111.12808,kuzmicheva2021superconducting
2111.12842,koizumi2021superconductivity
2111.12910,bartolo2021microscopic
2111.13012,toyama2021two
2111.13080,guzman2021accessing
2111.13159,guo2021formation
2111.13288,nagai2021intrinsic
2111.13345,eto2021stable
2111.13431,budinska2021rising
2111.13506,beck2021effects
2111.13668,ortiz2021magnetic
2111.13710,masuki2021absence
2111.13718,yang2021enhanced
2111.13867,tresca2021mercury
2111.13983,baumgartner2021effect
2111.14367,zhang2021lifshitz
2111.14425,howlader2021andreev
2111.14525,bera2021superconductivity
2111.14597,sheng2021multipole
2111.14686,okugawa2021vortex
2111.14702,wildermuth2021fluxons
2111.14732,fistul2021quantum
2111.14739,labollita2021correlated
2111.14904,nicoletti2021coherent
2111.14926,mahmood2021effect
2111.15017,dias2021standard
2111.15051,smith2021lower
2111.15260,livanas2021majorana
2111.15488,li2021high
2111.15673,szabo2021competing
2112.00034,samokhvalov2021electron
2112.00303,wang2021efficient
2112.00383,liu2021orbital
2112.00433,ali2021demonstration
2112.00487,lu2021doping
2112.00614,pisani2021spatial
2112.00644,zhao2021superconductivity
2112.00705,west2021wafer
2112.00742,demarco2021topological
2112.00757,marra2021majorana
2112.00761,zhu2021sublattice
2112.00886,aguirre2021vortex
2112.00990,ma2021large
2112.01009,takagi2021odd
2112.01179,aguirre2021vortexa
2112.01286,garaud2021effective
2112.01569,wang2021observation
2112.01677,xie2021microscopic
2112.01876,xu2021quantum
2112.01936,wesdorp2021dynamical
2112.01954,li2021lap2
2112.02131,lucrezi2021silico
2112.02239,sanchez2021quantitative
2112.02388,motla2021superconducting
2112.02484,rossi2021broken
2112.02551,tada2021revisiting
2112.02709,chen2021abnormal
2112.02964,fan2021homointerface
2112.03278,han2021pair
2112.03320,kotetes2021diagnosing
2112.03341,krieger2021charge
2112.03342,pekerten2021anisotropic
2112.03457,zhang2021wafer
2112.03490,phan2021effect
2112.03550,song2021tensor
2112.03584,you2021pokemon
2112.03642,rubel2021comprehensive
2112.03812,faundez2021electronic
2112.03950,crepel2021unconventional
2112.03956,ovchenkov2021crossover
2112.04078,tan2021renormalization
2112.04317,sevik2021high
2112.04320,hovhannisyan2021accurate
2112.04397,zhu2021phase
2112.04440,tam2021chargea
2112.04528,jiang2021geometric
2112.04530,tamir2021direct
2112.04557,tranquada2021topological
2112.04675,lee2021twisted
2112.04676,boubeche2021enhanced
2112.04705,mccaughan2021thermally
2112.04782,wang2021oscillating
2112.05066,motamarri2021localization
2112.05192,aguirre2021chiriality
2112.05443,jonsson2021current
2112.05624,fatemi2021microwave
2112.05625,matutecanadas2021signatures
2112.05650,svetogorov2021quasiparticle
2112.05708,kuster2021non
2112.05769,meese2021random
2112.05772,dolgirev2021theory
2112.05853,ovcharenko2021nonlinear
2112.05880,reichhardt2021active
2112.05970,zhu2021muon
2112.06162,matsuyama2021excitationsa
2112.06273,pimenov2021quantum
2112.06303,khodaeva2021vortex
2112.06378,yamashita2021fabrication
2112.06461,kasem2021robustness
2112.06497,kornich2021signature
2112.06504,wei2021high
2112.06523,zhu2021fluctuating
2112.06565,li2021spectroscopic
2112.06576,smit2021momentum
2112.06765,chow2021infinite
2112.06766,lesser2021majorana
2112.06890,antonenko2021anderson
2112.06958,mohammadi2021designing
2112.06998,maier2021coupled
2112.07081,kibune2021observation
2112.07172,hovhannisyan2021lateral
2112.07276,sharma2021bulk
2112.07316,vano2021evidence
2112.07318,mockli2021unconventional
2112.07378,thuneberg2021comment
2112.07472,souto2021fusion
2112.07482,li2021phonon
2112.07733,bedow2021emergence
2112.07766,peatain2021effect
2112.07781,tsvelik2021order
2112.07813,wakamura2021novel
2112.07841,lin2021zero
2112.07866,hirai2021unusual
2112.07932,higashi2021round
2112.08149,awoga2021robust
2112.08190,qiu2021inhomogeneous
2112.08248,yang2021commensurate
2112.08278,wegner2021analytical
2112.08322,barbieri2021gorkov
2112.08928,lombo2021superconducting
2112.08436,pickett2021dawn
2112.08457,tolpygo2021mutual
2112.08646,zhang2021anomalous
2112.08667,cole2021plastic
2112.08732,ninomiya2021posttreatment
2112.08819,delft2021controlling
2112.08901,zhang2021general
2112.08983,zellekens2021microwave
2112.09115,scammell2021theory
2112.09149,yu2021quenched
2112.09187,boulanger2021thermal
2112.09270,zhang2021ascendance
2112.09421,simoni2021ultra
2112.09464,krasnov2021design
2112.09667,sonin2021reply
2112.09731,kavicky2021model
2112.09735,cui2021systematic
2112.09751,rischau2021isotope
2112.09785,miano2021frequency
2112.09862,wang2021future
2112.09936,zhao2021phase
2112.09980,figueiredo2021orbital
2112.10045,link2021p
2112.10090,villacortes2021superconductivity
2112.10188,orso2021pairs
2112.10240,nayak2021visualization
2112.10397,janis2021failure
2112.10595,avramovska2021temperature
2112.10687,yuan2021computational
2112.10758,been2021nature
2112.10760,park2021magic
2112.10840,chamorro2021anomalous
2112.10870,lu2021phase
2112.10907,stensberg2021observation
2112.10965,singh2021fermi
2112.11047,liu2021record
2112.11240,contreras2021quasi
2112.11261,hermansen2021inductive
2112.11285,pal2021josephson
2112.11469,linder2021quasiclassical
2112.11615,yan2021superconductivity
2112.11804,beck2021structural
2112.11951,fan2021tuning
2112.12123,puviani2021quench
2112.12146,poniatowski2021surface
2112.12267,butch2021symmetry
2112.12352,parzyck2021enhanced
2112.12396,zhang2021record
2112.12556,tian2021dyocl
2112.12613,mitchell2021nickelate
2112.12627,dey2021negative
2112.12634,talantsev2021thermodynamic
2112.12687,datta2021can
2112.12710,matsushita2021anomalous
2112.12775,alimenti2021impact
2112.12797,salamone2021curvature
2112.12825,okugawa2021anti
2112.12893,zhao2021revealing
2112.12902,meng2021protonation
2112.13201,haiwei2021temperature
2112.13231,furutani2021quantum
2112.13401,tian2021evidence
2112.13468,haga2021effect
2112.13688,cheng2021variational
2112.14027,huang2021two
2112.14068,talantsev2021method
2112.14167,mitsen2021cluster
2112.14348,ye2021photochemical
2112.14439,zhang2021superconductivitya
2112.14623,yi2021crossover
2112.14635,maccari2021transport
2112.14744,cai2021robustness
2112.14750,chen2021multiorbital
2112.15018,schlawin2021cavity
2112.15040,lin2021superconducting
2112.15288,mu2021tri
2201.00088,quiroga2022could
2201.00130,geng2022structural
2201.00273,kurilovich2022disorder
2201.00298,wang2022role
2201.00340,hameed2022electrochemically
2201.00465,begunovich2022band
2201.00831,davydova2022universal
2201.00905,dahir2022charge
2201.00990,ren2022two
2201.01152,maniv2022origin
2201.01206,gutowska2022electronic
2201.01220,held2022phase
2201.01317,poduval2022subgap
2201.01373,graziano2022selective
2201.01656,liu2022high
2201.01750,uldemolins2022quasiparticle
2201.01776,zheng2022nitrogen
2201.01775,zhai2022prediction
2201.01860,harshman2022superconducting
2201.02095,fernandes2022ironing
2201.02138,kotte2022orbital
2201.02156,fontenele20222d
2201.02294,zhu2022spin
2201.02512,fuchs2022anisotropic
2201.02561,yu2022nanoscale
2201.02643,scammell2022chiral
2201.02667,huang2022correlation
2201.02671,zack2022tuning
2201.02852,chen2022dynamical
2201.02918,legg2022metallization
2201.03031,guo2022biexciton
2201.03091,zyuzin2022anisotropic
2201.03259,vigliotti2022anomalous
2201.03300,motla2022boron
2201.03415,jezierski2022charge
2201.03453,banerjee2022signatures
2201.03613,goodge2022reconstructing
2201.03687,poschl2022nonlocal
2201.03994,gao2022fishtail
2201.04044,akramov2022soliton
2201.04081,crescini2022building
2201.04147,li2022elastocaloric
2201.04160,levy2022broadband
2201.04184,urazhdin2022effects
2201.04340,chen2022emergence
2201.04390,papari2022quantum
2201.04524,abdelmoneim2022locking
2201.04602,sankar2022josephson
2201.04635,curtis2022proximity
2201.04660,kow2022self
2201.04858,frison2022crystal
2201.05027,tseng2022crossover
2201.05045,zinkl2022sensitivity
2201.05114,vischi2022fundamental
2201.05137,eremets2022high
2201.05160,scheppe2022complete
2201.05211,xiao2022coexistence
2201.05335,cheng2022critical
2201.05444,mishra2022enhancement
2201.05495,katukuri2022ab
2201.05894,kurzhals2022electron
2201.05988,xu2022evolution
2201.06016,lee2022quantum
2201.06053,liu2022pressure
2201.06060,ominato2022ferromagnetic
2201.06075,manda2022time
2201.06228,degnan2022ternary
2201.06265,zeng2022spin
2201.06400,ni2022epitaxial
2201.06477,hu2022coexistence
2201.06583,kapustin2022piezo
2201.06660,leha2022phase
2201.06950,chen2022antiferromagnetic
2201.07023,zhang2022strongly
2201.07260,chang2022absence
2201.07297,gregory2022strain
2201.07382,attard2022bose
2201.07397,sumita2022supercurrent
2201.07403,zarea2022effects
2201.07455,tokunaga2022slow
2201.07578,ghosh2022dynamical
2201.07593,torsello2022nodal
2201.07635,pei2022pressure
2201.07641,fareed20223d
2201.07686,marel2022extended
2201.07697,guarcello2022frustration
2201.07731,grankin2022interplay
2201.07747,deyo2022dissipation
2201.07780,huang20223d
2201.07854,avramovska2022planar
2201.08090,hainzl2022boundary
2201.08108,yan2022ubiquitous
2201.08123,lechermann2022emergent
2201.08532,nishioka2022nuclear
2201.08573,majidi2022electrical
2201.08801,zhang2022anomalous
2201.08892,clegg2022computational
2201.08917,gingras2022frequency
2201.08918,gingras2022superconductivity
2201.09185,kang2022van
2201.09188,hong2022surface
2201.09260,polini2022materials
2201.09374,nguyen2022scalable
2201.09428,cho2022competition
2201.09500,errea2022superconducting
2201.09515,alcala2022high
2201.09779,gusenkova2022operating
2201.09800,mineev2022low
2201.09840,valenciaibanez2022raman
2201.09894,marino2022dynamical
2201.10038,chow2022pairing
2201.10088,bai2022effective
2201.10089,hao2022topological
2201.10178,yuan2022correlation
2201.10216,prando2022complex
2201.10352,ge2022charge
2201.10425,grigoras2022qubit
2201.10564,dutta2022generating
2201.10615,klebl2022moir
2201.10701,suzuki2022mott
2201.10719,zhou2022new
2201.10971,grimaudo2022josephson
2201.11180,arnault2022dynamical
2201.11421,repplinger2022dispersion
2201.11453,grebenchuk2022nonlocal
2201.11469,bernardini2022thin
2201.11514,seshadri2022josephson
2201.11614,barkman2022elevated
2201.11686,christiansson2022superconductivity
2201.11688,santos2022influence
2201.11702,rhodes2022fese
2201.11719,zhu2022spina
2201.11723,babkin2022broadened
2201.11883,dias2022reply
2201.11943,fowlie2022intrinsic
2201.12008,kreisel2022theory
2203.13198,chalkiadakis2022dynamical
2201.12486,chen2022angular
2201.12551,ash2022experimental
2201.12721,machida2022superconductivity
2201.12882,haase2022different
2201.12967,jiang2022characterizing
2201.12969,inan2022superconductor
2201.12971,harvey2022evidence
2201.12999,osborn2022asynchronous
2201.13032,ding2022stability
2201.13062,guan2022re
2201.13109,ranni2022local
2201.13213,akbari2022fermi
2201.13276,portoles2022tunable
2201.13336,yang2022emergence
2201.13363,salis2022disorder
2202.00077,wissmann2022absence
2202.00227,karn2022topological
2202.00460,liu2022proximity
2202.00485,wuttke2022ubiquitous
2202.00687,amoretti2022destroying
2202.00852,ruiz2022stabilization
2202.00906,ding2022diagnosis
2202.00991,ghosh2022time
2202.01051,vasylenko2022element
2202.01231,maymann2022interaction
2202.01320,cai2022superconductivity
2202.01435,pan2022engineering
2202.01452,ikhsanov2022software
2202.01520,chan2022controlling
2202.01583,udina2022thz
2202.01776,rieger2022gralmonium
2202.01791,rampp2022integer
2202.01902,kang2022charge
2202.02014,santos20222d
2202.02117,lapp2022majorana
2202.02121,germanese2022bipolar
2202.02159,ko2022non
2202.02227,lazarevic2022evolution
2202.02260,sauls2022theory
2202.02269,maccari2022effects
2202.02353,yu2022euler
2202.02589,noat2022cuprates
2202.02739,tay2022s
2202.02754,berger2022attempt
2202.02761,contreras2022two
2202.03171,jonas2022quantum
2202.03479,chen2022competing
2202.03608,cao2022electromagnetic
2202.03623,liu2022emergence
2202.03664,he2022superconductivity
2202.03686,wang2022possible
2202.04071,zeng2022negative
2202.03781,ali2022coexistence
2202.03873,tajima2022nonequilibrium
2202.03910,cameron2022singlet
2202.04227,kanhirathingal2022feedback
2202.04254,cornelius2022understanding
2202.04338,li2022electron
2202.04408,reiss2022relaxation
2202.04493,pei2022pressurea
2202.04784,jang2022characterization
2202.04797,jiang2022local
2202.04838,jiang2022electronic
2202.04846,mawatari2022anomalous
2202.05363,wang2022heavy
2202.05366,wang2022exact
2202.05450,ran2022evidence
2202.05462,ma2022disorder
2202.05561,shang2022spin
2202.05588,yi2022large
2202.05663,xie2022varphi
2202.05665,schuster2022flux
2202.05740,monacelli2022quantum
2202.05781,edelstein2022holographic
2202.05824,chatterjee2022bells
2202.05850,wietek2022fragmented
2202.05851,kelly2022resonant
2202.05968,ren2022tuning
2202.05970,nguyen2022electrostatic
2202.05974,erlandsson2022parity
2202.05842,berger2022case
2202.06011,sourie2022generalization
2202.06029,lingannan2022pressure
2202.06032,oike2022metal
2202.06107,makita2022nonlinear
2202.06244,xia2022pressure
2202.06309,baeva2022slow
2202.06310,baeva2022natural
2202.06329,talantsev2022new
2202.06378,sahu2022superconducting
2202.06998,perez2022influence
2202.07019,acuna2022sputtering
2202.07034,brehm2022slowing
2202.07044,zhuk2022effect
2202.07083,perez2022role
2202.07103,matsumoto2022high
2202.07639,pecak2022unconventional
2202.07640,shanenko2022suppression
2202.07658,manna2022inner
2202.07713,guguchia2022tunable
2202.07725,liu2022superconductivity
2202.07794,bagchi2022observability
2202.08039,rozhkov2022negative
2202.08049,yuan2022pressure
2202.08110,hu2022disorder
2202.08283,kalenkov2022phase
2202.08525,takahashi2022pressure
2202.08570,zhang2022emergence
2202.08597,cappelluti2022properties
2202.08729,splitthoff2022gate
2202.08790,tummuru2022twisted
2202.08845,huang2022fluctuating
2202.08878,avers2022effects
2202.08989,chiu2022enhanced
2202.09031,gheorghiu2022update
2202.09067,shimamura2022precise
2202.09098,hijano2022quasiparticle
2202.09227,majek2022hallmarks
2202.09281,tibaldi2022unsupervised
2202.09560,he2022additive
2202.09658,kataria2022superconductivity
2202.09775,cho2022non
2202.09965,urazhdin2022chiral
2202.10128,behnia2022dynamic
2202.10176,li2022twisted
2202.10230,mazur2022spin
2202.10237,saxena2022thermoelectric
2202.10327,abboud2022signatures
2202.10475,schiller2022superconductivity
2202.10490,louden2022effects
2202.10577,dong2022quantifying
2202.10664,sharma2022detailed
2202.10711,singh2022superconductivity
2202.10859,das2022unconventional
2202.11003,khosravian2022impurity
2202.11008,kogan2022kinks
2202.11135,kreisel2022superconducting
2202.11232,chavez2022chemical
2202.11310,foroozani2022dual
2202.11355,yu2022superconductive
2202.11521,kim2022monolayer
2202.11656,zhao2022nonlinear
2202.11657,mukasa2022enhanced
2202.11674,ishida2022pure
2202.11732,shaffer2022chiral
2202.11773,wei2022exploring
2203.08718,suslov2022fermi
2202.11876,itahashi2022giant
2202.11904,sui2022unusual
2202.11933,liu2022preferred
2202.12072,kedem2022superconducting
2202.12080,peng2022resonance
2202.12091,han2022nontrivial
2202.12178,ramires2022nonunitary
2202.12388,reichhardt2022kibble
2202.12462,kobayashi2022observation
2202.12516,abbas2022estimation
2202.12590,mihailovic2022maximum
2202.12667,onishi2022low
2202.12754,bargerbos2022singlet
2202.12952,noat2022superconductivity
2202.13397,cuenca2022superconducting
2202.13435,liu2022thermoelectricity
2202.13674,speight2022symmetries
2202.13811,cichy2022connection
2202.13858,zhang2022revealing
2202.13917,hassani2022superconducting
2203.00104,saldana2022entanglement
2203.00282,yao2022excitations
2203.00493,li2022superconductivity
2203.00505,soori2022tunable
2203.00542,kuchinskii2022hall
2203.00558,kamminga2022evolution
2203.00617,roe2022driven
2203.00678,nevola2022ultrafast
2203.00773,wang2022parametric
2203.00908,huang2022probing
2203.00989,topping2022c
2203.01058,lau2022universal
2203.01226,gneist2022competing
2203.01242,puviani2022quench
2203.01273,fanfarillo2022nematic
2203.01275,datta2022anisotropic
2203.01393,mougel2022role
2203.01405,ozbek2022superconducting
2203.01558,yang2022symmetry
2203.01617,schuberth2022nuclear
2203.01660,tanaka2022theory
2203.01702,xiao2022mathbf
2203.01705,campillo2022deviations
2203.01804,benfatto2022comment
2203.06984,yuan2022quantum
2203.02341,gilmutdinov2022interplay
2203.02448,kern2022reflection
2203.02451,chatzieleftheriou2022mott
2203.02580,lee2022character
2203.02598,attard2022attraction
2203.02879,lu2022tunable
2203.02934,cao2022two
2203.03082,chen2022ferroelectric
2203.03184,kitagawa2022two
2203.03337,kobiaka2022dynamical
2203.03499,miceli2022theory
2203.03510,speight2022magnetic
2203.03524,li2022tuning
2203.03793,liu2022charge
2203.03901,imajo2022persistence
2203.03909,roler2022nematic
2203.03948,paolucci2022inductive
2203.04104,coleman2022solvable
2203.04164,chavezgarcia2022weakly
2203.04217,imai2022revisiting
2203.04265,singer2022139
2203.04471,dai2022topological
2203.04534,kobayashi2022interface
2203.04599,zeng2022interplay
2203.04624,zajicek2022drastic
2203.04669,daptary2022enhancement
2203.04843,bulgac2022measures
2203.04867,berben2022compartmentalizing
2203.05000,mazin2022notes
2203.05001,tarkhov2022dynamics
2203.05035,ataei2022electrons
2203.05055,gupta2022two
2203.05171,tao2022multi
2203.05172,drouintouchette2022interplay
2203.05255,smirnov2022revealing
2203.05278,sigloch2022large
2203.05336,bobkova2022magnon
2203.05478,shi2022tighter
2203.05480,wu2022pair
2203.05530,fesquet2022perspectives
2203.05650,wan2022superconducting
2203.05669,dee2022enhancing
2203.05770,shan2022muon
2203.05817,boubeche2022superconducting
2203.05867,liu2022tunable
2203.05894,galambos2022crossed
2203.05895,lucci2022quantum
2203.05934,mier2022moir
2203.06036,karchev2022applied
2203.06140,hu2022orbital
2203.06192,crowley2022supercurrent
2203.06432,kim2022kondo
2203.06500,semenok2022effect
2203.06532,seja2022self
2203.06538,koizumi2022emergent
2203.06586,iaia2022phonon
2203.06655,mcguire2022electronic
2203.06769,wardh2022colossal
2203.06879,zang2022planckian
2203.06893,giwa2022superconductor
2203.06946,kaga2022eliashberg
2203.06971,liao2022little
2203.07010,kiyama2022upper
2203.07203,bertinjohannet2022microscopic
2203.07295,gonzalezraya2022open
2203.07365,yang2022intertwining
2203.07380,zhang2022bipolaronic
2203.07394,cao2022tunneling
2203.07432,wan2022nontrivial
2203.07445,bejanin2022fluctuation
2203.07453,talkington2022dissipation
2203.07551,kametani2022fe
2203.07575,lee2022electron
2203.07842,pandey2022static
2203.08186,xiao2022topological
2203.08250,wardh2022nematic
2203.08587,kaperek2022theory
2203.08598,fujibayashi2022superconducting
2203.08752,rybakov2022flux
2203.08872,kang2022discovery
2203.09060,luo2022chiral
2203.09083,qin2022functional
2203.09244,marychev2022peak
2203.10943,volovik2022quantum
2203.09386,chen2022charge
2203.09417,gallerati2022superconductors
2203.09593,guo2022switchable
2203.09660,sweetnam2022simulating
2203.09662,baek2022interplay
2203.09688,zhou2022experimental
2203.09951,machon2022experimental
2203.09987,wang2022uniaxial
2203.10564,shen2022white
2203.11133,huhtinen2022revisiting
2203.11388,caldas2022gorkov
2203.17244,li2022strategies
2203.11451,goto2022double
2203.11566,abbas2022lattice
2203.11583,nunchot2022fluctuation
2203.11922,subedi2022possible
2203.11984,maestro2022experimental
2203.12004,rosenberg2022topological
2203.12058,rodrigues2022parametrically
2203.12103,attard2022new
2203.12194,garaud2022topological
2203.12317,khasanov2022charge
2203.12716,correa2022growth
2203.12844,kitatani2022strongly
2203.12887,beliayev2022coalescence
2203.12934,kinjo2022drastic
2203.13003,putilov2022giant
2203.13232,talantsev2022electron
2203.13388,horn2022superscreen
2203.13646,mayer2022intrinsic
2203.14017,song2022ferromagnetic
2205.01518,campi2022nanoscale
2203.14083,wright2022growth
2203.14353,chen2022enhancement
2203.14421,grankin2022dark
2203.14433,kohno2022emergence
2203.14586,mraz2022nanocryotron
2203.15011,schmid2022quantum
2203.15057,li2022unidirectional
2203.15311,chaix2022bulk
2203.15432,lei2022complex
2203.15495,fauque2022mesoscopic
2203.15527,scheidegger2022scanning
2203.15608,karabassov2022hybrid
2203.15648,kawamura2022improved
2203.15669,qiu2022superconductivity
2203.15801,papaj2022current
2203.15944,sauls2022excitations
2203.15957,li2022pressure
2203.16208,tomioka2022superconductivity
2203.16235,zhu2022comparative
2203.16299,travaglino2022analytical
2203.16458,arushi2022time
2203.16698,sauls2022majorana
2203.16943,zhou2022pressure
2203.16986,cervasio2022optical
2203.17060,frolov2022we
2203.17108,basak2022shiba
2203.17151,fan2022asymmetric
2203.17186,mehta2022down
2203.17199,hudis2022quantum
2204.00151,alarco2022experimental
2204.00341,mielke2022local
2204.00389,golovchanskiy2022magnetic
2204.00407,kasem2022tuning
2204.00438,blinov2022interlayer
2204.00553,deng2022magnetic
2204.00568,patel2022high
2204.00648,klebl2022competition
2204.01195,kasai2022development
2204.01246,zhao2022angular
2204.01356,zhang2022dominant
2204.01423,sidorova2022phonon
2204.01554,chen2022inter
2204.01606,rammelmuller2022magnetic
2204.01921,song2022potential
2204.02158,arouca2022quantum
2204.02214,kornilovitch2022stable
2204.02248,villacortes2022first
2204.02304,simutis2022single
2204.02355,jiang2022confpred
2204.02430,poschl2022nonlocala
2204.02449,fischer2022superconductivity
2204.02880,rmer2022leading
2204.02888,khanukov2022mixed
2204.02996,zhang2022enhanced
2204.02994,hofmann2022superconductivity
2204.03023,puphal2022investigation
2204.03165,nocera2022root
2204.03175,hu2022topological
2204.03202,razmadze2022supercurrent
2204.03242,suzuki2022odd
2204.03347,chono2022two
2204.03464,barisic2022high
2204.03491,sahu2022novel
2204.03496,roig2022superconductivity
2204.03590,pascucci2022reliability
2204.03729,gapud2022martensitic
2204.03735,rodriguez2022editorial
2204.03833,liu2022no
2204.03928,onari2022diverse
2204.03937,stolyarov2022revealing
2204.03981,bekaert2022enhancing
2204.04073,gatlik2022impact
2204.04203,chaudhuri2022anomalous
2204.04249,bobrow2022monopole
2204.04365,shang2022evidence
2204.04402,shama2022unusual
2204.04463,su2022family
2204.04536,bondarenko2022electrical
2204.04593,li2022giant
2204.04623,bi2022efficient
2204.04649,zhao2022neutron
2204.04697,liu2022effect
2204.04863,yang2022superconductivity
2204.05029,jin2022interplay
2204.05078,mendonca2022near
2204.05179,wang2022emergent
2204.05190,blason2022local
2204.05242,benfenati2022demonstration
2204.05504,zhao2022mottness
2204.05619,haxell2022measurements
2204.05654,yang2022impurity
2204.05671,shankar2022simulating
2204.05686,kouchi2022enhanced
2204.05708,tsuppayakornaek2022dynamical
2204.05715,lucia2022multiplexable
2204.05719,tatan2022first
2204.05930,pickett2022room
2204.06163,shakeripour2022sub
2204.06467,bezuglyj2022vortex
2204.06567,ganesan2022analogue
2204.06565,dzero2022impurity
2204.06573,huang2022ground
2204.06599,restrepo2022coupled
2204.06888,akzyanov2022anomalous
2204.07244,shen2022dirac
2204.07260,severino2022vortices
2204.07400,piombo2022strength
2204.07477,semenov2022superconducting
2204.07522,pei2022caging
2204.07635,smylie2022full
2204.10284,kumar2022characterization
2204.07740,landaeta2022conventional
2204.07847,prozorov2022analysis
2204.07975,landaeta2022field
2204.07993,pan2022elastic
2204.08047,russomanno2022weak
2204.08050,huo2022synthesis
2204.08082,lane2022identifying
2204.08258,yang2022unusual
2204.08650,shi2022crossovers
2204.08658,li2022superconductivitya
2204.08712,babic2022silico
2204.08749,zhang2022unravelling
2204.08904,nagao2022investigation
2204.09094,mallik2022superfluid
2204.09103,liu2022antiferromagnetic
2204.09255,hage2022superconducting
2204.09503,ma2022magnetic
2204.09567,santana2022evidence
2204.09665,khan2022demonstration
2204.09807,gundogdu2022quantum
2204.09811,chou2022acoustic
2204.09923,wang2022transport
2204.10133,khabipov2022superconducting
2204.10500,ohtomo2022josephson
2204.10657,si2022signatures
2204.10665,aksenov2022manifestation
2204.10925,xu2022superconductivity
2204.11043,du2022room
2204.11178,luo2022engineering
2204.11204,gong2022nematic
2208.08363,vakhrushev2022modelling
2208.08412,sidorenko2022intrinsic
2204.11737,schirmer2022phase
2204.11818,gungordu2022majorana
2204.11880,chakraborty2022quasiparticle
2204.11928,kennes2022new
2204.11930,carvalho2022superconductivity
2208.08364,sidorenko2022functional
2204.12094,jin2022bulk
2204.12107,sharma2022comprehensive
2204.12118,miyake2022magnetovolume
2204.12163,peotta2022superconductivity
2204.12213,philippe2022nematic
2204.12229,julku2022light
2204.12252,nagpal2022evidence
2205.01534,kapran2022situ
2204.12342,chaudhury2022some
2204.12391,goedecke2022correlation
2204.12434,chen2022hot
2204.12579,lake2022pairing
2204.12606,chow2022pauli
2204.12610,zitko2022yu
2204.12887,suzuki2022quasiparticle
2204.12961,rosmus2022electronic
2204.12989,homann2022parametric
2204.13116,shaffer2022unconventional
2204.13264,sun2022evidence
2204.13473,zhigadlo2022spin
2204.13529,zeng2022universal
2204.13579,chapai2022superconducting
2204.13588,nakashima2022vortex
2204.13623,javed2022fractional
2204.13633,koliofoti2022compact
2204.13720,vaezi2022nonadiabatic
2204.13927,nulens2022metastable
2204.14083,fukaya2022anomalous
2205.00060,choudhary2022designing
2205.00116,liu2022single
2205.00157,acharyya2022edge
2205.00239,kitatani2022textit
2205.00437,puig2022anisotropic
2205.00899,heumen2022strange
2205.01111,ouassou2022complete
2205.01410,chirolli2022swap
2205.01702,li2022strongly
2205.01719,tin2022observation
2205.01843,fan2022direct
2205.01844,yu2022percolative
2205.02198,choudhury2022thermal
2205.02280,tazai2022rigorous
2205.02554,saha2022mapping
2205.02806,li2022proximity
2205.02812,llovo2022precursor
2205.02878,emin2022polarons
2205.03002,li2022disorder
2205.03217,carrad2022photon
2205.10352,marsiglio2022impact
2205.03458,wang2022singlet
2205.03528,deng2022titanium
2205.03575,lei2022phases
2205.03603,zlotnikov2022majorana
2205.03632,zegrodnik2022interplay
2205.03682,wakamatsu2022reduced
2205.03795,huynh2022density
2205.03941,rehammar2022low
2205.03964,yang2022site
2205.04030,michon2022reconciling
2205.04045,sun2022ground
2205.04057,tanaka2022manipulation
2205.04394,eto2022coleman
2205.04441,chislettmcdonald2022training
2205.04458,klein2022electrical
2205.04469,souto2022josephson
2205.04524,rosuel2022field
2205.04588,girod2022thermodynamic
2205.04902,nakayama2022carrier
2205.04907,kato2022fermiology
2205.04975,jihoon2022study
2205.04991,jihyun2022synthesis
2205.05087,zhang2022spin
2205.05225,polski2022hierarchy
2205.05233,grissonnanche2022no
2205.05491,piatti2022reversible
2205.05906,ghaffar2022high
2205.06056,marchegiani2022quasiparticles
2205.06171,mazanik2022peculiarities
2205.06189,pascucci2022josephson
2205.06276,chakraborty2022interplay
2205.06286,dong2022mechanism
2205.06317,oey2022tuning
2205.06442,yuzbashyan2022migdal
2205.06500,mariappan2022superconducting
2205.06524,watanabe2022quantum
2205.06542,endres2022transparent
2205.06610,bashlakov2022electron
2205.06626,malavi2022pressure
2205.06816,samajdar2022moir
2205.06826,collado2022engineering
2205.07007,pavlov2022anomalous
2205.07067,diamantini2022planar
2205.07094,martinvega2022superconducting
2205.07235,nakagawa2022exact
2205.07247,chen2022stochastic
2205.07389,wu2022superfluid
2205.07397,biderang2022topological
2205.07465,nica2022multiple
2205.07489,shi2022dynamic
2205.07506,sugeta2022enhanced
2205.07665,koizumi2022schroedinger
2205.07679,motoki2022development
2205.07718,botzel2022feedback
2205.07785,kornich2022andreev
2205.07928,celi2022oscillating
2205.07934,karki2022local
2205.07955,meninno2022absence
2205.08259,gao2022proposal
2205.08563,yerzhakov2022majorana
2205.08727,tani20224
2205.08732,zhang2022higgs
2205.08828,zervou2022fate
2205.09001,seja2022finite
2205.09207,thalmeier2022dynamical
2205.09276,hou2022ubiquitous
2205.09358,layek2022possible
2205.09419,banerjee2022local
2205.09582,reiss2022superconductor
2205.09609,bhattacharyya2022nodeless
2205.09740,tromp2022puddle
2205.09767,lieu2022candidate
2205.09798,malavi2022high
2205.09915,ghosh2022non
2205.09975,herrera2022band
2205.10002,nitsch2022interference
2205.10062,beck2022effect
2205.10069,valkov2022topological
2205.10073,beck2022systematic
2205.10346,ge2022single
2205.10903,wu2022odd
2205.11000,watanabe2022another
2205.11037,sharma2022probing
2205.11123,patra2022universal
2205.11462,gao2022discovery
2205.11569,hilleke2022rational
2205.11818,shen2022coexistence
2205.11848,moriya2022intrinsic
2205.11950,karnaukhov2022mott
2205.11959,gavrichkov2022magnetic
2205.11975,tyagi2022electron
2205.12196,golod2022demonstration
2206.02533,ayani2022switchable
2205.12347,fan2022exploring
2205.13353,dong2022spin
2205.12444,legros2022evolution
2205.12483,zwartsenberg2022constraints
2205.12547,gneist2022functional
2205.12687,mitsen2022local
2205.12837,hovhannisyan2022holographic
2205.12864,wang2022impact
2205.12939,legg2022superconducting
2205.12951,piatti2022superconductivity
2205.12987,haugen2022zero
2205.13177,tanaka2022theorya
2205.13397,peng2022wire
2205.13529,hazra2022triplet
2205.13663,hong2022elastoresistivity
2205.13918,shibata2022strain
2205.13929,brookes2022protection
2205.13951,yerin2022topological
2205.14075,virtanen2022nonlinear
2205.14113,bray2022monte
2205.14227,reichhardt2022dynamic
2205.14242,contreras2022tight
2205.14373,du2022superconducting
2205.14422,acharya2022vertex
2205.14445,tanaka2022nonlinear
2205.14490,navez2022quantum
2205.14580,watanabe2022fluctuation
2205.14773,lebed2022chiral
2205.14791,li2022suppression
2205.14800,nagai2022sparse
2205.14930,zeng2022pure
2205.14993,ruiz2022josephson
2205.15000,holmvall2022superconga
2205.15002,wan2022predicted
2205.15004,wan2022as
2205.15010,tyagi2022fledgling
2205.15355,wang2022rare
2205.15690,banerjee2022control
2205.15766,tokuda2022higher
2205.15789,thebault2022anisotropic
2205.15995,cuozzo2022leggett
2206.00081,cayao2022phase
2206.00143,aoyama2022little
2206.00281,pal2022charge
2206.00483,narita2022field
2206.00584,cho2022possible
2206.00715,ahmad2022hybrid
2206.01063,urazhdin2022electronic
2206.01110,ohyama2022generalized
2206.01119,chen2022superconducting
2206.01213,lu2022correlated
2206.01283,yusupov2022manakov
2206.01301,ozdemir2022comment
2206.01304,hu2022engineering
2206.01348,ozdemir2022effect
2206.01363,aoki2022first
2206.01593,yuzbashyan2022breakdown
2206.01783,pimenov2022odd
2206.02251,liu2022defect
2206.02315,kato2022three
2206.02364,xiao2022enhancement
2206.02444,kinjo2022change
2206.02484,liu2022predicted
2206.02489,ono2022classification
2206.02513,geng2022analytical
2206.02515,kataria2022superconducting
2206.02580,roppongi2022bulk
2206.02698,maccari2022prediction
2206.03335,gentile2022spin
2206.03384,guo2022hall
2206.03405,liu2022observation
2206.03486,peng2022enhanced
2206.03705,kriener2022enhancement
2206.03850,wang2022spin
2206.03910,chen2022identification
2206.04065,mays2022tunable
2206.04080,davis2022phonon
2206.04146,ly2022stability
2206.04288,nogaki2022even
2206.04309,xu2022proximity
2206.04322,parafilo2022photogalvanic
2206.04474,yerin2022magneto
2206.04512,li2022ordered
2206.04704,herreravasco2022quantum
2206.04735,gali2022role
2206.04830,klausen2022electron
2206.04862,su2022unique
2206.04876,choi2022correlated
2206.05326,quan2022onsager
2206.05342,chavez2022boson
2206.05347,seidov2022quantum
2206.05599,zhou2022non
2206.05635,cheng2022la
2206.05680,saitou2022absence
2206.05686,li2022novel
2206.05757,fan2022ubiquitous
2206.05770,nikolic2022interference
2206.06085,prasad2022finite
2206.06310,chen2022delicate
2206.06338,chen2022quantum
2206.06503,sun2022electron
2206.06508,schonemann2022sudden
2206.06521,chatterjee2022ultra
2206.06621,sun2022exchange
2206.06645,horhold2022two
2206.06695,arx2022fate
2206.06781,yang2022anomalous
2206.06816,fermin2022mesoscopic
2206.06884,zeng2022influence
2206.06893,ambika2022possible
2206.06985,slobodchikov2022spin
2206.07014,soori2022nonequilibrium
2206.07046,kheirkhah2022corner
2206.07121,radkevich2022nonlinear
2206.07216,goss2022high
2206.07439,belli2022impact
2206.07539,sharma2022superconductivity
2206.07574,gallerati2022interaction
2206.07575,yuzbashyan2022superconductivity
2206.07730,persky2022magnetic
2206.07752,datta2022enigma
2206.07812,jiang2022pairing
2206.07911,bernardo2022nodal
2206.07914,attard2022fountain
2206.08045,dvir2022realization
2206.08163,marchiori2022magnetic
2206.08471,gupta2022gate
2206.08562,gheorghiu2022magnetism
2206.08695,vasenin2022time
2206.08866,huang2022thermal
2206.09162,tetling2022linear
2206.10600,khomchenko2022voltage
2206.09598,kuderowicz2022pressure
2206.09718,vargasllanos20223d
2206.09850,wan2022metallization
2206.09922,chou2022enhanced
2206.10072,dasenbrockgammon2022second
2206.10094,chen2022magnetism
2206.10215,kaur2022novel
2206.10361,ojha2022flux
2206.10512,thomas2022effects
2206.10651,chan2022designer
2206.10859,mizuguchi2022anomalous
2206.10940,zhao2022improved
2206.11028,geisler2022oxygen
2206.11213,forrester2022topologically
2206.11452,jujo2022surface
2206.11665,achari2022alternating
2206.11690,hansen2022superconductivity
2206.11712,zhao2022continuously
2206.11754,chepiga2022eight
2206.11757,taddei2022gapless
2206.11945,li2022modulation
2206.12122,wang2022enhanced
2206.12203,koshinuma2022high
2206.12226,karcher2022generalized
2206.12462,kogan2022critical
2206.12599,tajima2022role
2206.12823,trugenberger2022oblique
2207.02123,pan2022sport
2206.13484,li2022quantum
2206.13519,gannot2022quantum
2206.13526,stanescu2022proximity
2206.13537,lesser2022one
2206.13584,ren2022twoa
2206.13682,kitamura2022quantum
2206.13987,dordevic2022superuid
2206.14083,hepting2022gapped
2206.14108,minkov2022trapped
2206.14499,wahlberg2022doping
2206.14828,marra2022majorana
2206.14937,cadorim2022vortical
2206.14994,kim2022spin
2206.15196,chatterjee2022tailoring
2206.15324,arouca2022topological
2206.15346,ikeda2022quasi
2207.00145,shang2022fully
2207.00266,shen2022comparative
2207.00339,simoni2022ultra
2207.00483,fiore2022contribution
2207.00617,trivini2022pair
2207.00628,song2022valence
2207.00676,walsh2022prediction
2207.00783,li2022real
2207.00791,mironov2022relaxation
2207.00829,bonetti2022su
2207.01161,blas2022majorana
2207.01191,cavanagh2022pair
2207.01226,zhu2022important
2207.01243,rashid2022thermal
2207.01423,maiellaro2022edge
2207.01515,benjamin2022probing
2207.01541,hirsch2022evidence
2207.01669,bonamassa2022interdependent
2207.01774,ding2022hyperbolic
2207.01825,langmann2022obstructions
2207.01904,li2022two
2207.01953,marinsuarez2022suppression
2207.02075,roter2022clustering
2207.02203,manna2022noncrystalline
2207.02240,lyu2022phonons
2207.02294,meingast2022charge
2207.02407,zhong2022testing
2207.02408,pimenov2022twists
2207.02462,frachet2022elastoresistivity
2207.02503,wang2022reply
2207.02579,sharma2022sn2pd
2207.02806,gao2022moir
2207.03011,haenel2022incoherent
2207.03141,tsutsui2022exciton
2207.03161,yao2022electronic
2207.03260,scammell2022dynamical
2207.03289,song2022phonon
2207.03326,akagami2022possible
2207.03633,sundaresh2022diamagnetic
2207.03907,banerjee2022anomalous
2207.03918,wang2022synthesis
2207.04094,suzuki2022destruction
2207.04205,iwano2022superconductivity
2207.04388,kang2022impacts
2207.04405,vinograd2022competition
2207.04414,machida2022violation
2207.04504,pathak2022majorana
2207.04541,arpaia2022engineering
2207.04619,shukla2022quantifying
2207.04714,how2022criterion
2207.04960,graham2022quantum
2207.05012,lomakin2022evidence
2207.05238,wang2022origin
2207.05313,liu2022quantum
2207.05343,johnson2022phase
2207.05400,tamura2022generation
2207.05534,kouwenhoven2022resolving
2207.05593,cataldo2022metal
2207.05741,karnatak2022origin
2207.05782,ackermann2022dynamical
2207.05786,pal2022yu
2207.05958,luo2022quantum
2207.06059,wlazowski2022dissipation
2207.06099,chandrasekaran2022practical
2207.06152,ortegataberner2022anomalous
2207.06457,adhikari2022effect
2207.06480,tabatabaei2022nonlocal
2207.06629,qin2022k
2207.06747,kasem2022superconductivity
2207.06751,golovchanskiy2022magnetization
2207.06933,moehle2022controlling
2207.06942,zhang2022angle
2207.07131,chakraborty2022controlling
2207.07191,souliou2022soft
2207.07266,nakamura2022anisotropic
2207.07424,kuspert2022pseudogap
2207.07637,troyan2022high
2207.07962,yan2022conservation
2207.08062,inan2022interaction
2207.08809,inan2022new
2207.08068,tazai2022charge
2207.08131,gaur2022singularities
2207.08243,moroder2022stable
2207.08261,helm2022field
2207.08442,he2022pressure
2207.08493,korshunov2022direct
2207.08528,bekaert2022ginzburg
2207.08589,chen2022insulator
2207.08594,andriyakhina2022multifractally
2207.08772,turini2022josephson
2207.08876,bobkova2022magnetoelectric
2207.08908,bernazzani2022bipolar
2207.09017,miao2022majorana
2207.09149,roussetzenou2022hidden
2207.09381,crescini2022evidence
2207.09443,li2022topological
2207.09491,aishwarya2022magnetic
2207.09494,lewandowski2022andreev
2207.09841,marten2022transient
2207.10103,marra2022braiding
2207.10113,hu2022dislocation
2207.10134,wang2022high
2207.10166,mezidi2022spin
2207.10595,germanese2022phase
2207.10608,kautzsch2022incommensurate
2207.10687,tang2022vortex
2207.10847,wen2022unconventional
2207.10863,kotmool2022strong
2207.10932,mao2022magnetotransport
2207.10981,gu2022frustrated
2207.11064,patra2022two
2207.11180,wang2022higher
2207.11281,kolar2022andersons
2207.11298,shen2022precursor
2207.11323,chen2022multiband
2207.11468,wu2022paira
2207.11555,yao2022determinant
2207.11616,joshi2022quasiparticle
2207.11794,saraiva2022robust
2207.11829,prozorov2022niobium
2207.11845,kitagawa2022superconductivity
2207.11928,mondal2022topological
2207.12031,an2022topological
2207.12060,hauler2022scaling
2207.12275,yue2022superconductivity
2207.12307,chudnovskiy2022superconductor
2207.12361,reinhoffer2022high
2207.12410,zaarour2022flat
2207.12414,gindikin2022electron
2207.12425,ghazaryan2022anomalous
2207.12443,zhang2022superconducting
2207.12495,lee2022stress
2207.12516,harlechjones2022local
2207.12595,hirayama2022ab
2207.12811,abaloszewa2022thermomagnetic
2207.12820,christensen2022loop
2207.13125,ryan2022characterization
2207.13194,simutis2022situ
2207.13201,silaev2022anderson
2207.13221,smylie2022multimodal
2207.13257,raut2022comparative
2207.13272,cai2022breakdown
2207.13293,gu2022cobalt
2207.13633,li2022electronic
2207.13725,sundar2022ubiquitous
2207.13889,wei2022identifying
2207.14022,baranski2022quench
2207.14038,kitatani2022optimizing
2207.14050,rana2022spin
2207.14092,matanin2022highly
2207.14236,ueki2022frequency
2207.14359,zinni2022low
2207.14395,tanatar2022anisotropic
2207.14416,lou2022suppression
2207.14596,lizee2022local
2207.14661,livanas2022controllable
2207.14697,long2022flipping
2207.14773,mishra2022anisotropic
2208.00190,reiss2022superconductora
2208.00243,zhuang20222d
2208.00317,joshi2022strong
2208.00642,lin2022direct
2208.00718,occhialini2022strain
2208.00854,kopelevich2022global
2208.00933,kim2022eavesdropping
2208.00936,mishonov2022hot
2208.00938,mishonov2022possible
2208.01499,jiang2022observation
2208.01570,lisenfeld2022enhancing
2208.01577,zhao2022computational
2208.01652,zhang2022bulk
2208.01774,chen2022when
2208.01803,sanno2022engineering
2208.01831,lin2022phase
2208.02013,schuster2022simulation
2208.02078,jiang2022field
2208.02155,khansili2022element
2208.02285,chen2022pair
2208.02392,ruan2022strong
2208.02456,bao2022spin
2208.02739,mazza2022dissipative
2208.02790,anthonypetersen2022stress
2208.02830,he2022superconductivitya
2208.03021,liao2022family
2208.03047,kumar2022phase
2208.03507,hua2022tunable
2208.03628,wang2022full
2208.03640,zong2022robust
2208.03654,guo2022stability
2208.03709,han2022understanding
2208.03714,maniv2022field
2208.03762,resare2022few
2208.03919,cheng2022interfacial
2208.03962,bobkov2022n
2208.03995,luo2022spontaneous
2208.04338,salamone2022high
2208.04407,shaginyan2022comment
2208.04474,jin2022charge
2208.04544,iyo2022hidden
2208.04562,jiang2022stabilization
2208.04584,calignano2022derivation
2208.04677,mizushima2022odd
2208.04834,balestra2022discovery
2208.04864,gomes2022topological
2208.05044,merino2022two
2208.05154,jong2022controllable
2208.05191,chen2022synthesis
2208.05199,huang2022synthesis
2208.05372,cayao2022bulk
2208.05493,li2022superconductivityb
2208.05614,gao2022magnetic
2208.05674,charaev2022single
2208.05712,liu2022superconductivitya
2208.05749,ghosh2022timea
2208.05811,shaikhaidarov2022quantized
2208.05816,zhang2022superconductivity
2208.05832,jung2022strong
2208.05948,hartke2022direct
2208.05979,sukhachov2022andreev
2208.05985,xu2022quantum
2208.06108,pan2022majorana
2208.06657,kokkeler2022spin
2208.06669,gibbons2022superconducting
2208.06706,cameron2022probing
2208.07019,mao2022magneto
2208.07036,yang2022functional
2208.07071,kaczmarek2022superconducting
2208.07079,drzazgaszczesniak2022critical
2208.07139,talantsev2022compliance
2208.07320,zabalo2022nonlocality
2208.07512,monroe2022tunable
2208.07888,fyhn2022quasiclassical
2208.07964,huang2022mechanisms
2208.08115,machida2022zeeman
2208.08180,garaud2022counterpart
2208.08336,basak2022majorana
2208.08375,lane2022competing
2208.08427,soori2022anomalous
2208.08428,amet2022phase
2208.08463,langmann2022x
2208.08575,basak2022termination
2208.08634,li2022prevailing
2208.09084,horn2022local
2208.09114,greensite2022quantum
2208.09144,wang2022wiedemann
2208.09314,bargerbos2022spectroscopy
2208.09409,qin2022spin
2208.09429,peng2022superconductivity
2208.09475,maksimovic2022strongly
2208.09523,koch2022role
2208.09609,yu2022topological
2208.09804,zhou2022electronic
2208.09831,fauque2022electronic
2208.10094,pitavidal2022direct
2208.10101,borghesi2022progress
2208.10225,zhang2022topological
2208.10517,mohammadi2022phase
2208.10519,zhang2022crossover
2208.10645,wang2022absence
2208.10678,sitaraman2022theory
2208.10856,fominov2022asymmetric
2208.11085,si2022topotactic
2208.11142,eugenio2022twisted
2208.11198,wesdorp2022microwave
2208.11227,biswas2022thermal
2208.11320,khasanov2022perspective
2208.11421,yamase2022plasmarons
2208.11541,keliri2022driven
2208.11880,abbas2022estimationa
2208.11971,morawetz2022extended
2208.12018,bazarnik2022antiferromagnetism
2208.12039,islam2022unconventional
2208.12200,zhang2022incommensurate
2208.12202,kezerashvili2022superfluidity
2208.14981,tian2022supercooling
2208.12379,cooley2022challenges
2208.12384,kubota2022pure
2208.12855,kafle2022ab
2208.13038,barash2022boundary
2208.13248,medema2022influence
2208.13339,navarathna2022passive
2208.13379,katti2022hot
2208.13521,rmer2022superconductivity
2208.13577,gierlowski2022london
2208.13678,sevik2022superconductivity
2208.13711,mohajeri2022frequency
2208.13798,almoalem2022evidence
2208.13888,zhang2022superconductivitya
2208.13918,arpaia2022signature
2208.14025,yao2022superconducting
2208.14041,basak2022chiral
2208.14107,yokota2022functional
2208.14289,rumann2022proximity
2208.14442,silber2022chiral
2208.14454,gao2022axion
2208.14474,you2022signatures
2208.14556,foyevtsova2022distinct
2208.14663,shan2022cecu
2209.00007,herzogarbeitman2022many
2209.00022,wu2022nodal
2209.00298,higuchi2022theoretical
2209.00300,curtis2022uniaxial
2209.00452,yoshida2022vortex
2209.00539,kontani2022unconventional
2209.00600,simonato2022revised
2209.00758,lin2022real
2209.00816,yuan2022critical
2209.00833,huang2022quantum
2209.00910,souto2022multiterminal
2209.01089,mi2022multiband
2209.01294,broyles2022effect
2209.01324,kemp2022hall
2209.01342,srivastava2022elusive
2209.01361,griffitt2022local
2209.01626,das2022spin
2209.01633,katsumi2022near
2209.01903,wan2022superconductivity
2209.01905,mizuguchi2022glassy
2209.01973,marini2022competition
2209.02053,rahaman2022surface
2209.02094,baldo2022zero
2209.02117,romerosalazar2022numerical
2209.02351,wu2022crossover
2209.02688,elmslie2022pressure
2209.02721,vethaak2022silicide
2209.02733,klein2022theory
2209.02794,tsirlin2022effect
2209.03187,das2022time
2209.03202,cao2022ab
2209.03267,li2022transport
2209.03332,fetisov2022new
2209.03391,kapustin2022universal
2209.03444,kim2022scgan
2209.03515,daido2022superconducting
2209.03520,zhang2022kramers
2209.03544,mori2022shapiro
2209.03577,liu2022peak
2209.03699,faulkner2022symmetry
2209.03840,yang2022titanium
2209.03896,rising2022heat
2209.04004,sharma2022disorder
2209.04217,zhao2022pressure
2209.04592,liu2022discovery
2209.04743,chandrasekhar2022probing
2209.04776,ma2022correlation
2209.04940,heyl2022vortex
2209.04982,chen2022evidence
2209.05014,wu2022phase
2209.05151,jiang2022shifting
2209.05198,varignon2022origin
2209.05510,dai2022photo
2209.05671,feng2022using
2209.05754,suri2022non
2209.07990,kogan2022modulated
2209.06149,kesharpu2022spin
2209.06198,chesca2022parametric
2209.06205,karmakar2022temperature
2209.06206,boyack2022electrical
2209.06400,shao2022kondo
2209.06524,wang2022moir
2209.06646,moore2022monolayer
2209.06817,mao2022diamagnetic
2209.07017,lu202275
2209.07085,kesharpu2022peculiar
2209.07188,chen2022pressure
2209.07280,ding2022observation
2209.07287,simon2022role
2209.07314,khmelevskyi2022structure
2209.07340,zheng2022emergent
2209.07343,polkin2022multiple
2209.07726,xie2022spin
2209.07732,watanabe2022monte
2209.07757,white2022readout
2209.07913,pandey2022out
2209.08082,schulenborg2022detecting
2209.08238,uezono2022onset
2209.08493,teramachi2022strong
2209.08506,saito2022polarization
2209.08683,li2022anisotropic
2209.08766,thompson2022andreev
2209.08998,chesca2022influence
2209.09247,oppliger2022weak
2209.09057,frahm2022cooper
2209.09254,wu2022pairb
2209.09308,janssnn2022cavity
2209.09599,villas2022tunneling
2209.09852,sharma2022evidence
2209.09966,xiang2022pressure
2209.10172,zhu2022pion
2209.10534,krantz2022colossal
2209.10560,curtis2022stabilizing
2209.10568,setty2022exact
2209.10570,saykin2022high
2209.10593,allocca2022quantum
2209.10605,smirnov2022multilevel
2209.10673,ohlrich2022flat
2209.10744,ru2022suppression
2209.10859,gu2022detection
2209.11077,fukaya2022particle
2209.11080,margalit2022chiral
2209.11126,pandey2022topological
2209.11273,s2022bound
2209.11528,bluschke2022orbital
2209.11547,duarte2022comparing
2209.11656,werhahn2022kagom
2209.11688,bhattacharyya2022multigap
2209.11752,ueki2022electromagnetic
2209.11800,jarjour2022superfluid
2209.11926,bharath2022evidence
2209.12059,wang2022edge
2209.12115,kogan2022effects
2209.12421,xu2022holographic
2209.12646,wang2022symmetry
2209.12787,puphal2022synthesis
2209.12932,kurilovich2022criticality
2209.13076,klausen2022flux
2209.13299,osmond2022clean
2209.13506,kim2022single
2209.13745,pan2022frustrated
2209.13881,zeng2022ta4cosi
2209.13905,li2022charge
2209.13987,kokkeler2022field
2209.14006,zhang2022theoretical
2209.14080,sivakov2022spatial
2209.14266,song2022interference
2209.14296,cook2022observation
2209.14310,yuan2022multiband
2209.14347,abyaneh2022current
2209.14469,shaffer2022weak
2209.14556,kato2022polarity
2209.14636,solovjov2022influence
2209.14656,matsubayashi2022numerical
2209.14668,petrenko2022temperature
2209.14773,meninno2022ab
2209.14820,cameron2022adherence
2209.15057,liu2022impact
2209.15231,ruan2022superconductivity
2209.15241,hou2022helium
2209.15366,satchell2022absence
2209.15508,precker2022high
2209.15526,tsujii2022charge
2210.00021,dey2022entanglement
2210.00023,yu2022non
2210.00112,sivakov2022superconducting
2210.00318,bttcher2022berezinskii
2210.00351,kruchkov2022quantum
2210.00366,janalizadeh2022nonlinear
2210.00496,ezawa2022nonlinear
2210.00554,lindquist2022reconciling
2210.00742,sepulcre2022comment
2210.00745,das2022electron
2210.00936,dutta2022phase
2210.01037,hasan2022anomalous
2210.01114,dodge2022optical
2210.01151,alidoosti2022superconducting
2210.01305,cheng2022strengthened
2210.01399,kitamura2022quantuma
2210.01518,zhou2022synthesis
2210.01519,malinowski2022quantum
2210.01646,yang2022emerging
2210.01714,whiticar2022probing
2210.01830,paul2022exceptional
2210.01983,ishioka2022selective
2210.02028,duan2022nodeless
2210.02058,zakeri2022direct
2210.02124,lee2022encapsulating
2210.02136,ando2022surface
2210.02252,hoffmann2022absence
2210.02321,grusdt2022pairing
2210.02322,bohrdt2022dichotomy
2210.02378,rodriguezlopez2022twisted
2210.02452,manjunath2022non
2210.02632,tolpygo2022scalability
2210.02644,chiles2022non
2210.02810,zakeri2022directa
2210.02954,fan2022all
2210.03059,akbari2022magnetic
2210.03125,scammell2022tunable
2210.03156,backmeister2022ordered
2210.03191,krevsun2022combined
2210.03276,yokoyama2022excited
2210.03420,huang2022anisotropic
2210.03549,amundsen2022colloquium
2210.03633,kudo2022superconductivity
2210.03889,su2022renormalization
2210.04046,pepin2022charge
2210.04159,ma2022observation
2210.04327,seyler2022direct
2210.04408,zhang2022andreev
2210.04538,biswas2022stability
2210.04558,fang2022subgap
2210.04830,jenkins2022breaking
2210.04842,zhao2022loss
2210.04908,gates2022majorana
2210.04918,zhao2022continuous
2210.05024,pozo2022fractional
2210.05042,geng2022conventional
2210.05275,lopez2022topological
2210.05388,fermin2022beyond
2210.05525,khrapai2022quantum
2210.05753,gastiasoro2022generalized
2210.05909,sakai2022field
2210.06231,ummarino2022s
2210.06273,ming2022evidence
2210.06348,luo2022electronic
2210.06371,song2022la
2210.06502,elfeky2022evolution
2210.06508,mukhopadhyay2022superconductivity
2210.06523,frassineti2022microscopic
2210.06550,lin2022kondo
2210.06569,ning2022critical
2210.06617,gottardi2022transition
2210.06674,matsuyama2022hartree
2210.06847,zhu2022superconductivity
2210.06869,gottardi2022voltage
2211.15403,campi2022scale
2211.11547,mazziotti2022spin
2210.06912,esin2022interface
2210.06914,gottardi2022review
2210.07042,guo2022competition
2210.07070,shang2022evidencea
2210.07151,mishra2022effect
2210.07175,akiba2022observation
2210.07205,talantsev2022fermi
2210.07265,kotetes2022anatomy
2210.07319,kim2022cryogenic
2210.07512,liu2022enhanced
2210.07585,wang2022structure
2210.07633,wang2022emergenta
2210.07647,nomura2022density
2210.07718,das2022jordan
2210.08048,tam2022probing
2210.08146,man2022tetragonal
2210.08539,ribak2022two
2210.08660,kita2022legendre
2210.08733,xu2022unequivocal
2210.08790,andriyakhina2022repulsion
2210.08921,gorni2022rationalizing
2210.09288,tang2022traces
2210.09325,fyhn2022superconducting
2210.09346,hosur2022proximity
2210.09488,puig2022hyperuniformity
2210.09533,terashima2022plane
2210.09562,iguchi2022microscopic
2210.09610,mohanta2022majorana
2210.09627,mcnaughton2022causes
2210.09829,lyu2022exciting
2210.09855,catumba2022study
2210.09999,pinheiro2022magnetic
2210.10201,lu2022identification
2210.10312,huang2022competing
2210.10361,masuki2022reply
2210.10371,andolina2022amperean
2210.10437,wu2022nonreciprocal
2210.10521,rashid2022temperature
2210.10645,weerdenburg2022threefold
2210.10705,tolpygo2022self
2210.10766,hamlin2022vector
2210.10866,furutani2022berezinskii
2210.10987,grissonnanche2022electronic
2210.11254,ghosh2022nanowire
2210.11256,ghosh2022high
2210.11345,clegg2022practical
2210.11361,clegg2022electromagnetic
2210.11587,crawford2022increased
2210.11688,miura2022thermodynamic
2210.11712,gokhfeld2022anisotropy
2210.11738,wong2022two
2210.11769,tokiwa2022self
2210.11955,bahari2022helical
2210.12119,kuzmin2022tuning
2210.12189,weiland2022differences
2210.12248,kozhevnikov2022electrodynamics
2210.12337,zhou2022electron
2210.12439,wu2022hybrid
2210.12627,lu2022observation
2210.12718,meng2022anomalous
2210.12819,li2022twoa
2210.12901,wang2022magnetic
2210.12934,han2022orbital
2210.12999,mallett2022effective
2210.13250,wang2022anomalous
2210.13280,basak2022electronic
2210.13408,plienbumrung2022hubbard
2210.13478,sous2022absence
2210.13551,zampronio2022chiral
2210.13896,wang2022two
2210.13976,le2022double
2210.14113,esswein2022first
2210.14182,sett2022emergent
2210.14183,hu2022quantum
2210.14197,hu2022extended
2210.14236,sous2022bipolaronic
2210.15600,foppiano2022automatic
2210.14591,witt2022patterning
2210.14681,mehta2022theory
2210.14953,subero2022bolometric
2210.15065,draher2022ion
2210.15215,ma2022single
2210.15293,pishchimova2022improving
2210.15307,jalabert2022probing
2210.15404,tkachov2022nonequilibrium
2210.15582,wong2022higher
2210.15660,murshed2022nodal
2210.15661,das2022dynamic
2210.15693,collado2022dynamical
2210.15864,endo2022theoretical
2210.15995,kawamata2022electronic
2210.16198,xie2022revisit
2210.16235,chen2022interplay
2210.16293,hazra2022pair
2210.16324,shaffer2022triplet
2210.16321,han2022resonating
2210.16615,arrayas2022progress
2210.16890,wei2022linear
2210.16958,backens2022topological
2210.17005,hou2022superconductivity
2210.17023,ji2022rotational
2210.17058,ho2022antiferromagnetism
2210.17369,kudriashov2022revealing
2210.17503,jois2022andreev
2211.00124,chapai2022superconductinga
2211.00400,singh2022problem
2211.00462,silaev2022ultrastrong
2211.00561,schneider2022testing
2211.00663,li2022asymptotic
2211.00679,starkov2022quantum
2211.00682,ghorashi2022higher
2211.00823,duan2022sample
2211.00843,hoshi2022weak
2211.00958,watanabe2022sign
2211.00975,squire2022superconductivity
2211.01020,zalic2022high
2211.01024,spaek2022brief
2211.01054,biswas2022hybrid
2211.01286,mowgood2022novel
2211.11537,chahid2022high
2211.01376,verresen2022higgs
2211.01388,wu2022sublattice
2211.01400,zantout2022improved
2211.01609,zhao2022josephson
2211.01707,chen2022electrostatic
2211.01733,tutueanu2022gradual
2211.02002,yu2022emergence
2211.02031,wang2022spectral
2211.02236,yu2022microscopic
2211.02361,honda2022pressure
2211.02454,kousar2022inas
2211.02492,ghazaryan2022multilayer
2211.02564,lyatti2022plane
2211.02649,mandal2022polar
2211.02668,nosov2022interplay
2211.02745,mashkoori2022detrimental
2211.02880,pantaleon2022superconductivity
2211.03075,hu2022prediction
2211.03083,ma2022low
2211.03084,kataria2022time
2211.03085,maeno2022nuclear
2211.03265,tran2022machine
2211.03778,lu2022ground
2211.04035,zhang2022unique
2211.04102,kuchinskii2022halla
2211.04216,yang2022charge
2211.04276,mandal2022study
2211.04288,hijano2022microwave
2211.04290,jerzembeck2022upper
2211.04570,ortiz2022complete
2211.04751,saini2022drastic
2211.04833,tang2022evolution
2211.04870,alvarez2022charge
2211.05001,jing2022quantum
2211.05045,minogue2022activated
2211.05056,venditti2022anisotropic
2211.05078,gurevich2022effect
2211.05129,mland2022topological
2211.05146,pangburn2022superconductivity
2211.05254,wines2022high
2211.05305,sanchez2022impact
2211.05317,cook2022multiplicative
2211.05355,fujii2022electronic
2211.05373,wang2022investigation
2211.05393,wang2022robust
2211.05578,wang2022evidence
2211.05660,vakhtel2022quantum
2211.06174,dmitriev2022effect
2211.06185,gao2022chiral
2211.06322,qu2022phase
2211.06498,adebanjo2022ubiquitous
2211.08354,ushida2022lattice
2211.06667,razmkhah2022superconductor
2211.06702,himmler2022supercurrent
2211.06709,loo2022electrostatic
2211.06961,yuan2022revealing
2211.07127,richter2022simultaneous
2211.12435,ikegami2022insulating
2211.07299,krasnov2022distributed
2211.07370,santana2022generalization
2211.07406,xie2022orbital
2211.07423,roig2022revisiting
2211.07676,wang2022topological
2211.07745,wan2022orbital
2211.07858,levajac2022impact
2211.07920,shi2022topological
2211.08050,chaves2022nanobridge
2211.08171,iwanikow2022time
2211.08271,gozlinski2022identification
2211.08625,cai2022superconductor
2211.08759,koizumi2022neglected
2211.09836,sharma2022complex
2211.09143,wang2022robusta
2211.09483,pyykkonen2022suppression
2211.09846,jiang2022pair
2211.09999,xiao2022anisotropic
2211.10101,wang2022highera
2211.10120,maier2022spin
2211.10256,hanzawa2022high
2211.10273,endres2022current
2211.10289,li2022pressurea
2211.10294,zhao2022pressurea
2211.10302,pei2022pressured
2211.10383,nguyen2022programmable
2211.10572,lu2022tunablea
2211.10637,rahmana2022comparative
2211.10722,li2022phase
2211.10786,shopova2022infuence
2211.10852,mizel2022theory
2211.10905,zhu2022sublattice
2211.10947,feng2022dynamical
2211.10975,li2022yang
2211.11016,cui2022activated
2211.11372,yi2022topological
2211.11389,sainzcruz2022junctions
2211.11422,taira2022breakdown
2211.11632,houtput2022stability
2211.11640,bagchi2022magic
2211.11778,crepieux2022superconductivity
2211.12015,jiang2022possible
2211.12127,paolucci2022gate
2211.12264,yang2022superconductivitya
2211.12452,burlachkov2022staircase
2211.12834,park2022anderson
2211.12894,paulsen2022ultra
2211.13338,pal2022simulating
2211.13340,chahid2022quadristor
2211.13531,kopasov2022disorder
2211.13584,levitan2022signatures
2211.13833,labarias2022numerical
2211.13886,ren2022rotation
2211.13947,arima2022uniaxial
2211.14192,ayres2022superfluid
2211.14283,mazur2022gate
2211.14626,anwar2022spontaneous
2211.14846,hu2022josephson
2211.15001,schirmer2022topological
2211.15035,sakaguchi2022bulk
2211.15083,chuang2022fermiology
2211.15102,wen2022emergent
2211.15189,cieplak2022orbital
2211.15433,maiellaro2022hallmarks
2211.15529,pini2022evolution
2211.15545,zhou2022magnetic
2211.15704,xu2022competing
2211.15711,khait2022hall
2211.15855,lopes2022second
2211.16127,acharjee2022spin
2211.16449,su2022superconductivity
2211.16477,li2022electronica
2211.16602,kautzsch2022structural
2211.16651,hu2022supercurrent
2211.16765,farmer2022electron
2211.16941,yao2022magnetic
2211.16948,yu2022fabrication
2212.00580,xiong2022numerical
2211.17184,kaj2022terahertz
2212.00346,kokkeler2022anisotropic
2212.00407,madeira2022quasidisorder
2212.00645,ogawa2022microwave
2212.00657,schneider2022proximity
2212.00854,giil2022effective
2212.00925,takahashi2022superconductivity
2212.01065,sevriuk2022initial
2212.01084,chiatti2022tuning
2212.01137,mcfadden2022depth
2212.01170,karchev2022impact
2212.01183,willa2022interplay
2212.03274,riva2022h
2212.01634,adam2022tuning
2212.01726,sauls2022heat
2212.01831,bobkov2022renormalization
2212.01849,wong2022appearance
2212.01862,kiselov2022gapful
2212.01980,fu2022field
2212.02022,li2022quasi
2212.02034,yokota2022non
2212.02074,zheng2022high
2212.02132,zhang2022proximity
2212.02183,he2022supercurrent
2212.02274,bordin2022controlled
2212.02356,bian2022effects
2212.02358,correa2022superconductivity
2212.02389,volkov2022current
2212.02394,pal2022topological
2212.02396,talantsev2022quantifying
2212.02615,huang2022study
2212.02657,haenel2022superconducting
2212.02756,how2022absence
2212.02844,aksenov2022effect
2212.02899,chaudhary2022role
2212.03115,akram2022generation
2212.03206,bortsoldevila2022complete
2212.03337,warshauer2022transient
2212.03472,wu2022nodala
2212.03543,kumar2022fragile
2212.03554,haxell2022microwave
2212.03583,mizuguchi2022uniaxial
2212.03584,lan2022vortex
2212.04210,prigozhin2022thin
2212.04432,trahms2022diode
2212.04447,yang2022observation
2212.04571,devidas2022kondo
2212.04591,hua2022theory
2212.04775,s2022current
2212.04992,romeo2022bardeen
2212.05350,pashinsky2022microwave
2212.05550,mishra2022effects
2212.05625,liu2022current
2212.05685,liu2022intertwined
2212.05737,wang2022phase
2212.05839,mondal2022finite
2212.06061,awoga2022mitigating
2212.06071,sommer20223dsc
2212.06128,zajicek2022robust
2212.06170,zhang2022pair
2212.06171,keren2022chip
2212.06196,farrar2022unconventional
2212.06197,huang2022higher
2212.06237,harshman2022analysis
2212.06245,dey2022possible
2212.06443,kounalakis2022demonstration
2212.06502,maiellaro2022resilience
2212.06627,blain2022soliton
2212.06703,cho2022direct
2212.06790,mark2022structure
2212.06824,reiss2022collapse
2212.06866,steiner2022diode
2212.06930,siddiquee2022tuning
2212.06979,kubo2022fast
2212.07134,chiang2022emergent
2212.07185,pavesic2022impurity
2212.07251,doak2022spin
2212.07322,tu2022evidence
2212.07381,hallett2022modeling
2212.09531,kogan2022josephson
2212.07419,bighin2022resonantly
2212.07445,pangburn2022superconductivitya
2212.07461,rodrigues2022photon
2212.07596,engstrom2022strain
2212.07958,hu2022non
2212.08000,basak2022theoretical
2212.08091,sun2022spin
2212.08107,bergeret2022triplet
2212.08117,girotto2022dynamical
2212.08125,mcguire2022superconductivity
2212.08155,fischer2022nonequilibrium
2212.08156,holmvall2022coreless
2212.08351,apostoloff2022chirality
2212.08563,beck2022wideband
2212.08573,batson2022reduced
2212.08651,bttcher2022dynamical
2212.09207,zhu2022bound
2212.09211,ikeda2022intrinsic
2212.09217,fu2022anomalous
2212.09333,reiss2022interpretation
2212.09480,behnia2022nernst
2212.09786,schwemmer2022chiral
2212.09789,lucrezi2022quantum
2212.09878,sanchezramirez2022band
2212.10109,tse2022engineering
2212.10175,danilenko2022spin
2212.10241,driel2022spin
2212.10410,gouteraux2022thermodynamic
2212.10972,liu2022umklapp
2212.11081,mcfadden2022deptha
2212.11161,ziegler2022josephson
2212.11164,hinderling2022flip
2212.11226,bernat2022spin
2212.11332,huang2022universal
2212.11520,rahmati2022explicit
2212.11602,pasek2022effective
2212.11615,lu2022reducing
2212.11628,yin2022topological
2212.11633,tajima2022non
2212.11651,zeng2022approximate
2212.11655,peis2022polarized
2212.11757,weisbrich2022fractional
2212.11855,pogue2022closed
2212.11964,sears2022structure
2212.11973,li2022tangent
2212.12068,poschl2022nonlocalb
2212.12118,kim2022dimensional
2212.12128,yang2022thickness
2212.12234,katayama2022analogue
2212.12382,herrig2022quasiperiodic
2212.12520,baten2022observation
2212.12638,wei2022dimensionality
2212.12775,pham2022dec
2212.13102,chazono2022piezoelectric
2212.13314,khan2022epitaxially
2212.13319,ritz2022impact
2212.13334,higashi2022field
2212.13339,naqib2022interrelations
2212.13458,kapranov2022interaction
2212.13460,costa2022sign
2212.13515,shipulin2022calorimetric
2212.13526,chen2022decoding
2212.13580,herman2022advanced
2212.13603,zou2022tuning
2212.13657,semenov2022biosfq
2212.13692,kwak2022fluctuation
2212.13722,lee2022linear
2212.13739,he2022superconductivityb
2212.13752,yan2022thermography
2212.13784,onari2022three
2212.13826,wang2022anomalousa
2212.13865,qin2022frustrated
2212.14038,amundsen2022grain
2212.14184,pham2022first
2212.14313,baran2022reduced
2301.01626,sager2022entangled
2301.00670,sager2022simultaneous
2212.14656,goremykin2022commensurate
2212.14711,talkachov2022microscopic
2212.14869,hire2022high
2212.14880,ramachandran2022pseudogap
2301.00086,qu2022phasea
2301.00110,thyagarajan2022fast
2301.00480,dee2023charge
2301.00756,howard2023thermal
2301.01115,kolzer2023supercurrent
2301.01120,pei2023pressure
2301.01344,poduval2023vestigial
2301.01402,yang2023coexistence
2301.01467,nie2023nodeless
2301.01633,zhou2023physical
2301.01669,yang2023ultra
2301.01873,zhang2023free
2301.01881,banerjee2023phase
2301.02037,xu2023situ
2301.02254,gaggioli2023strong
2301.02270,olthof2023multiple
2301.02274,miao2023spin
2301.02404,pal2023multiplicative
2301.02501,solovjov2023effects
2301.02706,satchell2023supercurrent
2301.02666,ikeda2023demonstration
2301.02765,pal2023multiplicativea
2301.02892,velasco2023gap
2301.02929,ponomarev2023leggetts
2301.03031,sekino2023spin
2301.03240,wang2023superconductivity
2301.03263,gonzalezruano2023observation
2301.03357,talantsev2023d
2301.03473,baidya2023correlated
2301.03507,sanches2023fractionalization
2301.03603,ouassou2023dc
2301.03838,zhu2023persistent
2301.03937,yamazaki2023majorana
2301.03967,feijoo2023subgap
2301.03968,rosenbach2023ballistic
2301.04175,johnsen2023magnetic
2301.04184,shen2023electronic
2301.04276,liu2023performance
2301.04329,sun2023coexistence
2301.05559,koizumi2023supercurrent
2301.04411,potter2023controllable
2301.04557,ummarino2023mathematical
2301.04580,panday2023superconductivity
2301.04703,you2023anomalous
2301.04730,fong2023graphene
2301.04801,ishihara2023anisotropic
2301.04832,yang2023optical
2301.04984,wang2023pressure
2301.05081,zhang2023magnetic
2301.05148,talantsev2023quantifying
2301.05312,shapiro2023coulomb
2301.05322,contreras2023collision
2301.05340,yoshida2023topological
2301.05446,akramov2023discrete
2301.05621,henheik2023universality
2301.05622,beck2023search
2301.05684,phan2023following
2301.05696,liu2023single
2301.06137,salehi2023anisotropic
2301.06185,grigoriev2023inhomogeneous
2301.06261,zhang2023unveiling
2301.11652,qin2023two
2301.06336,wilde2023antiferromagnetic
2301.06357,liu2023charge
2301.06425,wang2023nonlinear
2301.06523,yang2023giant
2301.06756,liu2023excitonic
2301.06810,grinenko2023sr
2301.07121,gutfreund2023direct
2301.07299,li2023evolution
2301.07374,zhang2023nodeless
2301.07553,liu2023making
2301.07604,travaglino2023extended
2301.07606,chow2023dimensionality
2301.07637,choi2023stripe
2301.07648,yadav2023probing
2301.07764,sheng2023low
2301.07864,scammell2023exciton
2301.07909,brekke2023interfacial
2301.08033,amiel2023silvanite
2301.08116,bollmark2023resolving
2301.08176,farid2023pairing
2301.08239,ponce2023radiation
2301.08415,scott2023low
2301.08426,misu2023pairing
2301.08466,forcellini2023properties
2301.08550,qin2023superconducting
2301.08631,rosenstein2023superconductivity
2301.08633,rowe2023giant
2301.09032,he2023al
2301.09035,machida2023violation
2301.09050,yang2023pressure
2301.09641,yang2023pressurea
2301.09114,yang2023phase
2301.09644,kogan2023parametric
2301.09151,semeniuk2023decoupling
2301.09377,zhong2023notes
2301.09628,armas2023approximate
2301.09678,strong2023superconductivity
2301.10116,paul2023topological
2301.10306,alegria2023two
2301.10474,novakovic2023machine
2301.10524,bhattacharya2023stability
2301.10755,linner2023coexistence
2301.10826,hwang2023superconductor
2301.11027,funaki2023anisotropic
2301.11212,shigefuji2023efficient
2301.11261,nguyen2023planar
2301.11348,kieu2023topological
2301.11425,zhang2023anomalously
2301.11458,suh2023superconductivity
2301.11523,iwaya2023externally
2301.11543,koppel2023machine
2301.11614,masaki2023non
2301.11633,melin2023quantum
2301.11708,ulitko2023classical
2301.11840,konev2023features
2301.11853,panov2023competition
2301.11876,konev2023influence
2301.11951,moskvin2023topological
2301.12034,kato2023surface
2301.12049,matsubayashi2023photoinduced
2301.12320,gao2023stabilizing
2301.12324,yu2023cubic
2301.12368,iguchi2023observation
2301.12431,plastovets2023electronic
2301.12432,plastovets2023all
2301.12442,svetogorov2023enhancement
2301.12552,ziegler2023chiral
2301.12716,li2023quantifying
2302.10097,he2023infrared
2301.12979,bai2023interference
2301.12991,kissling2023vulnerability
2301.13024,datta2023heavy
2301.13153,kulic2023h
2301.13488,chen2023orientation
2301.13520,huang2023theoretical
2301.13564,nadeem2023superconducting
2301.13679,zhang2023density
2301.13697,szczesniak2023scalability
2301.13740,legg2023parity
2301.13795,midei2023tunable
2302.00024,vigliotti2023effects
2302.00475,mazza2023hidden
2302.00682,wagner2023superconductivity
2302.00686,uri2023superconductivity
2302.00844,liu2023high
2302.00966,friedrich2023coupling
2302.01122,du2023superconducting
2302.01209,roler2023top
2302.01258,scott2023magnetic
2302.01462,hampel2023trap
2302.01549,ning2023coexistence
2302.01741,liang2023disorder
2302.02054,sun2023smooth
2302.02362,zhuo2023electrically
2302.02604,mu2023temperature
2302.02610,yip2023drastic
2302.02621,jiang2023prediction
2302.02705,babich2023limitations
2302.02763,gosar2023pairing
2302.02906,han2023enhanced
2302.02933,paolucci2023highly
2302.03155,miano2023hamiltonian
2302.03365,juraszek2023temperature
2302.03381,ptok2023influence
2302.03402,ogawa2023single
2302.03446,sakakibara2023brueckner
2302.03812,horn2023pytdgl
2302.03944,zhu2023mo
2302.04267,maiani2023nonsinusoidal
2302.04277,picoli2023superconducting
2302.04385,roy2023structural
2302.04489,han2023robust
2302.04550,goedecke2023preparation
2302.04617,guo2023bcs
2302.04698,myers2023quantum
2302.04710,pan2023meissner
2302.04717,xu2023superconductivity
2302.04758,eaton2023quasi
2302.04762,alicki2023josephson
2302.04889,bedow2023implementation
2302.05078,wan2023signatures
2302.05100,bevz2023vortex
2302.05115,wu2023unidirectional
2302.05145,purwar2023sn
2302.05227,li2023charge
2302.05263,he2023metal
2302.05373,golod2023word
2302.05434,potts2023chip
2302.06036,xiao2023superconductivity
2302.06151,holmeshewett2023unconventional
2302.06211,deng2023two
2302.06250,swaminathan2023signatures
2302.06329,gierlowski2023guided
2302.06575,karabassov2023superconducting
2302.06645,nieminen2023atomistic
2302.06718,lu2023critical
2302.06753,lu2023ab
2302.06756,levitan2023effects
2302.08979,yu2023critical
2302.06765,chen2023singlet
2302.07827,yu2023calibration
2302.07826,yu2023superconducting
2302.07825,levitan2023verification
2302.06823,atanov2023proximity
2302.06830,tolpygo2023progress
2302.06897,laranjeira2023superconductivity
2302.06956,yao2023origin
2302.06999,zhang2023superconductivity
2302.07015,guguchia2023designing
2302.07094,morris2023andreev
2302.07113,gao2023pressure
2302.07201,ciovati2023development
2302.07246,gheorghiu2023flat
2302.07451,kobayashi2023crystal
2302.07790,kataria2023superconducting
2302.07885,christos2023model
2302.08075,tay2023nodeless
2302.08188,nakano2023synthesis
2302.08356,song2023doping
2302.08367,clay2023density
2302.08517,schwemmer2023sublattice
2302.08622,pasan2023observation
2302.08828,kanehira2023josephson
2302.08968,schimmel2023surface
2302.09192,willsch2023observation
2302.09242,zou2023deciphering
2302.09337,guo2023revealing
2302.09588,keegan2023origin
2302.09627,shi2023thickness
2302.09702,komijani2023triplet
2302.09858,tei2023possible
2302.09876,marques2023all
2302.10422,yang2023fe
2302.10583,aksenov2023probing
2302.10677,daido2023rectification
2303.00926,zhao2023friedel
2302.10705,vallessanclemente2023post
2302.10710,panda2023experimental
2302.10744,bertinjohannet2023demand
2302.11144,cheng2023josephson
2303.06054,shaginyan2023comment
2302.11664,canfora2023solitonic
2302.11724,song2023stealth
2302.11762,yin2023quantum
2302.11879,wu2023multiple
2302.12033,luo2023emergent
2302.12280,steffen2023characterization
2302.12377,jiang2023impact
2302.12630,wu2023magnetic
2302.12731,lu2023definition
2302.12732,geng2023superconductor
2302.12988,villacortes2023isotope
2302.13134,valentinis2023correlation
2302.13138,valentinis2023bcs
2302.13169,wang2023quantitative
2302.13185,zhang2023finite
2302.13476,ghadimi2023boundary
2302.13561,sayyad2023topological
2302.13712,maccari2023vortex
2302.13734,ruf2023gate
2302.13821,korber2023squid
2302.13864,skurativska2023robust
2302.13936,lim2023nb
2302.14050,tam2023topological
2302.14214,takahashi2023higgs
2302.14272,yang2023effect
2302.14274,tang2023gate
2302.14283,segedin2023limits
2302.14316,guo2023near
2302.14378,ying2023record
2302.14410,sun2023zrnb
2302.14535,coraiola2023phase
2302.14612,yerin2023multiple
2302.14672,starkov2023formation
2302.14729,talantsev2023quantifyinga
2302.14767,piatti2023spectroscopic
2302.14802,kornich2023current
2302.14855,wang2023discovery
2303.00090,cooper2023uncertainties
2303.00134,devanarayanan2023su
2303.00185,shen2023rashba
2303.00390,morales2023hierarchy
2303.00623,tazai2023drastic
2303.00625,dodge2023hardware
2303.00653,hecker2023cascade
2303.00685,chakraborty2023strain
2303.00717,geisler2023rashba
2303.00741,marchese2023born
2303.00742,holleis2023nematicity
2303.00761,mascot2023many
2303.00846,sanchez2023disordered
2303.00875,zhong2023nodeless
2303.00903,levajac2023subgap
2303.00966,qiu2023concurrent
2303.01026,kronowetter2023quantum
2303.01062,he2023superconductivity
2303.01079,kristen2023random
2303.01225,feng2023commensurate
2303.01228,hatinen2023thermal
2303.01340,kataria2023superconductinga
2303.01441,bund2023competition
2303.01699,sharma2023light
2303.01811,cai2023absence
2303.01901,smidman2023unconventional
2303.01902,lotfizadeh2023superconducting
2303.01961,nishida2023light
2303.02152,yu2023theory
2303.02176,eckhardt2023theory
2303.02221,subramanyan2023majorana
2303.02406,odobesko2023boosting
2303.02670,lau2023topological
2303.02865,ren2023two
2303.02908,su2023structural
2303.03145,jakovac2023uniaxial
2303.03173,albert2023microwave
2303.03252,das2023extremely
2303.03288,kim2023tracing
2303.03473,theuss2023resonant
2303.03624,hou2023precursory
2303.03784,acharjee2023tunability
2303.03874,chen2023electrical
2303.03938,chatterjee2023topological
2303.04004,han2023universal
2303.04139,lebert2023paramagnon
2303.04176,shavit2023inducing
2303.04252,ohyama2023discrete
2303.04344,ahari2023proposal
2303.04371,casasbarrera2023long
2303.04499,nocerino2023non
2303.04512,sakamori2023theory
2303.04586,zhu2023proximity
2303.04663,osman2023mitigation
2303.05013,nocera2023electron
2303.05017,loon2023topological
2303.05041,le2023magnetic
2303.05094,wang2023observation
2303.05117,li2023superconductivity
2303.05175,golovchanskiy2023antiferromagnetic
2303.05254,klebelknobloch2023transport
2303.05301,ko2023atomic
2303.05377,agarwal2023quasi
2303.05609,labarias2023effect
2303.05716,chainani2023oxygen
2303.05721,sun2023batch
2303.05926,botzel2023quasiparticle
2303.05951,iorio2023half
2303.05959,lemut2023magnus
2303.05987,sridhar2023true
2303.06059,nikolic2023optimized
2303.06220,veld2023screening
2303.06339,troyan2023non
2303.06520,markiewicz2023evolution
2303.06540,song2023unconventional
2303.06672,schmid2023superconductivity
2303.06718,shan2023pressure
2303.06750,dzero2023collisionless
2303.06915,zhou2023effects
2303.06989,romagnoli2023fabrication
2303.07173,guarcello2023thermoelectric
2303.07254,li2023small
2303.07491,gurevich2023tuning
2303.07602,yoshida2023magneto
2303.07698,wang2023higher
2303.07701,chen2023edelstein
2303.07738,alvarado2023intrinsic
2303.07962,dangic2023large
2303.07993,fermin2023unusual
2303.08009,chiarello2023optimal
2303.08136,thorngren2023higgs
2303.08247,markiewicz2023high
2303.08376,xu2023coexistence
2303.08520,sharma2023two
2303.08592,rollano2023enhancement
2303.08759,ming2023absence
2303.09052,du2023superconductinga
2303.09918,peng2023exotic
2303.09108,yokoyama2023manipulating
2303.09747,wakamura2023gate
2303.09787,ma2023low
2303.09805,an2023thermodynamically
2303.10080,wang2023phonon
2303.10169,buzzi2023comment
2303.10212,ruegg2023pairing
2303.10265,farhang2023unconventional
2303.10468,burmistrov2023spin
2303.10529,oishi2023diproton
2303.10540,matsuo2023phase
2303.10639,weitzel2023sharpness
2303.10685,garcia2023disentangling
2303.10698,berdiell2023situ
2303.10716,deltsidis2023rm
2303.10939,shi2023tighter
2303.11063,zhang2023electronic
2303.11072,fukushima2023violation
2303.11178,song2023observation
2303.11179,song2023spectroscopic
2303.11202,kohopaa2023effect
2303.11213,parajuli2023proximity
2303.11254,markiewicz2023mott
2303.11345,jahin2023higher
2303.11401,cadorim2023closed
2303.11598,yi2023anomalous
2303.11600,lee2023thermal
2303.11601,meng2023significant
2303.11622,zhong2023differentiated
2303.11683,xie2023lu
2303.11729,xie2023hinge
2303.11975,kochan2023phenomenological
2303.12315,gokhfeld2023surface
2303.12568,suzuki2023growth
2303.12575,huo2023first
2303.18235,mishonov2023kondo
2303.12833,castro2023emergence
2303.12977,setty2023anharmonic
2303.13049,kim2023intrinsic
2303.13098,siebrecht2023microwave
2303.13328,basak2023t
2303.13394,barresi2023generation
2303.13498,lu2023sign
2303.13704,wang2023two
2303.13910,moon2023effects
2303.13922,junxiang2023triplet
2303.13928,paolucci2023non
2303.14034,sun2023effect
2303.14122,sung2023evaluation
2303.14225,bobkov2023proximity
2303.14236,sun2023andreev
2303.14339,nagase2023observation
2303.14385,lahiri2023nonequilibrium
2303.14466,rosenstein2023two
2303.14673,diamantini2023type
2303.14823,costa2023microscopic
2303.14842,kocsis2023strong
2303.14909,iyo2023dramatically
2303.15018,zhang2023theoretical
2303.15077,gayathri2023studies
2303.15257,herbst2023measuring
2303.15355,chattopadhyay2023metastable
2303.15504,chen2023ginzburg
2303.15551,liu2023electron
2303.15622,hilleke2023structure
2303.15912,aichner2023angle
2303.15914,beydeda2023characterization
2303.15968,daghero2023model
2303.15980,pan2023superconductivity
2303.16007,zeng2023chiral
2303.16029,martini2023twisted
2303.16238,kealhofer2023anomalous
2303.16745,zhao2023pressure
2303.16883,rashidi2023induced
2303.16888,yue2023maximum
2303.16916,sun2023stability
2303.16931,cuozzo2023microwave
2303.17211,goto2023measurement
2303.17286,li2023chargea
2303.17348,ruhtinas2023highly
2303.17353,he2023lateral
2303.17365,liu2023dynamical
2303.17453,zhang2023pressure
2303.17492,stirpe2023semiclassical
2303.17529,christos2023nodal
2303.17587,xing2023observation
2303.17631,wu2023d
2303.17656,oliveira2023quasiperiodicity
2303.17685,chagnet2023hydrodynamics
2303.17861,raupach2023photon
2303.17902,dutta2023analytic
2303.17953,lee2023superconducting
2303.18145,chourasia2023generation
2303.18212,hijano2023bipolar
2304.00090,rohr2023chemical
2304.00190,hirsch2023enormous
2304.00535,tajima2023polaronic
2304.00558,wang2023percolation
2304.00799,upadhyay2023microwave
2304.00914,fan2023quantization
2304.00928,visuri2023dc
2304.01024,nishimura2023wide
2304.01084,wang2023similarities
2304.01122,tsvelik2023charge
2304.01127,lang2023possible
2304.01427,rana2023interrelationships
2304.01444,shinoda2023superconductivity
2304.01588,ying2023development
2304.01631,crepel2023topological
2304.01740,xiao2023evolution
2304.01827,shiozaki2023atiyah
2304.02115,martinelli2023collective
2304.02243,oh2023realizing
2304.02341,kochelap2023rotating
2304.02586,russell2023electronic
2304.02635,nomani2023intrinsic
2304.02749,karrer2023temporal
2304.02940,eto2023baryons
2304.02955,karan2023tracking
2304.03028,nitzav2023hall
2304.03062,an2023higher
2304.03074,samuely2023protection
2304.03100,cai2023no
2304.03231,ummarino2023constrains
2304.03303,banerjee2023enhanced
2304.03409,matsuura2023two
2304.03591,lyatti2023quantum
2304.03599,cataldo2023absence
2304.03613,iskin2023extracting
2304.03759,wickramaratne2023ising
2304.03963,lu2023emergent
2304.04263,huangfu2023competing
2304.04310,moulding2023pressure
2304.06726,lu2023electron
2304.04378,kim2023josephson
2304.04426,zhang2023nesting
2304.04447,ferreira2023search
2304.04533,miki2023impurity
2304.04825,hu2023effect
2304.04841,jiang2023t
2304.04993,fujita2023effects
2304.05030,li2023effects
2304.05086,spethmann2023high
2304.05113,bera2023centrosymmetric
2304.05234,jin2023syntropic
2304.05356,ohyama2023higher
2304.05424,tyner2023solitons
2304.05443,jindal2023coupled
2304.05806,kuzmin2023observation
2304.05851,raffy2023transport
2304.05854,chen2023charge
2304.05971,esin2023reentrant
2304.05987,keliri2023long
2304.06069,sukhachov2023tunneling
2304.06171,tahirkheli2023potential
2304.06260,ezawa2023systematic
2304.06284,smirnov2023majorana
2304.07222,uchaikin2023capp
2304.06426,liu2023essential
2304.06431,hu2023phonon
2304.06685,lucrezi2023temperature
2304.06691,davis2023josephson
2304.06980,mawatari2023kinetic
2304.07024,leenen2023fermi
2304.07084,ruf2023effects
2304.07100,bonetti2023interaction
2304.07117,venditti2023superfluid
2304.07182,palle2023constraints
2304.07224,silkin2023unusual
2304.07318,mao2023upper
2304.07326,kim2023microscopic
2304.07432,oh2023revisiting
2304.07490,sun2023exploring
2304.07678,aoki2023de
2304.07960,stadel2023two
2304.07966,li2023transformation
2304.08080,fotev2023ultrafast
2304.08102,suzuki2023supercurrent
2304.08142,martinezcastro2023one
2304.08214,he2023spin
2304.08294,jovanovic2023high
2304.08428,yang2023scaling
2304.08446,wines2023inverse
2304.08633,peterson2023anisotropic
2304.08675,rajak2023superconductivity
2304.08683,sousajunior2023half
2304.08792,huang2023precise
2304.08992,tao2023leading
2304.08997,kellner2023stepwise
2304.09011,shan2023superconductivity
2304.09066,huang2023observation
2304.09111,muthusubramanian2023wafer
2304.09360,asaduzzaman2023evidence
2304.09812,dong2023signatures
2304.10032,ogata2023parity
2304.10390,chepiga2023critical
2304.10483,aminov2023superconductor
2304.10583,fischer2023mechanism
2304.10741,salim2023revisiting
2304.10766,ding2023surface
2304.10874,mukhin2023braggs
2304.10926,duhan2023structure
2304.11242,azari2023knight
2304.11245,plyashechnik2023coupled
2304.11305,hu2023universal
2304.11311,xin2023lattice
2304.11382,melin2023proposal
2304.11457,senapati2023phase
2304.11536,kitamura2023spin
2304.11807,xie2023gate
2304.11933,liu2023analytic
2304.11939,zhang2023phase
2304.11944,song2023tensor
2304.12116,surendran2023current
2304.12230,zhong2023revealing
2304.12392,frank2023orphan
2304.12456,pavesic2023strong
2304.12472,som2023application
2304.12485,shen2023interplay
2304.12619,patra2023planar
2304.12689,luethi2023majorana
2304.13083,caplan2023quantum
2304.13093,horn2023vortex
2304.13257,bal2023systematic
2304.13367,ivanov2023four
2304.13642,bussmannholder2023k
2304.13697,kim2023proximity
2304.13741,aase2023constrained
2304.13914,zhou2023evidence
2304.14196,wei2023large
2304.14426,altawhid2023enhanced
2304.14254,chen2023chargea
2304.14448,ortuzar2023theory
2304.14453,chapai2023evidence
2304.14650,ghorai2023fermi
2304.14682,pellegrini2023coulomb
2304.14805,martinez2023anisotropic
2304.14816,sellati2023generalized
2304.14822,ritz2023superconductivity
2304.14849,kokkeler2023spectroscopic
2304.14928,seidov2023wigner
2305.00444,hao2023superconductivity
2305.00549,karabassov2023phase
2305.00589,ajeesh2023fate
2305.00958,nanda2023josephson
2305.00990,zhu2023bcs
2305.01003,vigliotti2023reconstruction
2305.01200,matsumura2023large
2305.01218,fujibayashi2023low
2305.01682,li2023frustration
2305.01740,wisniewski2023paradoxical
2305.01766,vignaud2023evidence
2305.01872,lei2023microwave
2305.01882,kuzmin2023one
2305.01926,peri2023superconducting
2305.02006,yuan2023orbital
2305.02040,gruneiro2023transport
2305.02129,mcfadden2023comment
2305.02216,spuri2023signature
2305.02340,yu2023nontrivial
2305.02345,perrin2023mitigating
2305.02418,nulens2023catastrophic
2305.02467,sun2023surface
2305.02548,kornilovitch2023two
2305.02625,huang2023angle
2305.02838,ruan2023superconductivity
2305.02900,kuibarov2023superconducting
2305.03035,si2023iron
2305.03265,wu2023breaking
2305.03278,shang2023fully
2305.03404,venditti2023charge
2305.05373,xiong2023hydrodynamics
2305.03705,kremer2023k
2305.03856,papaj2023andreev
2305.04219,yuan2023surface
2305.04262,chaves2023magnetic
2305.04424,zhao2023uniaxial
2305.04482,thong2023stability
2305.04491,jia2023self
2305.04515,pan2023novel
2305.04610,strohbeen2023superconductivity
2305.04758,ohnmacht2023full
2305.04875,chen2023coexistence
2305.05021,wustmann2023boosting
2305.05114,sun2023thermodynamic
2305.05407,jiang2023glassy
2305.05502,li2023experimentally
2305.05593,talantsev2023intrinsic
2305.05715,nokelainen2023second
2305.05831,liu2023quartet
2305.06015,suzuki2023fulde
2305.06084,yeh2023doubling
2305.06103,liu2023pressure
2305.06201,plastovets2023collisionless
2305.06546,sadakov2023vortex
2305.06596,matsuo2023engineering
2305.06694,jaouen2023carrier
2305.06751,dangic2023ab
2305.06760,ray2023non
2305.06957,seidov2023first
2305.06989,lou2023neural
2305.07263,ummarino2023strong
2305.07607,yohannes2023high
2305.07718,witczakkrempa2023dirac
2305.07746,wang2023microscopic
2305.07923,matsuo2023josephson
2305.08038,he2023first
2305.08058,li2023superconducting
2305.08314,funami2023fractal
2305.08315,kawamura2023stable
2305.08332,yoshida2023large
2305.08406,han2023superconducting
2305.08577,motla2023superconducting
2305.08603,qin2023inversion
2305.08669,cheng2023synthesis
2305.08690,tajima2023exploring
2305.11179,gaur2023spectral
2305.09332,contreras2023self
2305.09437,zhou2023antiferromagnetic
2305.09530,strkalj2023tomasch
2305.09541,cataldo2023phase
2305.09586,sun2023superconductivity
2305.09767,alexandrov2023out
2305.10034,zhigadlo2023emergence
2305.10039,mercaldo2023high
2305.10271,li2023epitaxial
2305.10295,xing2023critical
2305.10303,kubo2023tuning
2305.10479,zhu2023topological
2305.10707,du2023periodic
2305.10956,zheng2023fabrication
2305.10957,wu2023high
2305.11156,khasanov2023plane
2305.11678,xu2023phase
2305.11688,cavalcante2023raman
2305.12035,oseroff2023measurements
2305.12065,harshman2023determining
2305.12721,ramakrishnan2023enhancement
2305.12762,cui2023promoted
2305.12882,kobyakov2023screening
2305.12977,smith2023machine
2305.13017,walicka2023structural
2305.13217,cho2023ion
2305.13357,wu2023enhancement
2305.13355,kiely2023continuous
2305.13564,kim2023current
2305.13952,papari2023quantum
2305.14114,battisti2023bipolar
2305.14175,strohauer2023site
2305.14438,fischer2023spin
2305.14510,kochev2023size
2305.14643,tsujimoto2023terahertz
2305.14665,hung2023pairing
2305.14743,ma2023investigation
2305.14887,zakeri2023theory
2305.15029,signe2023tunable
2305.15190,kim2023wafer
2305.15345,sante2023flat
2305.15373,barik2023half
2305.15472,yuan2023inhomogeneity
2305.15564,luo2023bilayer
2305.15569,cao2023microscopic
2305.15619,akiba2023phonon
2305.15763,ng2023proximity
2305.15931,haug2023excess
2305.16062,tsvelik2023tractable
2305.16113,yang2023euler
2305.16276,uhl2023niobium
2305.16499,gupta2023tuning
2305.16605,meng2023topotactic
2305.16732,bagchi2023rotation
2305.16973,baksi2023situ
2305.17264,herbut2023so
2305.17381,shang2023fullya
2305.17669,khasanov2023emergence
2305.17823,lascio2023first
2305.17840,tokiwa2023anomalous
2305.17980,flaschmann2023optimizing
2305.17991,wei2023intertwined
2305.17999,babu2023structure
2305.18018,suzuki2023robustness
2305.18083,kastrinakis2023zeeman
2305.18087,huang2023low
2305.18093,huang2023odd
2305.18196,denchfield2023novel
2305.18525,kamra2023inverse
2305.18763,wu2023hidden
2305.18918,kokkeler2023proximity
2305.19033,wu2023enhanced
2305.19188,lorenzana2023long
2305.19253,meena2023superconductivity
2305.19317,nakamura2023orbital
2305.19622,yamasaki2023bulk
2305.19970,jiang2023zero
2305.19996,haller2023ac
2306.00072,lee2023detection
2306.00146,zhang2023supercurrent
2306.00193,margineda2023sign
2306.00259,kogan2023disorder
2306.00261,kim2023unconventional
2306.00405,hakuno2023magnetism
2306.00529,ram2023andreev
2306.00556,rana2023high
2306.00587,riwar2023discrete
2306.00626,bekaert2023phonon
2306.00685,zhao2023nonlinear
2306.00803,carmonagalvan2023electron
2306.00866,haxell2023demonstration
2306.01057,langmann2023universal
2306.01202,holmvall2023robust
2306.01228,castillolopez2023abrikosov
2306.01239,ishikawa2023superconductivity
2306.01514,haxell2023zeeman
2306.01555,foltyn2023probing
2306.01686,walker2023electronic
2306.01700,fang2023interplay
2306.02008,duan2023emergent
2306.02127,sakakibara2023finite
2306.02269,alam2023ab
2306.02356,foshat2023characterizing
2306.02375,pickett2023comment
2306.02397,niu2023shot
2306.02441,bobrov2023nonequilibrium
2306.02545,wang2023electromotive
2306.02621,jung2023spontaneous
2306.02809,wu2023topotactically
2306.02818,gavrichkov2023lattice
2306.02861,lin2023decoding
2306.02906,rodriguez2023magnetic
2306.03017,cayao2023controllable
2306.03122,bhattacharyya2023imaging
2306.03231,zhang2023electronica
2306.03370,liu2023vanadium
2306.03654,zhang2023microscopic
2306.03681,chen2023consistency
2306.03706,yang2023possible
2306.03803,yang2023universal
2306.03814,yu2023reply
2306.03890,gozlinski2023bosonic
2306.04081,pandey2023majorana
2306.04112,valenti2023hydrogen
2306.04157,puphal2023phase
2306.04238,akashi2023illuminating
2306.04302,guo2023robust
2306.04312,wang2023flat
2306.04439,hoffmann2023searching
2306.04559,nguyen2023understanding
2306.04852,collini2023charge
2306.04977,marchenko2023temperature
2306.05034,zhou2023topological
2306.05055,bobkov2023magnetic
2306.05121,lechermann2023electronic
2306.05149,jiang2023engineering
2306.05159,tamashevich2023model
2306.05177,shiri2023modeling
2306.05467,ciaccia2023charge
2306.05485,belanger2023doping
2306.05489,ye2023crucial
2306.05512,panda2023universal
2306.05758,rey2023interplay
2306.05763,jiang2023correlation
2306.05824,roos2023bcs
2306.05926,ye2023emergence
2306.05927,ye2023emergent
2306.06039,sakakibara2023possible
2306.06242,mohanta2023chiral
2306.06301,salke2023evidence
2306.06612,moskvin2023jahn
2306.06659,qu2023ferromagnetic
2306.06708,fujisawa2023imaging
2306.06711,fujisawa2023anomalous
2306.06907,tu2023bogoliubov
2306.06915,xie2023significant
2306.06996,kaap2023chip
2306.07081,mannhart2023alex
2306.07275,gu2023effective
2306.07313,bloch2023strongly
2306.07366,porlles2023quantum
2306.07468,li2023high
2306.07696,bordin2023crossed
2306.07746,gubler2023ternary
2306.07837,shen2023effective
2306.07869,zhang2023light
2306.07871,konig2023type
2306.08043,bttcher2023circuit
2306.08112,khasanov2023oxygen
2306.08338,sawahara2023superconductivity
2306.08347,yang2023superconductivity
2306.08703,prozorov2023slope
2306.08820,pan2023ultrasonic
2306.09092,wang2023effect
2306.09113,mao2023universal
2306.09413,ghorashi2023altermagnetic
2306.09420,huber2023quantum
2306.09423,aishwarya2023visualizing
2306.09440,kenawy2023time
2306.09473,oripov2023superconducting
2306.09500,penner2023resistivity
2306.09669,du2023exploring
2306.09810,guo2023hall
2306.09868,pavlov2023anatomy
2306.10244,alam2023cryogenic
2306.10438,klimczuk2023superconductivity
2306.10894,shen2023half
2306.11005,dong2023superconductivity
2306.11063,chaudhary2023superconductivity
2306.11145,sinner2023superconducting
2306.11200,wu2023nematic
2306.11218,amin2023kramers
2306.11225,mizushima2023imprinting
2306.11266,he2023crossover
2306.11373,kamra2023complete
2306.11462,kobayashi2023anisotropy
2306.11463,kuchinskii2023thermoelectric
2306.11674,xiao2023probing
2306.11935,zhang2023superconducting
2306.12034,nanda2023bismuth
2306.12207,kittaka2023modulation
2306.12220,awoga2023superconductivity
2306.12295,virtanen2023nonreciprocal
2306.12312,sboychakov2023triplet
2306.12335,mirarchi2023tuning
2306.12373,lagarrigue2023memristive
2306.12473,yazdani2023hunting
2306.12483,cuozzo2023su
2306.12486,koh2023correlated
2306.12492,sanchez2023strain
2306.12493,phillips2023self
2306.12641,liu2023unconventional
2306.12684,farrahi2023dynamic
2306.12710,banerjee2023large
2306.12765,greco2023josephson
2306.12784,schilling2023taking
2306.12875,francica2023normal
2306.12905,puntel2023out
2306.13071,talantsev2023characteristic
2306.13124,hodt2023off
2306.13235,chakravarty2023planckian
2306.13251,horio2023influence
2306.13291,nagae2023multi
2306.13297,zhang2023vortex
2306.13393,klimin2023low
2306.13574,smith2023improved
2306.13632,gassner2023light
2306.13654,ghimire2023quasiparticle
2306.13737,mueller2023constraints
2306.13981,ouyang2023superconductivity
2306.14270,zhao2023fluctuation
2306.14365,yang2023first
2306.14427,jujo2023theory
2306.14438,nicoletti2023comment
2306.14481,keppert2023phase
2306.14493,galaktionov2023josephson
2306.14494,piselli2023josephson
2306.14500,pisani2023inclusion
2306.14794,greene2023strange
2306.14841,shilenko2023correlated
2306.14964,dutta2023nonlocality
2306.14980,gaikwad2023observing
2306.15086,pelliciari2023comment
2306.15141,motoki2023direct
2306.15528,zieve2023sixty
2306.15650,hepting2023evolution
2306.15655,yin2023surface
2306.15892,ho2023preliminary
2306.16235,xiao2023local
2306.16270,liu2023s2snet
2306.16273,knebel2023c
2306.16289,tsintzis2023roadmap
2306.16300,beenakker2023phase
2306.16343,hu2023electronic
2306.16561,cui2023ab
2306.16570,zhao2023smectic
2306.16611,hackner2023bardasis
2306.16689,yu2023spin
2306.16853,hess2023reply
2306.17094,venditti2023thermodynamic
2306.17503,mallik2023correlation
2306.17549,suetsugu2023fully
2306.17616,yi2023superconducting
2306.17739,liao2023orbital
2306.17785,hijano2023dynamical
2306.17835,noad2023giant
2307.00180,kim2023tuning
2307.00201,peng2023near
2307.00204,dodge2023status
2307.00208,yip2023coupling
2307.00448,varma2023extended
2307.00568,weinberger2023quantum
2307.00993,yang2023universala
2307.01042,luo2023unique
2307.01250,spence2023three
2307.01261,volkov2023josephson
2307.01433,nevirkovets2023electrically
2307.01476,karn2023normal
2307.01505,labarias2023kinetic
2307.01853,zhuang2023superconducting
2307.01958,hattori2023metallurgy
2307.01976,lygouras2023fragile
2307.02020,zeng2023discovery
2307.02360,gazizova2023emergent
2307.02681,walsh2023superconductivity
2307.02685,reichhardt2023kibble
2307.02821,hossain2023isotropic
2307.02950,liu2023electronic
2307.02989,wu2023pressure
2307.03031,phong2023mirror
2307.03304,dogan2023anisotropy
2307.03314,parafilo2023photoinduced
2307.03456,patil2023spectral
2307.03773,wauters2023topological
2307.03861,li2023spectroscopic
2307.03931,gao2023robust
2307.03946,bhattacharyya2023superconducting
2307.03954,ianovskaia2023magnon
2307.05583,nunchot2023resistivity
2307.04637,yue2023instability
2307.04660,lacmann2023high
2307.04830,bozkurt2023double
2307.04835,daviet2023nature
2307.04903,maldonado2023negative
2307.04919,chakravarty2023theorem
2307.04922,kotibhaskar2023programmable
2307.05009,sun2023enhancement
2307.05024,lv2023physical
2307.05098,sahu2023fabry
2307.05112,kouchi2023dynamics
2307.05662,wu2023charge
2307.05671,zhang2023hourglass
2307.05724,linek2023coupling
2307.05904,han2023twofold
2307.05957,arima2023observation
2307.06045,zeng2023microwave
2307.06365,soldini2023two
2307.06375,merzoni2023charge
2307.06383,giacomelli2023emergent
2307.06486,parzyck2023absence
2307.06715,coraiola2023spin
2307.06718,hinderling2023flip
2307.06806,cao2023flat
2307.06839,jonckheere2023quartet
2307.07154,chen2023chargeb
2307.07202,benfatto2023linear
2307.07348,giuli2023mott
2307.07581,borst2023observation
2307.07684,kurokawa2023unveiling
2307.07751,guarcello2023switching
2307.07905,zarea2023electromagnetic
2307.07996,levichev2023finite
2307.08181,liu2023nematic
2307.08385,jin2023pressure
2307.08437,su2023synthesis
2307.08560,pallecchi2023experimental
2307.08578,uday2023induced
2307.08611,chen2023test
2307.08808,sun2023superfluid
2307.09078,kristen2023observation
2307.09094,tamashevich2023improved
2307.09187,oike2023mottness
2307.09431,chen2023metallic
2307.15078,kogan2023shocks
2307.09500,kim2023exact
2307.09534,kuster2023yu
2307.09791,chan2023superconductivity
2307.09833,gao2023spin
2307.09865,hou2023emergence
2307.09935,grunwald2023dynamical
2307.10006,profe2023competition
2307.10076,blundell2023dft
2307.10144,liu2023s
2307.10374,szabo2023effects
2307.10377,occhialini2023spontaneous
2307.10389,liu2023magnetization
2307.10604,valadkhani2023tuning
2307.10699,fang2023assessing
2307.10722,xiang2023observation
2307.10723,lu2023superconductivity
2307.10724,tokunaga2023longitudinal
2307.10728,cerqueira2023sampling
2307.10786,ummarino2023multiband
2307.10809,ly2023comparative
2307.10938,theuss2023single
2307.10979,prando2023cluster
2307.10989,kulikov2023resonance
2307.11338,feng2023pairing
2307.11354,wu2023effect
2307.11645,sharma2023challenges
2307.11646,baran2023surrogate
2307.11667,jones2023grain
2307.11742,semenok2023evidence
2307.11820,baldelli2023fragmented
2307.11970,fujisawa2023imaginga
2307.12008,lee2023first
2307.12020,qin2023effects
2307.12037,lee2023superconductor
2307.12206,huang2023novel
2307.12223,lu2023greens
2307.12372,chen2023non
2307.12389,prozorov2023linear
2307.12404,yang2023crystal
2307.12610,layek2023lattice
2307.12857,su2023coincidence
2307.12861,holbk2023unconventional
2307.12879,cantarino2023incoherent
2307.13030,pangburn2023superconductivity
2307.13053,guarcello2023bipolar
2307.13067,guo2023large
2307.13312,nakai2023higher
2307.13313,semenok2023computational
2307.13366,stefanski2023quantum
2307.13534,tam2023charge
2307.13575,zhu2023effective
2307.13740,tranquada2023non
2307.13990,rumann2023inter
2307.13993,simon2023normal
2307.13997,brange2023adiabatic
2307.14144,yang2023non
2307.14196,ando2023topological
2307.14258,iorsh2023floquet
2307.14533,chen2023electromagnon
2307.14698,zazunov2023approaching
2307.14819,zhang2023high
2307.14835,zhang2023frustration
2307.14838,zhang2023topological
2307.14891,ghimire2023anisotropic
2307.14965,lu2023interlayer
2307.15162,vakili2023majorana
2307.15219,grimaudo2023axion
2307.15276,zhang2023structural
2307.15386,zazunov2023nonreciprocal
2307.15472,cayao2023non
2307.15619,tichai2023heavy
2307.15629,cao2023pressure
2307.15654,pitavidal2023strong
2307.15695,mcbroomcarroll2023entangling
2307.15706,oh2023type
2307.15784,kinjo2023superconducting
2307.16313,teknowijoyo2023superconductivity
2307.16320,bobkov2023oscillatory
2307.16384,gao2023arpes
2307.16402,kumar2023synthesis
2307.16404,arima2023nonvolatile
2307.16438,shu2023coexistence
2307.16472,zhou2023gating
2307.16602,haim2023proximitized
2307.16623,khandelwal2023structural
2307.16697,liao2023electron
2307.16800,bai2023tailoring
2307.16802,liu2023semiconducting
2308.00714,teknowijoyo2023superconducting
2307.16873,qu2023bilayer
2307.16892,griffin2023origin
2308.00201,nepal2023imaginary
2308.00248,wei2023gapless
2308.00333,que2023performance
2308.00470,karchev2023overview
2308.00676,si2023electronic
2308.00698,kurleto2023pb
2308.00737,cogburn2023cft
2308.00748,ingham2023quadratic
2308.00775,sobolev2023possible
2308.02547,patel2023d
2308.00838,derendorf2023nonlinear
2308.00839,brosco2023superconducting
2308.00893,ishihara2023giant
2308.00905,fujiwara2023impact
2308.00912,koizumi2023reversible
2308.00930,machida2023searching
2308.00953,yu2023gate
2308.02402,groshev2023effect
2308.01021,godzik2023quantized
2308.01061,reinhardt2023link
2308.01079,sun2023anomalous
2308.01081,khokhlov2023magnetization
2308.01116,azam2023high
2308.01135,cabezasescares2023electronic
2308.01159,entinwohlman2023magnetization
2308.01176,yang2023inter
2308.01192,hou2023observation
2308.01229,salinas2023electron
2308.01932,shams2023investigation
2308.01307,baskaran2023broad
2308.01315,tavakol2023minimal
2308.01367,manasa2023cometal
2308.01494,ma2023polarity
2308.01516,wu2023successful
2308.01678,chakraborty2023dc
2308.01693,wang2023general
2308.01723,abramian2023some
2308.01786,shinada2023unique
2308.01961,kim2023semi
2308.01995,capecelatro2023andreev
2308.02079,bengtsson2023model
2308.02128,singh2023effect
2308.02211,sato2023discontinuous
2308.02303,pandey2023ambient
2308.02617,hinohara2023triplet
2308.02469,oh2023s
2308.02475,hinlopen2023lifshitz
2308.02646,ilic2023spectral
2308.02977,cross2023high
2308.03110,guo2023ferromagnetic
2308.03153,gutowska2023superconductivity
2308.03808,cooley2023business
2308.03218,tao20231
2308.03401,barantani2023can
2308.03454,sun2023metallization
2308.03544,kumar2023absence
2308.03619,tresca2023evidence
2308.03668,aoyama2023half
2308.03691,hlinka2023possible
2308.03823,timokhin2023synthesis
2308.03701,shukrinov2023buzdin
2308.03721,lafleur2023inhomogeneous
2308.03836,son2023edge
2308.03835,christos2023emergence
2308.03948,fidrysiak2023high
2308.04081,mizuguchi2023absence
2308.04301,korotin2023electronic
2308.04344,zhang2023structurala
2308.04353,zhu2023first
2308.04377,zhang2023superconductivitya
2308.04480,lee2023effective
2308.04427,si2023pb
2308.04508,zyuzin2023superconductivity
2308.04547,cichy2023spin
2308.05124,chen2023berry
2308.04737,guo2023cooper
2308.04738,guo2023medium
2308.04817,hess2023josephson
2308.04862,singh2023review
2308.04915,krivovichev2023crystal
2308.05134,bai2023magnetic
2308.04976,yue2023correlated
2308.05001,wu2023observation
2308.05143,jiang2023pb
2308.05150,dalal2023field
2308.05155,lee2023universal
2308.05222,jain2023superionic
2308.05267,wang2023absence
2308.05285,park2023fermi
2308.05290,park2023planckian
2308.05300,jha2023evaluation
2308.05313,xu2023bogoliubov
2308.05325,panda2023bosonic
2308.05377,yadav2023conventional
2308.05776,thakur2023synthesis
2308.05528,mao2023wannier
2308.05778,hou2023current
2308.05686,hu2023anomalous
2308.05786,zhang2023ferromagnetism
2308.05791,dzero2023transport
2308.05919,mi2023piezostrain
2308.06000,filippov2023superconducting
2308.06170,minutillo2023kitaev
2308.06222,cai2023high
2308.06240,torrascoloma2023superconducting
2308.06256,puphal2023single
2308.06349,chen2023statistical
2308.06589,singh2023experimental
2308.06684,panas2023entertaining
2308.06704,yang2023diamagnetic
2308.06757,mangel2023ground
2308.06771,jiang2023high
2308.07345,liu2023metallic
2308.06875,lee2023doping
2308.06881,lee2023temperature
2308.06988,yuan2023absence
2308.07115,roos2023enhanced
2308.07143,neyenhuys2023long
2308.07226,aunsmo2023converting
2308.07261,witt2023no
2308.07941,shen2023phase
2308.07376,pal2023transport
2308.07383,rumann2023density
2308.07386,zhang2023trends
2308.07400,iwakiri2023tunable
2308.07423,furutani2023fokker
2308.07482,he2023anharmonic
2308.07651,huang2023impurity
2308.07674,das2023role
2308.08458,swift2023comment
2308.07800,liu2023phases
2308.07849,ashhab2023high
2308.07888,li2023valley
2308.08454,liu2023different
2308.07961,awoga2023controlling
2308.08248,peotta2023quantum
2308.08395,vinograd2023using
2308.08435,khanal2023evaluation
2308.08606,brekke2023two
2308.08609,jiang2023pair
2308.08633,gnezdilov2023phase
2308.08679,krenkel2023robust
2308.08686,khanal2023quench
2308.11768,wang2023ferromagnetic
2308.08814,pendharkar2023torsional
2308.08894,kozlov2023dynamic
2308.09044,qin2023high
2308.09116,kobyakov2023unified
2308.09136,burlachkov2023bowstring
2308.09172,stepien2023bogomolny
2308.09335,lopezmonsalvo2023geometry
2308.09528,vucicevic2023simple
2308.09541,kumar2023josephson
2308.11766,liu2023symmetry
2308.09698,tian2023correlation
2308.09707,luo2023majorana
2308.09756,kalimuddin2023exceptionally
2308.09773,azari2023absence
2308.09859,raut2023temperature
2308.09900,pashov2023multiple
2308.09925,lee2023fermi
2308.09995,kalashnikov2023josephson
2308.10065,he2023vortex
2308.10129,nie2023pressure
2308.10492,zhang2023huge
2308.10530,scammell2023displacement
2308.10659,tatan2023magnetic
2308.10663,christovam2023spectroscopic
2308.10669,legg2023reply
2308.10780,tam2023superfluid
2308.10939,giil2023superconductor
2308.10938,wagner2023coulomb
2308.10935,sahay2023superconductivity
2308.11101,wei2023discovery
2308.11160,gu2023searching
2308.11195,lu2023superconductivitya
2308.11270,qi2023green
2308.11414,chen2023pair
2308.11614,jiang2023pressure
2308.11811,mishra2023magnetic
2308.11930,cai2023energy
2308.11996,bashashin2023parallel
2308.12040,kumar2023digital
2308.12055,sheng2023majorana
2308.12090,sidorova2023phonon
2308.12398,yam2023cryogenic
2308.12414,xu2023superconductivitya
2308.12474,razmkhah2023high
2308.12618,jia2023emergence
2308.12631,kawachi2023distinctive
2308.12703,chatterjee2023second
2308.12750,kitamine2023theoretical
2308.12812,soundararajan2023solid
2308.12931,altland2023fragility
2308.12995,lapa2023stability
2308.13180,kim2023electronic
2308.13275,gupta2023effective
2308.13400,brzezicki2023geometric
2308.13427,grundner2023cooper
2308.13597,athanasiou2023thouless
2308.13601,hardy2023nematic
2308.13824,nyari2023topological
2308.13831,laszloffy2023topological
2308.13885,chen2023exploring
2308.13938,yang2023ab
2308.14062,hur2023one
2308.14170,liu2023examining
2308.14227,sumita2023fulde
2308.14294,paudyal2023implications
2308.14345,corasaniti2023impact
2308.14564,jin2023midgap
2308.14612,zeng2023extremely
2308.14672,sanna2023possible
2308.14751,souto2023probing
2308.14795,lesser2023josephson
2308.14801,wang2023multiferroicity
2308.14849,liu2023probing
2308.14892,deisz2023perturbation
2308.15031,shutov2023ternary
2308.15064,kataria2023broken
2308.15228,charaev2023single
2308.15258,holmvall2023enhanced
2308.15523,ouassou2023rkky
2308.15535,yuan2023exactly
2308.15540,samanta2023two
2308.15631,taylor2023low
2308.15722,xue2023checkerboard
2308.15869,li2023superconductivitya
2308.16072,houzet2023microwave
2308.16101,fan2023stripe
2308.16420,liang2023observation
2308.16423,polak2023reentrant
2308.16507,rudenko2023strong
2308.16564,luo2023high
2308.16657,song2023nature
2308.16746,cao2023post
2308.16786,tosatti2023my
2308.16908,das2023quantized
2309.00105,zabala2023enhanced
2309.00118,sajith2023signatures
2309.00261,lam2023suppression
2309.00264,le2023superconducting
2309.00346,sboychakov2023coexistence
2309.00469,wang2023impact
2309.00495,kokkeler2023nonreciprocal
2309.00601,caceres2023fast
2309.00679,yamase2023spin
2309.00747,rogachev2023microscopic
2309.01148,yang2023orbital
2309.01295,furutani2023study
2309.01355,gao2023hard
2309.01403,daou2023anisotropic
2309.01410,nagashima2023classification
2309.01563,vasenin2023evolution
2309.01634,ghorai2023order
2309.01649,li2023chargeb
2309.01651,zhang2023effects
2309.01856,hatefipour2023andreev
2309.01942,iyo2023na
2309.02146,sengupta2023spontaneous
2309.02178,braz2023superconductivity
2309.02222,venturini2023unconventional
2309.02241,hansen2023magnetic
2309.02249,pardo2023fast
2309.02419,ptok2023phononic
2309.02537,vano2023emergence
2309.02655,kamenov2023suppression
2309.02683,hirsch2023magnetic
2309.02695,li2023correlated
2309.02714,sh2023atomic
2309.02728,houzet2023josephson
2309.02827,mineev2023field
2309.02918,tsutsumi2023topological
2309.03153,canfora2023magnetized
2309.03170,quirk2023vortex
2309.03285,wu2023nodal
2309.03407,razmkhah2023josephson
2309.03416,li2023topological
2309.03760,rodriguez2023superconductivity
2309.03935,boschini2023time
2309.04050,ren2023microwave
2309.04155,yang2023driven
2309.04237,leeb2023interband
2309.04308,tran2023re
2309.04359,fabritius2023irreversible
2309.04531,homann2023dissipationless
2310.08594,liao2023investigation
2309.04847,noat2023statistics
2309.05034,liu2023giant
2309.05243,prasad2023interplay
2309.05313,otsuki2023carrier
2309.05403,hejazi2023new
2309.05486,meier2023preempted
2309.05623,tamura2023equal
2309.05664,szabo2023superconductivity
2309.05711,song2023thermal
2309.05726,zhang2023strong
2309.05880,mardanya2023unconventional
2309.05895,chen2023coexistencea
2310.05957,attard2023double
2309.05983,kohno2023characteristics
2309.05984,kohno2023temperature
2309.06069,anan2023time
2309.06173,pan2023effect
2309.06303,sayyad2023transfer
2309.07928,li2023deciphering
2309.06385,almeida2023investigating
2309.06732,wu2023fermi
2309.06839,gokhfeld2023magnetic
2309.06984,ness2023ab
2309.07211,mland2023topological
2309.07292,elschner2023garber
2309.07336,crowe2023analysis
2309.07827,mielke2023microscopic
2309.07997,jin2023first
2309.08062,chaves2023using
2309.08246,chen2023superconductivity
2309.08292,halder2023electrically
2309.08308,mehta2023topological
2309.08329,lotric2023chern
2309.08582,chen2023gate
2309.08668,li2023observation
2309.08758,karki2023physics
2309.08921,li2023diminishing
2309.09008,verma2023seebeck
2309.09160,chigusa2023axion
2309.09255,plokhikh2023charge
2309.09260,ye2023visualizing
2309.09368,frolov2023smoking
2309.09462,sakakibara2023theoretical
2309.09494,zeng2023superconductivity
2309.09829,starkov2023schrieffer
2309.09903,marques2023vacuum
2309.10025,stalhammar2023emergent
2309.10145,he2023efficient
2309.10208,xu2023anomalous
2309.10274,zheng2023prediction
2309.10407,murakami2023anomalous
2309.10446,maggioaprile2023vortex
2309.10540,wang2023simple
2309.10571,yadav2023low
2309.10637,shahbazi2023revival
2309.10705,santana2023ni
2309.10720,das2023mean
2309.10888,perez2023effect
2309.10897,stolyarov2023anomalous
2309.10905,hawthorn2023resonant
2309.10923,foppiano2023semi
2309.11055,zeng2023superconductivitya
2309.11098,trugenberger2023gauge
2309.11149,chen2023electrostatic
2309.11328,nitsch2023transport
2309.11440,thumin2023flat
2309.11501,chen2023intrinsic
2309.11541,kim2023dynamical
2309.11556,zhao2023composite
2309.11607,winblad2023superconducting
2309.11670,li2023non
2309.11786,jiang2023paira
2309.11874,bandur2023two
2309.12133,marychev2023intertype
2309.12313,pino2023minimal
2309.12457,oudah2023time
2309.12520,quintanarzamora2023experimental
2309.12535,raghavan2023superconductivity
2309.12615,wong2023decoding
2309.12674,cassamchenai2023conjecture
2309.12836,kamra2023using
2309.12840,sahinovic2023nature
2309.12923,zhou2023non
2309.13040,lange2023pairing
2309.13131,ali2023impact
2309.13301,liu2023tensor
2309.13514,liu2023superconductivity
2309.13868,liu2023chargea
2309.13919,tongkhonburi2023investigation
2309.14077,huang2023second
2309.14133,gundareva2023induced
2309.14262,shyta2023chiral
2309.14411,cao2023signatures
2309.14427,chakraborty2023zero
2309.14448,zhang2023quantum
2309.14479,bhattacharyya2023metallic
2309.14574,liu2023absence
2309.14665,li2023peak
2309.14767,peng2023theoretical
2309.14812,xu2023altermagnetic
2309.14851,zhao2023doped
2309.14909,andreev2023coupled
2309.14952,hirsch2023interpretation
2309.15078,geisler2023structural
2309.15095,yang2023strong
2309.15567,cayao2023enhancing
2309.15652,iwanikow2023influence
2309.15688,chen2023surface
2309.15745,rhodes2023structural
2309.15843,lange2023feshbach
2309.15894,aase2023multiband
2309.15989,scott2023detection
2309.16013,lima2023interfacial
2309.16151,islam2023ab
2309.16191,takemori2023theory
2309.16341,ma2023topological
2309.16502,huang2023fege1
2309.16814,grinenko2023extraordinary
2309.16890,hampel202364
2309.16917,zhang2023atomic
2309.16982,wu2023superconducting
2309.16985,asaba2023evidence
2309.17279,labollita2023electronic
2309.17362,keles2023pairing
2309.17378,wang2023pressurea
2309.17408,sindler2023two
2310.00056,lucrezi2023full
2310.00128,chou2023ultrafast
2310.00282,azam2023higha
2310.00499,biderang2023microscopic
2310.00573,wang2023introduction
2310.00838,yu2023spina
2310.00945,backmeyer2023modeling
2310.01722,nakagawa2023vortex
2310.01952,kaneko2023pair
2310.02539,daido2023unidirectional
2310.02586,cheng2023low
2310.02589,cheng2023evidence
2310.02761,hage2023disentangling
2310.02910,zhao2023non
2310.02915,lu2023interplay
2310.02933,zalom2023hidden
2310.03082,mland2023exceeding
2310.03102,vakhtel2023tunneling
2310.03138,schnaubelt2023magneto
2310.03170,li2023critical
2310.03296,levajac2023supercurrent
2310.06866,diaz2023manipulating
2310.03484,fukushima2023supercurrent
2310.03489,schuster2023squid
2310.03531,manasa2023comparison
2310.03609,zhu2023unconventional
2310.03723,christiansson2023quaternary
2310.03810,rechcinski2023influence
2310.03818,dee2023diboride
2310.03950,mootz2023multi
2310.04033,lu2023superconductivityb
2310.04040,ikenobe2023superconductivity
2310.04105,ghosh2023zrossi
2310.04325,thumin2023constrain
2310.04375,denhoff2023epitaxial
2310.04379,fidrysiak2023tuning
2310.06869,zen2023flux
2310.04806,dvornikov2023superfluidity
2310.04938,lee2023anisotropic
2310.05138,brei2023time
2310.05376,wang2023interplay
2310.05603,adhikary2023unique
2310.05663,wang2023secondary
2310.05716,ge2023direct
2310.10674,tan2023new
2310.06024,gao2023pair
2310.06030,uldemolins2023interaction
2310.06102,frachet2023colossal
2310.06108,draher2023design
2310.06190,liu2023ordered
2310.06220,herman2023slope
2310.06411,sekizawa2023time
2310.06443,ma2023phase
2310.06589,bouzerar2023hidden
2310.06621,gao2023effects
2310.06672,beenakker2023casimir
2310.06797,biznarova2023mitigation
2310.06804,sanna2023prediction
2310.09305,cao2023interplay
2310.07562,dolui2023feasible
2310.07696,chen2023planar
2310.07791,foster2023statistics
2310.07824,ucpinar2023chip
2310.07993,hidaka2023effective
2310.08154,kurkjian2023interaction
2310.08162,glier2023direct
2310.08462,zhao2023multigap
2310.08642,kotetes2023new
2310.08698,krantz2023magnetic
2310.08736,attard2023comment
2310.11463,kikuchi2023new
2310.09063,witt2023bypassing
2310.09097,antoine2023superconductivity
2310.09174,yang2023explicit
2310.09190,yi2023dirac
2310.09258,na2023chiral
2310.09324,sun2023supercurrent
2310.09526,ilin2023superconductivity
2310.09557,sundar2023order
2310.09816,singh2023unidirectional
2310.11236,misawa20233
2310.10153,ueda2023photoinduced
2310.10201,kesharpu2023proposal
2310.10279,montanaro2023dynamics
2310.10337,mehrnejat2023flux
2310.10491,huston2023metastable
2310.10923,bourhill2023metallised
2310.11051,singh2023electromagnetic
2310.11195,villegas2023theory
2310.11298,sanchezmanzano2023size
2310.11484,vozhakov2023speeding
2310.11497,iliasov2023strong
2310.12002,holst2023topological
2310.12117,pascucci2023effects
2310.12194,karmakar2023fermi
2310.12223,wang2023superfluid
2310.12250,luo2023superconductivity
2310.12252,zhou2023emergent
2310.12259,ning2023comparing
2310.12414,ma2023correlation
2310.12824,cao2023pressurea
2310.12849,xiong2023effect
2310.12850,zhu2023pressure
2310.12890,candelora2023quantifying
2310.13058,russo2023landau
2310.13163,narayan2023potential
2310.13214,li2023evolutiona
2310.13282,park2023characterization
2310.13363,xie2023visualization
2310.13475,prigozhin2023magnetization
2310.13491,sokolovsky2023hts
2310.13741,nguyen2023quantum
2310.13857,cong2023superconductor
2310.13945,yang2023prediction
2310.13986,adam2023emergence
2310.14024,li2023observationa
2310.14035,shustin2023topological
2310.14057,li2023ab
2310.14254,watanabe2023pressure
2310.14271,zeng2023superconductivityb
2310.14284,llovo2023dilemma
2310.14800,lapp2023complete
2310.15103,herrig2023emulating
2310.15260,kang2023mott
2310.15331,chandrasekaran2023engineering
2310.15381,tranquada2023la
2310.15558,daido2023quantum
2310.15606,paolucci2023thermoelectric
2310.15864,kovalev2023elementary
2310.15892,boulanger2023thermal
2310.15995,cheung2023photon
2310.16075,kundu2023cdmft
2310.16051,yu2023sketched
2310.16272,aoyama2023stripe
2310.16486,plastovets2023delocalization
2310.16529,schuster2023design
2310.16543,bobkov2023controllable
2310.16623,yazdanihamid2023polar
2310.16785,maurya2023demand
2310.16815,fiore2023investigating
2310.16881,watanabe2023spontaneous
2310.17088,ling2023disorder
2310.17148,tsuji2023higgs
2310.17244,bi2023inter
2310.17301,zhao2023perfect
2310.17464,cheng2023superconductivity
2310.17465,ryee2023quenched
2310.17691,liu2023pair
2310.17706,yang2023recovery
2310.17728,islam2023unconventional
2310.17847,vijayan2023realizing
2310.17858,li2023emergent
2310.17871,zhang2023electronicb
2310.17992,wang2023theory
2310.18083,ezawa2023robustness
2310.18132,araujo2023superconducting
2310.18134,pawlak2023gate
2310.18147,sato2023molecular
2310.18157,kheirkhah2023superconductivity
2310.18175,devi2023effect
2310.18218,chen2023random
2310.18232,lang2023nanostructured
2310.18245,sattigeri2023dirac
2310.18302,blackburn2023searching
2310.18524,blatter2023tuning
2310.18675,jiang2023interplay
2310.18800,lohani2023fermi
2310.18994,lohani2023investigation
2310.19002,zhao2023high
2310.19003,li2023multiband
2310.19016,lohani2023valence
2310.19082,lohani2023valencea
2310.19241,stanley2023temperature
2310.19279,goteti2023information
2310.19875,kuklov2023universal
2310.19907,lee2023observation
2310.20017,evans2023spatially
2310.20084,gindikin2023electron
2310.20108,kanao2023fast
2310.20306,sun2023emergence
2310.20385,abalmasov2023free
2310.20576,dong2023proximity
2310.20640,sarkar2023electronic
2311.00069,sundar2023gap
2311.00178,banerjee2023observing
2311.00195,seki2023effect
2311.00228,fried2023performance
2311.00266,ding2023constructing
2311.00324,ishizuka2023correlation
2311.00479,pisani2023peaks
2311.00540,pisani2023critical
2311.00597,mazanik2023hysteresis
2311.00602,saggau20232d
2311.00841,zhai2023nuclear
2311.00909,scott2023planar
2311.00930,terashima2023transport
2311.00937,arima2023magnetic
2311.00948,huang2023generation
2311.01019,patra2023superconducting
2311.01037,kapcia2023electronic
2311.01318,sadakov2023quasi
2311.01413,bejas2023plasmon
2311.01502,tjernshaugen2023superconducting
2311.01656,sun2023hydride
2311.01670,anferov2023low
2311.01880,chinellato2023topological
2311.02005,hecker2023local
2311.02165,liao2023detecting
2311.02207,belanger2023inter
2311.02336,hai2023green
2311.02403,salim2023effect
2311.02494,bostrom2023phonon
2311.02824,meng2023flat
2311.02946,bogush2023microwave
2311.03104,jerome2023quasi
2311.03126,hao2023baryon
2311.03193,zatelli2023robust
2311.03208,haaf2023two
2311.03302,zhang2023exposing
2311.03349,schlomer2023superconductivity
2311.03558,habamahoro2023replication
2311.03605,wojcik2023signatures
2311.03640,fujimori2023impact
2311.03649,song2023strong
2311.03717,ohashi2023surface
2311.03752,basistha2023low
2311.03931,gavrichkov2023doped
2311.04170,hazra2023buckyballs
2311.04188,bristow2023multi
2311.04445,i2023fano
2311.04506,valko2023minimal
2311.04605,gandhi2023non
2311.04629,tei2023pairing
2311.04757,biagioni2023sub
2311.05035,samokhin2023ginzburg
2311.05156,pan2023ground
2311.05453,li2023signature
2311.05455,knafo2023incommensurate
2311.05491,chen2023orbital
2311.05578,apostoloff2023deformation
2311.05814,li2023majorana
2311.05946,wilson2023av
2311.06075,kuderowicz2023strong
2311.06097,rising2023thermodynamic
2311.06195,cataldo2023unconventional
2311.06709,alam2023first
2311.06710,qi2023quantum
2311.06804,voskresensky2023pion
2311.06841,shang2023probing
2311.06925,qiu2023microwave
2311.06988,sherpa2023absence
2311.07136,piva2023superconducting
2311.07153,lv2023double
2311.07262,shi2023stability
2311.07316,xia2023sensitive
2311.07353,zhu2023superconductivity
2311.07359,osvath2023simple
2311.07405,sboychakov2023superconductivity
2311.07423,zhang2023superconductivityb
2311.07571,laflorencie2023universal
2311.07667,profe2023diverge
2311.07697,klemm2023nematic
2311.07787,razmkhah2023hybrid
2311.07865,talantsev2023broadening
2311.07882,oh2023nonreciprocal
2311.07943,liu2023superconductivitya
2311.08056,shi2023emerging
2311.08070,pham2023first
2311.08212,wang2023observationa
2311.08281,dobrovolskiy2023fast
2311.08771,han2023topological
2311.08928,wang2023evidence
2311.09009,liu2023josephson
2311.09177,atalay2023open
2311.09186,wang2023structure
2311.09310,li2023amplitude
2311.09347,babkin2023proximity
2311.09368,pletikosic2023possible
2311.09588,yang2023orientation
2311.09664,miceli2023quantum
2311.09742,wang2023observationb
2311.09772,lozano2023properties
2311.09970,chang2023fermi
2311.10030,heier2023calculated
2311.10066,ouyang2023hund
2311.10338,watanabe2023observation
2311.10499,ray2023kerr
2311.10676,shpagina2023fate
2311.10942,zhang2023hydrogen
2311.11087,yuan2023edelstein
2311.11402,oudah2023discovery
2311.11447,acevedo2023bec
2311.11540,wang2023prominent
2311.11561,pohle2023ground
2311.11615,mahato2023pinning
2311.11684,park2023emergence
2311.11867,debbarma2023josephson
2311.11954,tikhonov2023efficient
2311.12094,chou2023monte
2311.12116,salamone2023interface
2311.12222,ghimire2023electron
2311.12361,zhou2023investigations
2311.12769,qu2023hunds
2311.12783,escribano2023feedback
2311.12797,reiser2023tilted
2311.12964,melin2023magnetointerferometry
2311.13116,gheorghiu2023magneto
2311.13150,shein2023fundamental
2311.13228,cui2023strain
2311.13308,duan2023superconductivity
2311.13312,azam2023optimization
2311.13345,beneklins2023many
2311.13440,laurell2023luther
2311.13674,alvarez2023electron
2311.13908,azam2023antimony
2311.14119,lopeznunez2023magnetic
2311.14154,yeram2023structural
2311.14170,dutta2023superconductivity
2311.14297,pal2023identification
2311.14355,iannetti2023unveiling
2311.14472,zhou2023multiple
2311.14503,margineda2023back
2311.14559,meng2023layer
2311.14860,osin2023anomalous
2311.14914,lau2023replica
2311.15079,pandey2023non
2311.15092,chen2023global
2311.15126,khvalyuk2023near
2311.15132,manasa2023enhancement
2311.15338,piasotski2023greens
2311.15371,leblanc2023nonreciprocal
2311.15560,bayros2023influence
2311.15574,kopasov2023unconventional
2311.15577,kopasov2023adiabatic
2311.15613,bobkov2023magnetica
2311.15684,bertinjohannet2023current
2311.15708,kokkeler2023positive
2311.15717,chen2023evidence
2311.15733,cameron2023unconventional
2311.15814,ono2023complete
2311.15834,yang2023charge
2311.15835,wu2023surface
2311.15911,pan2023fermionized
2311.16033,li2023paramagnetic
2311.16329,wang2023evidencea
2311.16449,katsumi2023revealing
2311.16489,yue2023signatures
2311.16553,wang2023magnon
2311.16590,wei2023atomic
2311.16641,qin2023higha
2311.16763,li2023structural
2311.16767,jasiewicz2023local
2311.16794,smirnov2023wiring
2311.16815,li2023selective
2311.17000,stepanov2023sputtered
2311.17158,prosko2023flux
2311.17328,kim2023superconductivity
2311.17501,kuzmiak2023disorder
2311.17506,kuzmiak2023suppressed
2311.17511,midei2023giant
2311.17513,miyazaki2023potential
2311.17534,putilov2023non
2311.17694,li2023intrinsic
2311.18019,palle2023superconductivity
2311.18325,ji2023non
2311.18442,qin2023electronic
2311.18478,szudlarek2023bcs
2311.18507,arushi2023ce
2311.18544,ohnmacht2023quartet
2312.00187,dawson2023proximity
2312.00515,hsu2023carrier
2312.00652,tesar2023perspective
2312.00748,frasca2023three
2312.00749,vincent2023two
2312.00754,chaffey2023measurements
2312.09421,blagojevic2023competition
2312.01038,strohbeen2023molecular
2312.01108,mei2023identifying
2312.01290,ishikawa2023evolutionary
2312.01363,tan2023superconductivity
2312.01439,tozer2023absence
2312.01914,hu2023thermodynamic
2312.01927,gosteva2023dynamical
2312.01972,lan2023doping
2312.02410,kirikoshi2023classification
2312.02655,bostrom2023magnon
2312.02692,huang2023gate
2312.02785,ghirri2023interplay
2312.02893,mineev2023effective
2312.02961,pal2023surface
2312.02978,homeier2023scattering
2312.02982,homeier2023feshbach
2312.03215,cho2023evidence
2312.03448,meng2023extreme
2312.03456,kuzmanovski2023mobile
2312.03605,zheng2023superconductivity
2312.03650,kuspert2023engineering
2312.03819,mendezvalderrama2023low
2312.03825,wong2023competing
2312.03844,han2023quantum
2312.04034,imajo2023pseudogap
2312.04207,singh2023evidence
2312.04211,aasen2023readout
2312.04268,koch2023gate
2312.04304,kakoi2023pair
2312.04331,battisti2023demonstration
2312.04353,yi2023interface
2312.04401,heier2023competing
2312.04415,coraiola2023flux
2312.04488,taranko2023transient
2312.04495,talantsev2023mgb
2312.04650,sharma2023universal
2312.04892,sun2023floquet
2312.05008,chatterjee2023quasiparticles
2312.05129,landaeta2023evidence
2312.05130,mueller2023superconducting
2312.05378,razzoli2023kink
2312.07567,tao2023superconducting
2312.05892,benevides2023quasiparticle
2312.05893,chen2023phase
2312.06011,lopez2023superconductivity
2312.06045,shinoda2023superconductivitya
2312.06073,rana2023dft
2312.06081,chen2023polymorphism
2312.06090,cai2023superconductivity
2312.06183,o2023consistent
2312.06321,seo2023construction
2312.06407,wang2023nanoscale
2312.06411,zheng2023coherent
2312.06421,adelinia2023probing
2312.06529,prudnikava2023situ
2312.06774,skarpeid2023non
2312.06816,bondarenko2023features
2312.14955,wang2023impersonating
2312.07053,nogaki2023field
2312.07238,kong2023pressure
2312.07256,shimura2023real
2312.07310,soskic2023first
2312.07341,puphal2023unconventional
2312.07354,wang2023quantum
2312.07653,hohmann2023van
2312.11516,torma2023essay
2312.08099,andersen2023spontaneous
2312.08112,miyamoto2023wide
2312.08116,li2023design
2312.08243,arean2023hydrodynamics
2312.08260,worm2023spin
2312.08296,vodolazov2023nonlinear
2312.08354,labarca2023toolbox
2312.08439,marra2023majorana
2312.08552,pacholski2023crystalline
2312.10021,canavesi2023holographic
2312.08638,raj2023nonlinear
2312.08693,andriyakhina2023quantum
2312.09014,cantarino2023hole
2312.09017,paramasivam2023high
2312.09124,yoshii2023brillouin
2312.09153,winter2023observable
2312.09200,wang2023long
2312.09204,souto2023tuning
2312.09386,razmkhah2023efficient
2312.09637,hirayama2023topological
2312.09728,pfeiffer2023pressure
2312.09729,semeniuk2023exposing
2312.09984,femioyetoro2023plasma
2312.09991,kairon2023extrapolation
2312.10313,rodriguez2023superconductivitya
2312.10354,takahashi2023superconductivity
2312.10368,bagwe2023origin
2312.10391,liu2023strange
2312.10408,he2023intra
2312.10453,luo2023intrinsic
2312.10489,zhao2023pressurea
2312.10492,wu2023superconductinga
2312.14174,pedersen2023negative
2312.10597,zheng2023newly
2312.10609,shulga2023dissipative
2312.10723,ding2023atomic
2312.10805,wu2023nernst
2312.10886,haruna2023unconventional
2312.10901,a2023quantum
2312.10912,huang2023discovery
2312.10955,marychev2023type
2312.11002,suzuki2023suppression
2312.11155,cherpak2023possible
2312.11162,steglich2023unconventional
2312.11248,delfanazari2023quantized
2312.11310,henheik2023universal
2312.11464,staab2023symmetry
2312.11628,klett2023incommensurate
2312.11844,kakoi2023multiband
2312.12187,tyner2023electron
2312.12546,boyack2023conformal
2312.12694,wines2023data
2312.12706,xie2023dynamical
2312.12749,liu2023nematica
2312.12755,li2023flux
2312.13059,zaccone2023theory
2312.13145,burset2023demand
2312.13348,soldini2023charge
2312.13367,lucht2023topological
2312.13368,zijderveld2023quantum
2312.13391,grankin2023integrable
2312.13392,raines2023superfluid
2312.13475,tolpygo2023development
2312.13733,chen2023hierarchical
2312.13785,kuhn2023floquet
2312.13829,roussel2023wigner
2312.13833,lidal2023andreev
2312.13857,roig2023superconducting
2312.14084,soori2023josephson
2312.14236,inzani2023edge
2312.14156,bourgund2023formation
2312.14251,xu2023pressure
2312.14283,fisk202340
2312.14624,mukhanova2023kinetic
2312.14729,alspaugh2023effective
2312.14754,altimiras2023absence
2312.14780,wu2023enhancementa
2312.14784,zhu2023pressurea
2312.15074,gingras2023frequency
2312.15155,iguchi2023anomalous
2312.15515,delfanazari2023ultrafast
2312.15688,attias2023planar
2312.15724,tajima2023non
2312.15727,dong2023visualization
2312.15932,shangguan2023observation
2312.15951,kashuba2023limitations
2312.15961,bao2023magnon
2312.16029,wang2023dependence
2312.16042,inoue2023robust
2312.16130,emin2023large
2312.16164,mandal2023andreev
2312.16280,re2023two
2312.16372,gyory2023convergence
2312.16402,moree2023dome
2312.16444,rossi2023universal
2312.16484,zhang2023emergence
2312.16632,broun2023optical
2312.17064,fan2023superconductivity
2312.17208,miserev2023microscopic
2312.17213,persky2023possible
2312.17305,matutecanadas2023quantum
2312.17366,dellanna2023josephson
2312.17498,racioppi2023phase
2312.17703,gupta2023evidence
2401.00088,geng2023superconductivity
2401.00118,yang2023opticala
2401.00321,yang2023pairing
2401.00372,fan2023quenched
2401.00389,peng2023longitudinal
2401.00410,mi2023electrical
2401.00506,mandal2023andreeva
2401.00530,liang2023probing
2401.00712,bogush2024steering
2401.00804,talantsev2024debye
2401.00823,talantsev2024field
2401.00999,wang2024possible
2401.01051,ezawa2024braiding
2401.01115,taherian2024squeezed
2401.01205,pchelkina2024rattling
2401.01266,srivastava2024modelling
2401.01413,petrenko2024evolution
2401.01547,yi2024two
2401.01602,huang2024exotic
2401.01778,araujo2024anisotropic
2401.02079,terashima2024anomalous
2401.02131,wong2024synergistic
2401.02140,wong2024exploring
2401.02237,bezguba2024multiband
2401.02259,li2024nearest
2401.02310,patel2024electron
2401.02372,chajewski2024horizontal
2401.02408,wu2024proposal
2401.02512,bobkov2024andreev
2401.02642,dzhumanov2024signatures
2401.03130,pradhan2024endless
2401.03348,wu2024enhancement
2401.03471,moghadam2024effects
2401.04106,zhang2024geometric
2401.04163,han2024quantum
2401.04202,chirolli2024cooper
2401.04219,birge2024ferromagnetic
2401.04258,geisler2024optical
2401.04275,sottovia2024revisiting
2401.04333,xiang2024long
2401.04426,kudo2024disorder
2401.04479,myasnikova2024free
2401.04493,salasnich2024electrodynamics
2401.04532,gupta2024gate
2401.04546,chen2024multi
2401.04684,kawamura2024emergence
2401.04793,christensen20242024
2401.04870,matsumoto2024superconductivity
2401.05092,liu2024nematic
2401.05213,anjos2024role
2401.05333,turutanov2024some
2401.05488,lundemo2024topological
2401.05486,awelewa2024migdal
2401.05503,salvador2024principles
2401.05685,cohen2024josephson
2401.05697,assili2024dynamical
2401.10277,troitsky2024radiative
2401.05801,gladilovich2024coplanar
2401.05847,zhang2024ferroelectric
2401.05954,he2024structure
2401.06054,lanaro2024finite
2401.06079,heikkinen2024nanofluidic
2401.06219,lucht2024inducing
2401.06355,hori2024self
2401.06599,kaap2024demonstration
2401.06639,severino2024ginzburg
2401.07129,parzyck2024synthesis
2401.07350,leonov2024electronic
2401.07397,nakamura2024picosecond
2401.07407,shu2024growth
2401.07415,pappas2024alternating
2401.08927,hirsch2024comment
2401.07566,das2024sensing
2401.07610,meena2024superconductivity
2401.07614,kushwaha2024broken
2401.07878,hindmarsh2024b
2401.08005,akanda2024multiple
2401.08279,torsello2024unusually
2401.08380,cooper2024thermoelectric
2401.08576,ku2024showcasing
2401.08746,mai2024twisting
2401.08753,wu2024deconfined
2401.08762,thibodeau2024floquet
2401.09288,rio2024shaping
2401.09349,adhikary2024doping
2401.09573,erickson2024application
2401.09592,huyan2024suppression
2401.09625,deng2024pressure
2401.09661,hu2024colossal
2401.10650,menke2024superconductivity
2401.10707,xing2024non
2401.10769,morfoot2024resurgence
2401.10876,peyruchat2024spectral
2401.11028,moskvin2024anti
2401.11121,alam2024pressure
2401.11149,shen2024weaving
2401.11510,gao2024majorana
2401.11577,biderang2024entangled
2401.11689,liu2024probing
2401.11989,falci20241
2401.12037,hagawa2024crystal
2401.12106,viotti2024geometric
2401.12307,gutierrezllorente2024reliable
2401.12313,sreejith2024eliashberg
2401.12320,clepkens2024finite
2401.12355,gradenigo2024symplectic
2401.12545,zhang2024ultra
2401.12551,liu2024vanishing
2401.12607,fischer2024nonequilibrium
2401.12628,takiguchi2024berezinskii
2401.12635,xie2024neutron
2401.12647,mitsen2024physical
2401.12657,chen2024electronic
2401.12682,cao2024probing
2401.12705,lai2024curvature
2401.12750,das2024microscopic
2401.12758,manca2024integration
2401.12910,bernardini2024ruddlesden
2401.13072,dong2024nonreciprocal
2401.13106,leo2024existence
2401.13211,chen2024high
2401.13291,ogata2024investigation
2401.13485,das2024ti4ir2o
2401.13526,thomarat2024tuning
2401.15097,wang2024electronic
2401.13958,wang2024unveiling
2401.14165,pandya2024pseudogap
2401.14365,singh2024stoichiometric
2401.14501,pozo2024topological
2401.14597,kim2024superconducting
2401.14764,ory2024low
2401.14896,ouyang2024higher
2401.15015,ismagambetov2024andreev
2401.15224,oliviero2024charge
2401.15918,huang2024tunable
2401.15979,sun2024mathrm
2401.15980,yan2024superconductivity
2401.16151,botzel2024theory
2401.16163,zhang2024direct
2401.16262,correa2024theory
2401.16346,grigorishin2024three
2401.16611,gibson2024accelerating
2401.16724,pandeya2024evidence
2401.16877,romeo2024bardeen
2401.16935,bobkov2024superconducting
2401.16980,chen2024two
2401.17024,zheng2024prediction
2401.17079,wen2024unprecedentedly
2401.17488,zhao2024universal
2401.17506,kvitka2024laser
2401.17601,chiu2024electronic
2401.17670,sardinero2024topological
2401.17903,ummarino2024gravitational
2402.00577,phillips2024smoke
2402.00198,yuan2024diffusion
2402.00317,nunchot2024chiral
2402.00387,mandal2024superconductivity
2402.00547,makarov2024effect
2402.00556,arouca2024mixed
2402.00579,kvitka2024effect
2402.00643,tanaka2024theory
2402.00644,mier2024two
2402.00817,debnath2024gate
2402.00869,wang2024molecular
2402.00936,xiang2024enhanced
2402.01280,jyoti2024gap
2402.01347,wang2024quantum
2402.01815,ahmad2024mitigating
2402.02040,bian2024critical
2402.02120,puviani2024theory
2402.02351,tian2024effective
2402.02472,chen2024current
2402.02508,zhou2024signatures
2402.02532,shaginyan2024common
2402.02581,wang2024non
2402.02747,kornich2024emergence
2402.02785,yang2024tale
2402.02810,cheng2024orientation
2402.03005,ji2024topological
2402.03073,manenti2024dark
2402.03143,rath2024scanning
2402.03238,little2024alternate
2402.03537,sarkar2024theoretical
2402.03889,jayaraman2024loss
2402.03952,zhao2024pressure
2402.04024,geng2024enhanced
2402.04034,dadhich2024novel
2402.18588,karki2024nonlinear
2402.04771,perezdiaz2024stable
2402.05085,labollita2024electronic
2402.05104,lee2024millimeter
2402.05285,zhang2024prediction
2402.05361,kubo2024high
2402.05447,yang2024effective
2402.06175,shinada2024orbital
2402.06248,ye2024distinct
2402.06427,foltyn2024quantum
2402.06432,jacobs2024bamn
2402.06450,lu2024superconductivity
2402.06454,tajima2024emergent
2402.06796,sazgari2024ir
2402.06850,lewin2024review
2402.07044,cai2024effects
2402.07122,zeng2024quasiparticle
2402.07128,qin2024intrinsic
2402.07143,abadi2024electronic
2402.07184,huang2024probing
2402.07196,chen2024trilayer
2402.07449,xue2024magnetism
2402.07490,pal2024fermi
2402.07580,kushwaha2024superconductivity
2402.07592,shibalov2024superconducting
2402.07801,ilinskaya2024flux
2402.07902,zhang2024s
2402.07973,gaggioli2024superconductivity
2402.08263,das2024crossed
2402.08330,homberg2024making
2402.08394,sun2024dipolar
2402.08603,paolucci2024active
2402.08677,devarakonda2024striped
2402.08730,hegg2024universal
2402.08895,schneider2024high
2402.09093,muller2024effect
2402.09208,yuan2024coexistence
2402.09349,llanos2024monoclinic
2402.09502,christos2024deconfined
2402.09506,wang2024intertwined
2402.09517,dzero2024inverse
2402.09525,drechsler2024electron
2402.10096,das2024quantum
2402.10266,hodt2024critical
2402.10276,uhl2024extracting
2402.10330,gungordu2024quantum
2402.10458,yang2024charge
2402.10485,khasanov2024pressure
2402.10775,biznarova2024intermodulation
2402.10844,mauri2024gauge
2402.10878,lee2024model
2402.11007,ticea2024stability
2402.11130,graham2024depth
2402.11204,gashmard2024predicting
2402.11255,xu2024superconductivity
2402.11603,banszerus2024voltage
2402.11606,aminov2024finite
2402.11720,giachero2024characterization
2402.11916,profe2024kagome
2402.12117,maeno2024still
2402.12586,hougland2024pump
2402.12740,aoki2024molten
2402.12758,adachi2024time
2402.12783,takahashi2024pressure
2402.12933,llovo2024enhancement
2402.12941,figueruelocampanero2024apparent
2402.13074,lahiri2024ac
2402.13238,rossi2024interaction
2402.13313,palkanoglou2024spin
2402.13862,beenakker2024repulsive
2402.13880,zellekens2024flux
2402.13886,hong2024multigap
2402.14051,silber2024enhanced
2402.14061,mland2024many
2402.14071,banerjee2024altermagnetic
2402.14088,ruegg2024dualities
2402.14436,wang2024structural
2402.14451,barrier2024one
2402.14534,yip2024shubnikov
2402.14559,shi2024scanning
2402.14673,simoni2024quasi
2402.15251,zakeri2024magnons
2402.15459,zyuzin2024magnetoelectric
2402.15471,yelton2024modeling
2402.15500,asaduzzaman2024measurements
2402.15801,yang2024topological
2402.16022,hua2024superconducting
2402.16089,lin2024uniaxial
2402.16099,mei2024inversion
2402.16219,mielke2024charge
2402.16258,tokiwa2024reinforcement
2402.16384,karamuftuoglu2024scalable
2402.16411,minowa2024direct
2402.16427,zhang2024electronic
2402.17305,sun2024stripes
2402.17315,zhao2024superconducting
2402.17328,pereira2024percolating
2402.17367,kolotinskiy2024superconducting
2402.17395,balaji2024electron
2402.17458,dhakal2024field
2402.17731,manasa2024effect
2402.17945,ghosh2024elastocaloric
2402.18082,matsumoto2024study
2402.18357,baran2024bcs
2402.18564,lewin2024high
2402.18626,allocca2024strange
2402.18627,pu2024topologically
2402.18735,kim2024symmetry
2402.18763,chajewski2024discovery
2402.18767,kumar2024anomalous
2402.19353,hayes2024robust
2402.19382,bordin2024signatures
2402.19384,talantsev202415
2402.19398,janssen2024magnetic
2402.19454,ruf2024controllable
2402.19478,chou2024topological
2403.00156,ticea2024pair
2403.00286,oriani2024niobium
2403.00316,huang2024surface
2403.00359,lin2024superconductivity
2403.00419,ghosh2024majorana
2403.00493,hayashida2024investigation
2403.00494,tanaka2024nonlinear
2403.00503,zhdanova2024granular
2403.00615,nag2024superconductivity
2403.00630,cadorim2024harnessing
2403.00706,ali2024reducing
2403.00723,chayanun2024characterization
2403.00738,tomassetti2024prospect
2403.00903,long2024evolution
2403.00933,yoon2024probing
2403.00960,zeng2024origin
2403.01080,hu2024geometric
2403.01111,morshedloo2024driven
2403.01350,denchfield2024quantum
2403.01455,zhao2024anomalous
2403.01502,ando2024oscillating
2403.01589,blommel2024chirped
2403.01597,guarcello2024nonlinear
2403.01625,nakata2024magnonic
2403.01688,denchfield2024designing
2403.01696,goldstein2024time
2403.01719,murakami2024vortex
2403.01796,balakrishnan2024hydrogen
2403.01806,adam2024anodization
2403.01949,zhong2024spatially
2403.02036,zeng2024spin
2403.02049,battista2024ultra
2403.02073,lechiara2024variational
2403.02117,maniv2024microscopic
2403.02143,yuan2024stochastic
2403.02266,soori2024majorana
2403.02320,jha2024large
2403.02322,mandal2024stable
2403.02453,braz2024charge
2403.02481,hodge2024characterizing
2403.02535,wu2024quantum
2403.02819,tuero2024unraveling
2403.03025,midei2024predictive
2403.03036,sam2024superconductivity
2403.03169,ning2024dynamical
2403.04802,ghosh2024first
2403.03324,yao2024observation
2403.03351,krause2024quasiparticle
2403.03621,nashaat2024buzdin
2403.03729,xue2024case
2403.03800,hinderling2024direct
2403.03803,krasnov2024resonant
2403.03946,weinberger2024pressure
2403.03980,li2024collective
2403.04097,tam2024flat
2403.04136,xiao2024optically
2403.04270,iskin2024cooper
2403.04391,jin2024phase
2403.04421,fukaya2024supercurrent
2403.04538,recasens2024chirped
2403.04623,remez2024bloch
2403.04624,kurilovich2024quantum
2403.04851,giil2024quasiclassical
2403.05012,li2024ultrafast
2403.05051,wang2024superconductivity
2403.05115,li2024superconductivity
2403.05227,liu2024superconductivity
2403.05867,maji2024superconducting
2403.05889,alloul2024we
2403.05903,akbar2024topological
2403.05915,besana2024finite
2403.05917,mishra2024thermal
2403.06046,xie2024conventional
2403.06085,luo2024van
2403.06157,wang2024superconductivitya
2403.09710,wang2024linear
2403.06215,li2024observation
2403.06229,kleinepollmann2024optimal
2403.06231,ding2024yu
2403.06232,chen2024emergence
2403.06325,thompson2024odd
2403.06380,shang2024first
2403.06476,wang202427
2403.06650,wu2024magnetic
2403.06778,amari2024topological
2403.07117,nagae2024spin
2403.07176,sharma2024pressure
2403.07215,dominguezcalderon2024anomalous
2403.07299,haldar2024modelling
2403.07344,sun2024electronic
2403.07370,wu2024ubiquitous
2403.07448,ding2024cuprate
2403.07452,schunck2024compact
2403.07504,huai2024two
2403.07525,moree2024universal
2403.07580,basak2024electronic
2403.07584,mauro2024molecularity
2403.07666,xue2024holistic
2403.07737,ray2024photo
2403.07740,allard2024gapless
2403.07999,bultinck2024nodal
2403.08028,ndengeyintwali2024anomalous
2403.08188,koizumi2024gauge
2403.08347,zeng20241
2403.08468,maurya2024kondo
2403.08655,hatinen2024efficient
2403.08734,ziereis2024light
2403.08889,hori2024weyl
2403.08905,eltsov2024kelvin
2403.09241,kokalj2024electronic
2403.09395,hu2024evidence
2403.09569,shen2024non
2403.09602,hong2024parafermions
2403.09765,alpin2024perturbative
2403.09826,rathnayaka2024layer
2403.10456,chourasia2024thermodynamic
2403.11126,wang2024observation
2403.11218,mao2024non
2403.11224,liu2024exact
2403.11354,giachero2024kinetic
2403.11455,yi2024antiferromagnetic
2403.11685,sharma2024berezinskii
2403.11713,wu2024ac
2403.11839,kaj2024terahertz
2403.12164,drimmer2024effect
2403.12597,morpurgo2024effects
2403.12656,mironov2024ac
2403.12831,lechermann2024electronic
2403.12889,souto2024p
2403.13202,jones2024superconducting
2403.13496,cerqueira2024searching
2403.13526,yeyati2024photonic
2403.13552,yamamoto2024thermal
2403.13627,fujii2024straightforward
2403.13669,melin2024ballistic
2403.14012,silva2024hybridization
2403.14057,chen2024exploring
2403.14075,mark2024lineshapes
2403.14277,ruiz2024binding
2403.14400,ouyang2024absence
2403.14568,mariappan2024pressure
2403.14620,das2024local
2403.14756,nazaryan2024magnonic
2403.14851,pathak2024edge
2403.14891,ghimire2024creep
2403.14970,wang2024quantuma
2403.14992,nunchot2024vanishing
2403.15177,koizumi2024calculations
2403.15196,cucciari2024nbti
2403.15283,tao2024discovery
2403.15310,dubovitskii2024theory
2404.02914,imai2024quantum
2403.16025,wang2024electromagnetic
2403.16119,wu2024pressure
2403.16279,datta2024nontrivial
2403.16496,asaba2024evidence
2403.16969,krieger2024signatures
2403.17050,bose2024altermagnetism
2403.17152,ferguson2024local
2403.17482,maeda2024theory
2403.17499,pecak2024time
2403.17519,oneil2024determination
2403.17560,li2024anomalous
2404.02916,singh2024review
2403.17671,chen2024revealing
2403.17737,rosmus2024dirac
2403.17894,fracassi2024anomalous
2403.18022,fabris2024nanoparticles
2403.18150,jouanny2024band
2403.18244,sharma2024evidence
2403.18701,althuser2024collective
2403.18897,sun2024strong
2404.02918,palle2024comment
2403.19125,jia2024generic
2403.19182,mino2024single
2403.19331,cao2024extended
2403.19422,lee2024normal
2403.19445,sivakumar2024long
2403.19469,forstner2024dynamic
2403.19614,rebello2024optimizing
2403.19617,jakubczyk2024orbital
2403.19745,kipp2024cavity
2403.19877,jia2024superconductivity
2403.19981,ishida2024synthesis
2403.19984,ishida2024synthesisa
2403.20119,antola2024tunable
2403.20121,altanany2024vortex
2403.20125,hovhannisyan2024scanning
2403.20210,kikuta2024electric
2403.20277,thebault2024metamagnetism
2404.00719,liu2024revealing
2404.00963,sim2024inversion
2404.01117,iskin2024variational
2404.01262,phang2024engineered
2404.01373,amundsen2024josephson
2404.01389,liu2024enhanced
2404.01429,meyer2024josephson
2404.01979,shen2024ground
2404.02200,yamase2024retaining
2404.02219,zafur2024spin
2404.02549,kornev2024obstacles
2404.02633,matsushita2024spin
2404.02748,nath2024tuning
2404.02863,jin2024discovery
2404.02989,randeria2024dephasing
2404.03020,halcrow2024ultrasound
2404.03461,pizzirani2024orbital
2404.03638,zhan2024cooperation
2404.03731,sutradhar2024singlet
2404.03846,cao2024spin
2404.04154,fauque2024polarisation
2404.04329,yang2024optical
2404.04489,torrescastanedo2024formation
2404.04602,jiang2024site
2404.04701,wu2024flat
2404.04777,matsuyama2024variational
2404.05382,karrer2024vortex
2404.05485,zatsarynna2024many
2404.05521,greco2024double
2404.05798,salamone2024electrical
2404.05890,chandrasekhar2024current
2404.06146,azam2024copper
2404.06147,curtis2024probing
2404.06262,e2024constant
2404.06532,tulipman2024solvable
2404.06592,souto2024subgap
2404.06677,goto2024noise
2404.06899,gao2024squid
2404.07423,zhang2024fermi
2404.10785,hu2024investigation
2404.07506,ning2024flexible
2404.07633,tymczyszyn2024one
2404.08122,lu2024cavity
2404.08405,li2024unconventional
2404.08527,szumniak2024spin
2404.08897,he2024situ
2404.08962,zhang2024fabry
2404.09162,huang2024interlayer
2404.09199,semenok2024observation
2404.09211,li2024flat
2404.09517,ahmed2024odd
2404.09527,selisko2024dynamical
2404.09662,roppongi2024microwave
2404.09784,yamazaki2024quantum
2404.09855,charpentier2024first
2404.09909,zhou2024double
2404.10038,sukhachov2024thermoelectric
2404.10046,kong2024observation
2404.10402,seja2024spontaneous
2404.10434,pankratov2024observation
2404.10519,sellati2024optical
2404.10835,dai2024existence
2404.11001,huo2024modulation
2404.11026,cayao2024non
2404.11043,zhu2024exact
2404.11115,li2024strong
2404.11131,li2024local
2405.01570,he2024superconductivity
2404.11300,nishinakayama2024negatively
2404.11342,hofer2024numerical
2404.11369,li2024identification
2404.11491,timoshuk2024microscopic
2404.11528,mori2024efficient
2404.11657,yuan2024phase
2404.11702,smirnov2024nonequilibrium
2404.11820,zhang2024applicability
2404.11950,wang2024pair
2404.12151,zhakina2024vortex
2404.12207,baran2024spin
2404.12641,yerin2024supercurrent
2404.12708,chen2024magnetic
2404.12767,wang2024path
2404.12950,bregazzi2024enhanced
2404.12993,penttila2024flat
2404.13333,schnaubelt2024parallel
2404.13708,wu2024vector
2404.13932,hu2024extreme
2404.13976,beenakker2024josephson
2404.14182,zhang2024record
2404.14566,huang2024superconducting
2404.14726,gokhfeld2024spontaneous
2404.14773,karn2024superconductivity
2404.14790,stier2024pressure
2404.14796,suzuki2024superconducting
2404.14899,crawford2024preparation
2404.14900,vimal2024entanglement
2404.15039,bru2024scattering
2404.15553,ahari2024superconducting
2404.15728,furutani2024amplitude
2404.15969,yao2024fabrication
2404.15994,wong2024measuring
2404.16264,matsuki2024realisation
2404.16276,yerzhakov2024laguerre
2404.16330,yang2024identifying
2404.16469,liu2024weak
2404.16513,rutten2024wave
2404.16593,sonin2024andreev
2404.16600,zhang2024electronica
2404.16683,wei2024observation
2404.16738,huang2024superconductinga
2404.16998,liu2024giant
2404.17072,hasan2024supercurrent
2404.17239,how2024broken
2404.17320,maiani2024percolative
2404.17363,jangid2024superconductivity
2404.17501,angehrn2024relations
2404.17795,oppliger2024discovery
2404.17827,porokhov2024influence
2404.17920,kazmin2024fractional
2404.18019,koizumi2024constrained
2404.18131,cuy2024lifshitz
2404.18366,wang2024anomalous
2404.18472,mine2024observation
2404.18511,yin2024origin
2404.18578,huang2024scheme
2404.18616,hu2024nonlinear
2404.18774,schneider2024self
2404.18899,ruf2024high
2404.19049,alshemi2024investigating
2404.19237,chau2024superconductivity
2404.19269,kobayashi2024electromagnetic
2404.19278,samukawa2024observation
2404.19365,rising2024nonlocal
2404.19410,sarkar2024composite
2404.19606,vocaturo2024electronic
2404.19678,meng2024density
2405.00091,zhu2024dipole
2405.00092,oh2024type
2405.00409,roy2024unconventional
2405.00787,derriche2024atomic
2405.00848,fava2024magnetic
2405.01831,machida2024theoretical
2405.01850,mizuguchi2024large
2405.01914,subhadarshini2024multiple
2405.02013,lakic2024quantum
2405.03704,kern2024optical
2405.02186,raji2024unraveling
2405.02276,llovo2024local
2405.02519,dicks2024computationally
2405.02613,zhang2024hydrodynamic
2405.02908,zhang2024renormalized
2405.02975,rashid2024nonequilibrium
2405.03137,tian2024calculated
2405.03336,cuzzuol2024fundamental
2405.03454,coppo2024flux
2405.03499,cheng2024physical
2405.03521,pashin2024optimisation
2405.03647,lacroix2024entanglement
2405.03748,mesaros2024topologically
2405.03757,bunney2024chern
2405.03928,qiao2024msene
2405.04037,cambalame2024feznsb
2405.04184,shimada2024superconducting
2405.04340,qin2024frustrated
2405.04426,ladeynov2024josephson
2405.04479,li2024tunable
2405.04689,man2024signature
2405.04751,fu2024transverse
2405.05168,ma2024asymmetric
2405.05306,gaggioli2024nonreciprocity
2405.05451,thoeng2024depth
2405.05456,singh2024giant
2405.05660,sandberg2024josephson
2405.05893,nakajima2024role
2405.06111,li2024collectivea
2405.06215,thumin2024correlation
2405.06272,watanabe2024effects
2405.06320,nagashima2024lifting
2405.06334,kokkeler2024universal
2405.06449,zhao2024disorder
2405.06619,devizorova2024interfacial
2405.06630,gorski2024nonlocal
2405.06793,portoles2024quasiparticle
2405.06858,li2024topological
2405.08823,hirsch2024reply
2405.07377,joint2024dynamics
2405.07388,alegria2024growth
2405.07462,zhang2024feynman
2405.07466,yasukawa2024ginzburg
2405.07470,haraoka2024magnetic
2405.07575,bobkov2024gate
2405.07593,ohashi2024anisotropic
2405.07630,paghi2024inas
2405.07632,tyner2024screening
2405.07659,thuneberg2024square
2405.07927,thingstad2024topological
2405.08189,budko2024trapped
2405.08274,kato2024crossover
2405.08320,kawasaki2024strain
2405.08438,kong2024magnetic
2405.08551,neuhaussteinmetz2024large
2405.08571,poboiko2024mean
2405.08633,nie2024superconducting
2405.08684,liao2024superconducting
2405.08802,wang2024temperature
2405.08874,alexander2024dark
2405.08817,bonetti2024quantum
2405.09015,nally2024phase
2405.09129,rani2024aging
2405.09170,wang2024tunable
2405.09180,wang2024integrated
2405.09450,kukreja2024space
2405.09451,fu2024exotic
2405.09616,wu2024possible
2405.09671,dominguez2024time
2405.09840,matsushita2024impurity
2405.09988,pitavidal2024blueprint
2405.10085,dhakal2024impact
2405.10090,kuzmin2024formation
2405.10200,kanakubo2024dynamics
2405.10245,joshi2024graph
2405.10411,anderson2024nanoscale
2405.10415,cadorim2024describing
2405.10482,hu2024possible
2405.10524,jiang2024ab
2405.10583,zhang2024large
2405.10656,lu2024varphi
2405.10838,kamashev2024superconducting
2405.10863,vitenburgs2024extended
2405.12243,kumamoto2024kohn
2405.11187,sakamori2024evaluation
2405.11260,jiang2024geometric
2405.11445,tang2024influence
2405.11854,wang2024unveilinga
2405.11882,nulens2024non
2405.12086,kato2024pressure
2405.12127,shukla2024neutron
2405.12141,nakazawa2024giant
2405.12178,kobiaka2024topological
2405.12192,paudel2024disorder
2405.12298,mockli2024magnetic
2405.12417,schijndel2024cryogenic
2405.12548,simon2024transition
2405.12554,krsnik2024superconductivity
2405.12592,wang2024signatures
2405.12600,zaccone2024quantum
2405.12650,gallo2024observation
2405.12879,fei2024predictive
2405.12935,borletto2024circuit
2405.13106,valadkhani2024scanning
2405.13164,mai2024fluctuating
2405.13405,cao2024exotic
2405.13507,minamide2024superconducting
2405.13752,li2024superconductivitya
2405.14165,he2024band
2405.14181,miki2024odd
2405.14216,fan2024emergence
2405.14218,miwa2024collective
2405.14350,matsumoto2024reciprocal
2405.14615,mcfadden2024search
2405.14661,asano2024tuning
2405.14662,naritsuka2024twisted
2405.14673,bruning2024non
2405.14695,leblanc2024gate
2405.14784,xia2024unconventional
2405.14926,profe2024magic
2405.14940,bozkurt2024interaction
2405.15348,mikitik2024determination
2405.15654,chen2024interfacially
2405.15770,raj2024self
2405.15981,hu2024numerical
2405.16135,xiang2024quantized
2405.16138,sun2024anomalous
2405.16366,makhlin2024josephson
2405.17500,hirsch2024commenta
2405.16523,almoalem2024charge
2405.16778,ma2024low
2405.16910,zakeri2024temperature
2405.17036,gruber2024exploring
2405.17269,maiellaro2024engineered
2405.17550,hu2024resistance
2405.17561,pal2024engineering
2405.17683,marino2024phase
2405.18150,bi2024momentum
2405.18309,gusarov2024low
2405.18519,valla2024shallow
2405.18544,redington2024predicted
2405.18561,vuckovic2024cu
2406.00051,zhang2024zero
2405.19161,xu2024origin
2405.19777,li2024magnetic
2405.19788,ding2024unidirectional
2405.19853,du2024correlated
2405.19880,nagata2024pressure
2405.20187,eer2024ultra
2405.20226,classen2024high
2405.20290,andriyakhina2024fermi
2405.20517,langa2024solid
2405.20742,wieland2024terahertz
2405.20828,weiss2024pattern
2405.20911,citro2024josephson
2405.20922,korucu2024demonstration
2406.00289,chen2024dynamic
2406.00358,liu2024three
2406.00557,prozorov2024anisotropic
2406.00731,zhuge2024impact
2406.00817,priinits2024peculiarities
2406.00850,zhao2024thermal
2406.00900,zhang2024gapless
2406.01089,kang2024sub
2406.01185,guarcello2024driving
2406.01207,bobkov2024voltage
2406.01263,sasaki2024pb
2406.01408,marsal2024enhanced
2406.01877,zhang2024fermion
2406.01980,wang2024quantumb
2406.02022,reho2024density
2406.02455,zhao2024superconductinga
2406.02656,farid2024pairing
2406.02521,mukherjee2024superconducting
2406.02947,jiang2024shaping
2406.03013,owjifard2024enhancing
2406.03418,guo2024superconductivity
2406.03525,kim2024theory
2406.03538,rosales2024electronic
2406.03566,chen2024quasi
2406.03598,yu2024time
2406.03615,ahmad2024phase
2406.03670,kawana2024field
2406.03700,chen2024ferroelectricity
2406.03740,li2024correlated
2406.03904,pavlov2024pressurized
2406.04168,qi2024majorana
2406.04445,chen2024detecting
2406.04447,sidorczak2024pbte
2406.04665,hu2024vortex
2406.04717,jerzembeck2024t
2406.04837,wang2024normal
2406.04891,jerger2024dispersive
2406.04931,mullekom2024quantifying
2406.05230,sauls2024fermi
2406.05351,herreramendoza2024effects
2406.05554,marel2024superconductivity
2406.05693,zhang2024visualizing
2406.05789,guo2024majorana
2406.05829,pekerten2024beyond
2406.06112,xie2024resilient
2406.06410,wang2024spatial
2406.06676,zhang2024critical
2406.07027,duhan2024inverse
2406.07238,zhang2024structures
2406.07260,lee2024evidence
2406.07608,li2024strange
2406.07939,kobayashi2024representation
2406.08025,jung2024holstein
2406.08066,peugeot2024two
2406.08114,liu2024massive
2406.08129,trachenko2024upper
2406.08131,cao2024dx2
2406.08157,liu2024superconducting
2406.08264,linsel2024emergent
2406.08265,schluck2024robust
2406.08563,zhu2024field
2406.08669,scharf2024superconducting
2406.08706,levitan2024linear
2406.08780,yang2024mean
2406.08789,liu2024growth
2406.08871,karamuftuoglu2024superconductor
2406.09505,wilhelm2024novel
2406.09538,hansen2024synthesis
2406.09558,tong2024receivers
2406.09607,barik2024gate
2406.09878,choubey2024theory
2406.09930,acharya2024integration
2406.09944,zhou2024universal
2406.09987,mironov2024photogalvanic
2406.10193,liu2024threea
2406.10597,mastrovito2024chip
2406.11127,vakili2024field
2406.11211,gao2024quantized
2406.11329,korneeva2024molybdenum
2406.11344,troyan2024progress
2406.11447,lin2024theory
2406.12939,sharma2024measurement
2406.11951,jankowski2024excitonic
2406.11991,awoga2024identifying
2406.12012,inglaaynes2024highly
2406.12153,pratt2024controlled
2406.12310,kohno2024emergence
2406.12453,yilmaz2024realization
2406.12705,kageyama2024coherence
2406.12820,minev2024realizing
2406.12850,tyner2024machine
2406.12964,zhang2024vortex
2406.13047,reis2024symplectic
2406.13076,sampaio2024interplay
2406.13102,prozorov2024trapped
2406.13164,le2024magnetoresistance
2406.13178,belli2024efficient
2406.13541,velasco2024pairing
2406.13634,marino2024intertwined
2406.13648,liu2024matthiessens
2406.13740,tanaka2024superfluid
2406.13742,banerjee2024superfluid
2406.13819,reinhardt2024spontaneous
2406.13900,kondo2024anomalous
2406.14070,monarkha2024electron
2406.14158,magierski2024quantum
2406.14323,uldemolins2024anisotropy
2406.14523,lu2024optical
2406.14524,lee2024high
2406.14612,shaffer2024superconducting
2406.14948,toida2024identifying
2406.15040,battisti2024extremely
2406.15062,martinelli2024decoupling
2406.15174,ferreira2024ab
2406.15239,ding2024sublattice
2406.15273,lin2024impact
2406.15350,mandal2024nature
2406.15553,chen2024electric
2406.15908,cercellier2024plane
2406.15984,mojarro2024tuning
2406.16014,mironov2024inverse
2406.16157,krenkel2024reaching
2406.16398,liu2024constraints
2406.16482,takemori2024phase
2406.16492,yadav2024emergence
2406.16520,zhou2024gigantic
2406.16575,khim2024coexistence
2406.16584,speight2024vortex
2406.16621,ummarino2024can
2406.17029,palle2024unconventional
2406.17036,dong2024superconductivity
2406.17046,ilic2024superconducting
2406.17050,wang2024pressure
2406.17108,tolj2024high
2406.17187,wang2024density
2406.17239,yang2024one
2406.17369,sanchezramirez2024charge
2406.17508,cayao2024emergent
2406.17511,baron2024nanosecond
2406.17525,wang2024indications
2406.17558,najev2024electronic
2406.17769,peng2024flat
2406.17920,ptok2024comment
2406.18090,panda2024probing
2406.18093,bhattacharyya2024exploring
2406.18153,thumin2024strengthening
2406.18165,han2024prediction
2407.07112,schrodi2024doping
2406.18291,watanabe2024specific
2406.18513,chaudhary2024superconductivity
2406.18704,park2024superconducting
2406.18896,karn2024anisotropy
2406.18974,cayao2024nona
2406.19024,vedin2024switching
2406.19139,bondarenko2024hydrogen
2406.19348,zhu2024superconductivity
2406.19553,kitagawa2024superconducting
2406.19682,suzuki2024chiral
2406.19894,virtanen2024magnetoelectric
2406.20082,banszerus2024hybrid
2407.00158,pandey2024crystalline
2407.00405,mukherjee2024skyrmion
2407.00536,lee2024unified
2407.00796,roos2024linear
2407.01135,mondal2024transport
2407.01182,menta2024globally
2407.01223,mullineauxsanders2024topological
2407.01261,hu2024domain
2407.01319,bobkov2024spin
2407.01513,sim2024pair
2407.01681,davydova2024nonreciprocal
2407.01699,paris2024resilience
2407.01847,monroe2024phase
2407.01895,kim2024vortex
2407.01924,yamazaki2024majorana
2407.02059,hong2024unconventional
2407.02114,kawakami2024situ
2407.02314,tarkhov2024technology
2407.02383,feng2024long
2407.02393,christos2024approximate
2407.02654,choi2024pairing
2407.02761,huang2024inducing
2407.02865,sumiyoshiya2024spin
2407.06208,schelle2024josephson
2407.03147,suzuki2024evolution
2407.03189,koshelev2024origin
2407.03293,zhu2024microscopic
2407.03407,cardoso2024geometry
2407.03556,du2024high
2407.03587,ghimire2024single
2407.03602,sadovskii2024upper
2407.03867,zhang2024elemental
2407.03928,pernack2024quantum
2407.04468,pandya2024unifying
2407.04501,paghi2024cryogenic
2407.04643,zhao2024granular
2407.05171,ray2024entanglement
2407.05243,hsiao2024precise
2407.05457,derendorf2024superluminal
2407.05493,ghimire2024conventional
2407.05548,ma2024ferromagnetic
2407.05670,seleznev2024influence
2407.05681,wang2024bulk
2407.05798,ye2024visualization
2407.06061,xiang2024superconductivity
2407.06308,ansari2024spin
2407.06425,wang2024precision
2407.06925,traverso2024confinement
2407.06993,mineev2024superconducting
2407.07022,kesharpu2024method
2407.07050,alvarado2024interplay
2407.07144,ouassou2024dzyaloshinskii
2407.07255,kornilovitch2024real
2407.07305,tabatabaei2024quantum
2407.07501,li2024electronic
2407.07569,yang2024decomposition
2407.18254,petrov2024comment
2407.08000,ichikawa2024influence
2407.08318,xu2024modeling
2407.08449,iskin2024coherence
2407.08547,hou2024necklace
2407.08601,ouyang2024dft
2407.08677,schilling2024energy
2407.08736,szabo2024superconductivity
2407.08784,panigrahi2024breakdown
2407.08856,abdisatarov2024direct
2407.09075,prokudina2024local
2407.09347,tomassetti2024first
2407.09599,antebi2024drude
2407.09612,koh2024symmetry
2407.09740,savant2024ferroelectric
2407.09880,guo2024inferior
2407.09908,zou2024abnormal
2407.09916,kreidel2024measuring
2407.09923,guarcello2024probing
2407.10268,yu2024weakly
2407.10269,li2024theory
2407.10352,yang2024signature
2407.10415,gratsea2024onionvqe
2407.10444,zhang2024superfluid
2407.10498,hanis2024distinguishing
2407.10889,wang2024mg
2407.11332,man2024situ
2407.11369,zhang2024high
2407.11586,li2024interface
2407.11731,eto2024tying
2407.11900,puig2024anti
2407.12088,gomezleon2024high
2407.12092,xiao2024theory
2407.12285,stefanucci2024exact
2407.12455,bhowmik2024optimizing
2407.12559,yogendra2024fractional
2407.12615,zajicek2024unveiling
2407.12698,bernat2024paramagnetic
2407.12744,yin2024negligible
2407.12918,liu2024landau
2407.12922,semenok2024fundamental
2407.12958,martin2024majorana
2407.13121,liu2024nematica
2407.13686,sedrakian2024josephson
2407.13737,chen2024non
2407.13886,wu2024unraveling
2407.13956,natsuume2024dual
2407.14004,guo2024disorder
2407.14171,strohauer2024current
2407.14189,keppert2024temporal
2407.14310,pattanayak2024temperature
2407.14363,trupiano2024quasiparticle
2407.14391,liege2024search
2407.14409,labollita2024assessing
2407.14580,heath2024universal
2407.19068,campi2024kondo
2407.14661,yang2024chargea
2407.14852,karabassov2024competitive
2407.14919,jiang2024superfluid
2407.15000,prozorov2024practically
2407.15422,catumba2024lattice
2407.15750,choi2024unified
2407.15790,hoffmann2024fermi
2407.15834,yeh2024structured
2407.16042,sheth2024emergence
2407.16056,mishra2024stability
2407.16227,majer2024alpha
2407.16325,kaneko2024ground
2407.16350,sulaiman2024optical
2407.16495,huang2024unconventional
2407.16535,pekerten2024microwave
2407.16662,sengupta2024transverse
2407.19069,valletta2024high
2407.16848,ho2024studying
2407.17015,zhong2024unveiling
2407.17102,yagi2024theoretical
2407.17290,dordevic2024searching
2407.17337,jiao2024raman
2407.17375,zhan2024superconducting
2407.17567,kantha2024fermion
2407.17988,pan2024braiding
2407.18473,zhang2024emergent
2407.18610,zheng2024direct
2407.18623,frolov2024comment
2407.18701,frazier2024designing
2407.19213,ni2024spin
2407.19334,moshe2024modified
2407.19413,sun2024tunable
2407.19545,sordi2024ambipolar
2407.19555,zhang2024crystal
2407.19588,bok2024finite
2408.01463,kogan2024shock
2407.19766,li2024anomalousa
2407.19799,kindiak2024reduced
2407.20081,tu2024gapped
2407.20132,timoshuk2024microscopica
2407.20168,beane2024universal
2407.20231,zhang2024fermia
2407.20334,luo2024characterization
2407.20418,tang2024nonequilibrium
2407.20504,feng2024superconducting
2407.20759,jiang2024origin
2407.20771,jia2024absence
2407.20780,bogush2024vortex
2407.20783,pandey2024dynamics
2407.20940,vacante2024local
2407.21232,ross2024test
2407.21302,zhang2024possible
2407.21427,wang2024pressurea
2407.21461,sakakibara2024theoretical
2408.00202,huang2024topological
2408.00216,yadav2024signature
2408.00234,fan2024superconductive
2408.00320,jiang2024discovery
2408.00334,kubo2024significant
2408.00401,naamneh2024persistence
2408.00469,li2024evidence
2408.00528,salasnich2024only
2408.00548,sun2024flat
2408.00576,li2024bound
2408.00623,baranek2024numerical
2408.00689,nag2024bcs
2408.00763,das2024quantized
2408.12675,minkov2024revaluation
2408.01042,jujo2024phase
2408.01113,cao2024p
2408.01232,kazmin2024andreev
2408.01281,ohnmacht2024thermodynamic
2408.01289,ohnmacht2024non
2408.01493,yang2024strong
2408.01521,schmid2024yba
2408.01685,guo2024contrasting
2408.01717,bakurskiy2024thouless
2408.01901,cheng2024field
2408.02008,xu2024engineering
2408.02031,ma2024parameters
2408.02094,ou2024superconducting
2408.02105,pozo2024model
2408.02120,ji2024fractional
2408.02511,piatti2024superconductivity
2408.02610,sheikhzada2024superradiant
2408.02890,yin2024superconducting
2408.02896,deng2024chiral
2408.02898,deng2024evidence
2408.03352,yan2024chiral
2408.03056,yao2024self
2408.03071,luethi2024perfect
2408.03080,tajima2024correlation
2408.03266,zhang2024superconductivity
2408.03288,kempa2024ambient
2408.03411,fogt2024effect
2408.03750,elmers2024chirality
2408.03763,zhang2024doping
2408.03857,liu2024reply
2408.03927,grankin2024enhanced
2408.03931,zhu2024superfluid
2408.03999,chakraborty2024constraints
2408.04002,cai2024quantum
2408.04008,tripathi2024generalized
2408.04151,muzikar2024fermi
2408.04233,tazai2024quantum
2408.04438,he2024rich
2408.04516,harrabi2024characteristic
2408.04578,huang2024imprinting
2408.04956,soskic2024enhanced
2408.04970,ueki2024phase
2408.05115,li2024nanoscale
2408.05153,vecchi2024generation
2408.05572,ojajarvi2024pairing
2408.05578,li2024order
2408.05583,ning2024spin
2408.05621,yang2024cmos
2408.05714,ghadimi2024quasiperiodic
2408.05718,poluektov2024coherence
2408.05726,he2024superconductivitya
2408.05878,ma2024drone
2408.05902,zhou2024observation
2408.05913,luo2024doping
2408.05925,higashitani2024lifetime
2408.06119,liu2024period
2408.06128,lim2024effect
2408.06174,han2024emergent
2408.06178,yang2024time
2408.06209,wang2024observationa
2408.06284,yadav202419
2408.06319,singh2024disorder
2408.06420,delfino2024cooper
2408.06424,vashist2024multigap
2408.06462,bozkurt2024josephson
2408.06813,swiatek2024superconductivity
2408.07035,kruti2024interplay
2408.07342,zhang2024evidence
2408.07451,shah2024first
2408.07477,semenok2024ternary
2408.07682,shastry2024method
2408.07690,zhang2024magnetic
2408.07747,chakraborty2024perfect
2408.07829,mukhopadhyay2024dual
2408.07861,naaman2024modeling
2408.07901,lee2024coupling
2408.08117,sun2024two
2408.08151,ando2024spin
2408.08275,ueki2024photon
2408.08362,arnault2024multiplet
2408.10526,zhou2024kagome
2408.08842,plumb2024phase
2408.08966,lebedeva2024detailed
2408.09073,hirsch2024author
2408.09090,mizukoshi2024normal
2408.09388,wang2024crystal
2408.09421,wang2024chemical
2408.09541,feng2024nodal
2408.09610,pan2024fusion
2408.09774,wang2024highly
2408.09812,romano2024magnetic
2408.09906,yang2024impact
2408.09925,banerjee2024magnetically
2408.10030,luethi2024fate
2408.10158,brener2024anisotropic
2408.10309,vituri2024incommensurate
2408.10335,zhang2024twist
2408.10465,aida2024theoretical
2408.10625,ma2024h3se
2408.10638,lu2024spin
2408.10719,telkamp2024development
2408.11169,ralph2024electron
2408.11337,onari2024paramagnon
2408.11387,li2024structural
2408.11883,bobkova2024neel
2408.11704,trivini2024diluted
2408.11900,zhu2024quantum
2408.12160,yu2024mapping
2408.12242,liu2024new
2408.12297,zhang2024criticala
2408.12383,jin2024exploring
2408.12584,choi2024superconductivity
2408.12707,xiong2024investigating
2408.12782,hashimoto2024oxide
2408.12985,si2024closing
2408.13051,chang2024eliminating
2408.13419,zhou2024diffusion
2408.13551,gupta2024superconductor
2408.13584,cadorim2024stability
2408.13604,cao2024thermoelectric
2408.13663,cao2024toy
2408.13857,khasanov2024pressurea
2408.13886,zhang2024spin
2408.14294,yang2024possible
2408.14295,ylmaz2024dynamic
2408.14334,li2024unconventionala
2408.14409,lima2024interplay
2408.14619,halloran2024connection
2408.14655,paradkar2024superconducting
2408.14818,nie2024irrelevance
2408.14824,rani2024nonvolatile
2408.14858,park2024non
2408.14912,skog2024numerical
2408.14985,maccari2024fragile
2408.15080,sanches2024squeezed
2408.15319,han2024models
2408.15463,aguirre2024evidence
2408.15477,deshpande2024tuning
2408.15500,kumar2024electronic
2408.15661,wang2024theoretical
2408.15820,mandal2024possibilities
2408.15902,ou2024growth
2408.15933,talkachov2024microscopic
2408.15959,azem2024mid
2408.16075,guerci2024topological
2408.16146,chen2024signatures
2409.08289,noat2024unraveling
2408.16466,marra2024topological
2408.16499,noronha2024predicting
2408.16598,lee2024signatures
2408.16660,hegedus2024situ
2408.16676,jensen2024pseudogap
2408.16869,rizvanov2024josephson
2408.17033,ramakrishnan2024structural
2408.17218,marchegiani2024nonequilibrium
2408.17256,horne2024optimization
2408.17260,cayao2024nonb
2408.17281,huang2024large
2408.17405,fontenele2024increasing
2408.17416,sinha2024superconductivity
2409.00223,kamra2024nonreciprocal
2409.00373,cao2024spectroscopic
2409.00532,kiessling2024bounds
2409.00533,kiessling2024boundsa
2409.02121,kiessling2024boundsb
2409.00660,cao2024directly
2409.01008,maiani2024impurity
2409.01320,kaicher2024generating
2409.01376,eisterer2024universal
2409.01565,shen2024pairing
2409.01569,lechner2024analysis
2409.01624,iyo2024accelerated
2409.01715,nagata2024field
2409.02380,shang2024nodeless
2409.02558,rasola2024low
2409.02619,cirillo2024single
2409.02737,khodachenko2024nevanlinna
2409.02794,soori2024josephson
2409.02992,shavit2024ephemeral
2409.03210,gupta2024anisotropic
2409.03356,levybertrand2024magnetic
2409.03409,matsumoto2024emergence
2409.03448,pace2024shapiro
2409.03809,huyan2024competition
2409.03592,meena2024stabilization
2409.03719,liu2024multidimensional
2409.04036,shi2024o
2409.04093,he2024observation
2409.04096,patel2024superconductivity
2409.04121,ren2024resolving
2409.04149,li2024spin
2409.04203,lebedeva2024local
2409.04211,wang2024topological
2409.04227,ianovskaia2024magnetic
2409.04317,yu2024strong
2409.04389,laurell2024pairing
2409.04594,jia2024anomalous
2409.04800,shi2024fepd2te2
2409.04848,salehi2024planar
2409.04917,liu2024nodal
2409.04943,shen2024signatures
2409.05031,trugenberger2024room
2409.05233,ryan2024enhanced
2409.05266,adachi2024spontaneous
2409.05649,mu2024superconductivity
2409.05670,yasui2024emergent
2409.05707,shaikhaidarov2024quantized
2409.05758,fohn2024superconductivity
2409.05842,pal2024finite
2409.06358,ma2024pressure
2409.06511,chirolli2024synthetic
2409.06701,chou2024intravalley
2409.06779,tuo2024theory
2409.06935,ochi2024theoretical
2409.07418,kuiri2024enhancement
2409.07532,sharma2024multiple
2409.07612,atanasova2024situ
2409.07660,kita2024hidden
2409.07668,iguchi2024magnetic
2409.07711,yoshida2024chirality
2409.07721,li2024deep
2409.07816,song2024unveiling
2409.08009,mondal2024distinguishing
2409.08065,han2024invdesflow
2409.08137,taravati2024photon
2409.08408,itoh2024quest
2409.12201,cao2024exciton
2409.08683,wan2024large
2409.08866,diamantini2024topological
2409.08891,kuijf2024self
2409.08972,mukasa2024finite
2409.09308,li2024two
2409.09321,singh2024possible
2409.09419,zhang2024superband
2409.09579,li2024berry
2409.09835,leonard2024microwave
2409.09836,chen2024enhancing
2409.09938,shen2024josephson
2409.10220,katkov2024bound
2409.10712,carvalho2024unconventional
2409.10780,anbalagan2024revealing
2409.10891,xiao2024quantum
2409.10894,iwasaki2024nuclear
2409.10941,mandal2024time
2409.10975,dmitriev2024direct
2409.11095,chagnet2024natural
2409.11647,nosov2024spatially
2409.11791,yin2024multifold
2409.11834,sohier2024unconventional
2409.12211,hirsch2024analysis
2409.12052,tatan2024exploring
2409.12157,pal2024identifying
2409.12254,hu2024quantum
2409.12351,tallon2024flux
2409.12451,kim2024vacuum
2409.12494,jin2024unified
2409.12847,iida2024structural
2409.12901,heikkinen2024chiral
2409.13027,kotetes2024nonreciprocal
2409.13384,pudelko2024probing
2409.13408,liu2024quantum
2409.13417,satrya2024thermal
2409.13653,dular2024reduced
2409.13829,geier2024chiral
2409.14725,das2024compact
2409.14921,iskin2024pair
2409.15111,kundu2024charge
2409.15266,antonenko2024making
2409.15424,zhang2024quantum
2409.15619,kumar2024cluster
2409.15738,li2024enhanced
2409.15928,niu2024equivalence
2409.16043,orgad2024disorder
2409.16050,cattaneo2024cascade
2409.16070,wrona2024recipe
2409.16097,chudakova2024effect
2409.16114,qin2024topological
2409.16642,mahato2024charge
2409.16758,talantsev2024fundamental
2409.16804,pisani2024tunneling
2409.16930,nunchot2024nonlinear
2409.16975,chen2024computational
2409.17008,zhang2024andreev
2409.17240,kamra2024optical
2409.17297,henheik2024multi
2409.17307,duran2024bridging
2409.17366,simon2024characterizing
2409.17586,ding2024gate
2409.17712,shokri2024evolution
2409.17733,myers2024characterization
2409.17813,ganesh2024spin
2409.17820,shin2024electric
2409.17861,jiang2024theory
2409.18050,liu2024superconductivitya
2409.18067,kim2024topological
2409.18191,tjernshaugen2024crossed
2410.12580,sonin2024comment
2409.18258,fan2024capping
2409.18323,natsuume2024duala
2409.18441,nepal2024machine
2409.18515,zhang2024correlation
2409.18833,xu2024pair
2409.19052,cuozzo2024buried
2409.19086,garrido2024majorana
2409.19137,pan2024quantum
2409.19265,chen2024coexistence
2410.03722,panas2024postmortem
2409.19837,nieves2024noise
2409.19887,kato2024doping
2409.20221,ahmad2024linear
2409.20285,beenakker2024poor
2409.20312,liu2024spin
2409.20336,yan2024orbital
2409.20497,liu2024doping
2409.20567,shi2024doping
2410.00144,chow2024high
2410.00372,duong2024direct
2410.00488,charikova2024intrinsic
2410.00512,charikova2024pairing
2410.00552,chono2024high
2410.00658,haaf2024observation
2410.00851,yoon2024layer
2410.00955,dieplinger2024itinerant
2410.00962,profe2024multi
2410.01040,rumi2024angularly
2410.01236,saito2024gapless
2410.01247,shimokawa2024enhancement
2410.01412,hiragami2024non
2410.01641,annweiler2024method
2410.01705,yu2024pairing
2410.01913,fatemi2024nonlinearity
2410.01936,anand2024electric
2410.01937,ramachandran2024magnetically
2410.01940,walker2024direct
2410.02007,parzyck2024superconductivity
2410.02104,smith2024first
2410.02171,zhuang2024topological
2410.02300,buot2024entanglement
2410.02397,khanal2024role
2410.02633,nomura2024quantum
2410.02689,tiwari2024quantum
2410.02900,zhu2024superconducting
2410.03009,fortman2024implementing
2410.03121,ma2024ordering
2410.03433,scheer2024tunable
2410.03526,kheirkhah2024phases
2410.03840,liu2024density
2410.03956,chen2024charge
2410.04230,li2024distinguishing
2410.04382,piselli2024inclusion
2410.04516,dutta2024situ
2410.04569,yu20243d
2410.04781,wu2024nodeless
2410.05137,lewin2024field
2410.05179,kyler2024sarma
2410.05216,fang2024quantum
2410.14704,hirsch2024meissner
2410.05381,trama2024self
2410.05384,wang2024chiral
2410.05387,friedlan2024valley
2410.05671,guo2024amplitude
2410.05908,pang2024interplay
2410.05950,yadav2024interplay
2410.06085,pan2024epitaxial
2410.06159,singh2024praseodymium
2410.06523,kim2024phase
2410.06548,seshita2024investigation
2410.06602,zhou2024revealing
2410.06659,diamantini2024bose
2410.06830,thong2024magnetic
2410.06831,janis2024quantum
2410.06838,guo20240
2410.06891,lechermann2024oxygen
2410.14711,nikulov2024problem
2410.07337,sun2024voltage
2410.07344,kalenkov2024absence
2410.07373,peeters2024effect
2410.07653,takahashi2024floquet
2410.07660,shinada2024thermodynamic
2410.13885,kubo2024applicability
2410.07835,durandetto2024numerical
2410.07853,tamura2024meissner
2410.07861,huang2024signature
2410.08398,levchenko2024casimir
2410.08606,hou2024significant
2410.08730,semenok2024superconducting
2410.08758,ouassou2024bodge
2410.08761,seleznev2024density
2410.08878,sidorova2024low
2410.09148,kumar2024unconventional
2410.09197,polichetti2024expression
2410.09376,li2024elastic
2410.09849,ghotb2024non
2410.09889,lin2024topological
2410.09915,lu2024thermal
2410.09919,lu2024residual
2410.09946,lu2024rebco
2410.10019,bacqlabreuil2024ab
2410.10038,chubukov2024quantum
2410.10275,wen2024imaging
2410.10317,bobkov2024gatea
2410.10443,tu2024interstitial
2410.10666,chen2024nona
2410.10795,nguyen2024new
2410.11018,shaikhaidarov2024feasibility
2410.11057,lamic2024solving
2410.11258,honma2024doping
2410.11326,mori2024evolution
2410.11556,xin2024study
2410.11721,paghi2024supercurrent
2410.12254,ying2024quantum
2410.12276,zhong2024photoemission
2410.12392,voskresensky2024pion
2410.12429,malshukov2024antiferromagnetic
2410.12482,yang2024electronic
2410.12587,wang2024quantumc
2410.12624,li2024field
2410.12919,michael2024flux
2410.13160,pritchard2024suppressed
2410.13200,funami2024effects
2410.13270,semenov2024quantum
2410.13319,liu2024evolution
2410.13327,mo2024cryogenic
2410.14213,biscocho2024quantum
2410.14280,polat2024influence
2410.14341,sanchezmanzano2024dimensionality
2410.14344,garciapons2024metastability
2410.14424,bacsi2024non
2410.14469,turini2024side
2410.14503,hassani2024interplay
2410.14887,feijoo2024spin
2410.14909,kim2024electronic
2410.15099,li2024new
2410.15452,gavello2024facile
2410.15649,jiang2024intertwined
2410.15680,seleznyov2024intrinsic
2410.16054,that2024non
2410.16147,sahib2024superconductivity
2410.16610,wu2024interplay
2410.16614,dion2024doping
2410.16684,yuchi2024superconductivity
2410.16685,yamamoto2024electromagnetic
2410.17076,zakharov2024majorana
2410.17461,chen2024impurity
2410.17571,xie2024rare
2410.17588,guo2024high
2410.17652,bao2024liquid
2410.17669,wang2024finite
2410.17671,yao2024mystery
2410.17733,vasina2024connecting
2410.18020,nunezregueiro2024magnetic
2410.18028,lopes2024magnetization
2410.18175,divic2024anyon
2410.18365,kubo2024higha
2410.18405,yang2024phonon
2410.18438,nagashima2024optically
2410.18594,rodriguez2024flat
2410.18679,watanabe2024gauge
2410.18771,flachi2024fermion
2410.18802,rooij2024recombination
2410.18840,xu2024pressure
2410.18872,lao2024corner
2410.19065,plastovets2024magnetoelectric
2410.19433,singh2024hot
2410.19577,huang2024landau
2410.19668,liu2024observation
2410.20078,harbick2024time
2410.20114,jiang2024data
2410.20177,conte2024magnet
2410.20368,wei2024characterization
2410.20744,seeyangnok2024superconductivity
2410.20835,kashuba2024non
2410.20921,wu2024polar
2410.21363,matsyshyn2024superconducting
2410.21496,lopez2024nonlinear
2410.21678,hu2024topological
2410.21682,dai2024spin
2410.21689,aoki2024high
2410.21692,dai2024andreev
2410.21703,mao2024charge
2410.21710,mao2024spin
2410.21725,miao2024topological
2410.21769,seeyangnok2024superconductivitya
2410.21773,zhuang2024anomalous
2410.21775,yang2024inherent
2410.21941,burshtein2024quantum
2410.21945,zhu2024rapid
2410.22167,greenfield2024kinetic
2410.22195,tarantini2024procedures
2410.22433,huang2024graphene
2410.22636,zhu2024universal
2410.22704,verma2024bkt
2410.22769,sun2024design
2410.22823,yu2024coexistence
2410.23044,chang2024dispersion
2410.23062,burshtein2024photon
2410.23121,virtanen2024superconducting
2410.23221,gupta2024phase
2410.23269,wilde2024superconducting
2410.23352,hosur2024digital
2410.23468,hu2024charge
2410.24004,park2024improving
2410.24093,korshunov2024superconducting
2411.00162,priyadarshi2024situ
2411.00313,shinjo2024optical
2411.01130,slobodchikov2024electronic
2411.01149,matsumoto2024pressure
2411.01167,heung2024singlet
2411.01170,jung2024full
2411.01232,wu2024probing
2411.01519,zhigadlo2024high
2411.01585,hu2024observation
2411.01907,missiaen2024spin
2411.01935,botzel2024theorya
2411.02011,kokkeler2024full
2411.02178,colletta2024modelling
2411.02489,pupim2024adatom
2411.02503,yang2024topologicala
2411.02679,fukaya2024josephson
2411.02698,kitagawa2024clear
2411.02749,meninger2024extraction
2411.03437,arora2024quantum
2411.03676,hayata2024phase
2411.03777,chen2024electronica
2411.03822,dangic2024ambient
2411.03824,hvidolsen2024coexistence
2411.03971,pervakov2024intrinsic
2411.04045,tolpygo2024characterization
2411.04407,chen2024pressure
2411.04848,bonfa2024unveiling
2411.04871,dhara2024linear
2411.04896,zhang2024achieving
2411.05071,shavit2024quantum
2411.16685,polichetti2024comments
2411.05112,hallett2024effects
2411.05381,haldar2024influence
2411.05434,hidaka2024selection
2411.05551,wu2024collective
2411.05611,grant2024superconducting
2411.05668,filippozzi2024high
2411.06127,wang2024dynamic
2411.06492,feldman2024quantum
2411.06537,heier2024calculations
2411.06603,terzic2024persistence
2411.06673,sano2024thermoelectric
2411.06734,liu2024cocktail
2411.06758,qi2024edge
2411.06932,pan2024octupolar
2411.07068,souto2024majorana
2411.07119,faundez2024two
2411.07201,bunney2024fractionalized
2411.07292,oh2024high
2411.07338,munoz2024topological
2411.07427,you2024diverse
2411.07624,p2024ising
2411.07657,wang2024skin
2411.08005,sogabe2024berry
2411.08142,tahirkheli2024evidence
2411.08192,wang2024accurate
2411.08200,sajan2024atomic
2411.08391,hwang2024simple
2411.18629,nikulov2024reply
2411.08539,liu2024evolutiona
2411.08649,colauto2024maximum
2411.08677,pei2024unveiling
2411.08942,stasiak2024experimental
2411.08969,sau2024theory
2411.08980,zhao2024orbital
2411.09196,teeriaho2024coexistence
2411.09239,powell2024multiphase
2411.09429,han2024ai
2411.09494,baalbergen2024laser
2411.09664,jahin2024enhanced
2411.09793,wu2024large
2411.09907,wang2024densitya
2411.09925,gu2024optimal
2411.09966,lu2024assessing
2411.09985,kobayashi2024optical
2411.10331,chen2024facile
2411.10335,piasotski2024current
2411.10410,frost2024oxidation
2411.10522,boebinger2024hydride
2411.10631,chan2024observation
2411.10644,wang2024layer
2411.10688,haruna2024spin
2411.10774,upadhyay2024strong
2411.10786,su2024strongly
2411.10851,mo2024coexistence
2411.10852,katsumi2024amplitude
2411.10931,bonetti2024competing
2411.11040,cheng2024imaging
2411.11561,wang2024intertwineda
2411.11570,costa2024unconventional
2411.11674,zhu2024novel
2411.11724,song2024nanoscale
2411.11981,nitsch2024poor
2411.12219,shi2024two
2411.12231,fan2024two
2411.12236,liao2024circuit
2411.12261,myers2024stripe
2411.12349,zhang2024spina
2411.12486,memarzadeh2024nucleation
2411.12836,silkin2024doping
2411.12991,zeng2024resolving
2411.13301,du2024tunable
2411.13355,lykkegaard2024phase
2411.13399,shen2024numerical
2411.13554,shao2024possible
2411.13650,yamase2024theory
2411.13651,pakrouski2024certain
2411.14011,aleshchenko2024thz
2411.14114,jin2024dirac
2411.14144,gandhi2024superconducting
2411.14549,koizumi2024superconductivity
2411.14600,geisler2024fermi
2411.14682,vijayan2024surface
2411.14734,keshri2024ab
2412.05291,hirsch2024replya
2411.14782,park2024collective
2411.14831,fedoseev2024coexistence
2411.14903,uday2024non
2411.15048,kammerer2024resonant
2411.15058,lenschen2024dielectric
2411.15333,hossain2024unconventional
2411.15510,watanabe2024possibility
2411.15683,luo2024first
2411.15807,sun2024josephson
2411.15870,satariano2024evidence
2411.15916,kukkonen2024charge
2411.16037,rahmonov2024resonant
2411.16047,liu2024decoupling
2411.16399,kosuth2024two
2411.16614,norowski2024intrinsic
2411.16625,chapai2024origin
2411.16970,pranjic2024unsupervised
2411.17001,kukkonen2024chargea
2411.17097,jang2024engineering
2411.17352,kamashev2024expanding
2411.17357,alshemi2024two
2411.17504,kim2024superconductivity
2412.07792,zen2024author
2411.17815,hazra2024obstructed
2411.17818,holbk2024interplay
2411.17964,heung2024probing
2411.18045,pan2024structural
2411.18227,li2024observationa
2411.18315,gutowska2024anisotropic
2411.18325,debnath2024field
2411.18446,jin2024interlayer
2411.18536,henssler2024chemical
2411.18540,howell2024magnetic
2411.18542,alexanian2024fermi
2411.18744,graham2024pressure
2411.18781,wang2024higgs
2411.19014,gu2024prediction
2411.19028,gao2024prediction
2412.05111,zhao2024oscillatory
2411.19338,chirolli2024diode
2411.19396,rai2024sns
2411.19656,botana2024design
2411.19912,cailleaux2024theory
2411.19932,kumarasinghe2024enhancement
2412.00203,skvortsov2024supercurrent
2412.00273,siegl2024friedel
2412.00391,fistul2024collective
2412.00701,fan2024superconductivity
2412.00935,yeh2024structureda
2412.01394,zeng2024transverse
2412.01577,barrier2024coulomb
2412.01578,gao2024double
2412.01679,wang2024optimisation
2412.01702,capecelatro2024andreev
2412.01749,reho2024ab
2412.02469,lou2024resistive
2412.02473,asgharpour2024synthetic
2412.13209,goyal2024comments
2412.02677,amigo2024negative
2412.02822,erhardt2024understanding
2412.03087,parafilo2024proposal
2412.03524,anderson2024gapped
2412.03544,gluscevich2024kibble
2412.03646,awelewa2024magnetic
2412.03650,geier2024self
2412.03698,abanov2024non
2412.03720,campbell2024strange
2412.03793,fatmehsari2024nonuniform
2412.03899,chen2024evolution
2412.03994,costa2024transport
2412.04084,babkin2024superconducting
2412.04098,wilcox2024magnetically
2412.04159,bose2024situ
2412.04379,wang2024spinon
2412.04391,zhao2024electronic
2412.04556,das2024inverse
2412.04790,miyamoto2024inhomogeneous
2412.05016,stolyarov2024two
2412.16169,zhou2024multiple
2412.16170,zhou2024intrinsic
2412.16171,hou2024bulk
2412.05118,bak2024multi
2412.05209,medic2024artificial
2412.05374,saha2024strong
2412.05420,wang2024universal
2412.05459,ma2024dome
2412.05465,kelly2024superconductivity
2412.05869,sahu2024transport
2412.06150,chiu2024moving
2412.06156,zhu2024role
2412.06377,graf2024ising
2412.06562,ahmad2024novel
2412.06569,zhang2024observation
2412.06612,samarawickrama2024crossover
2412.06710,dong2024enhanced
2412.06941,wan2024light
2412.07008,islam2024unconventional
2412.07071,bukatova2024spectral
2412.07145,qin2024chiral
2412.07178,yuan2024electron
2412.07190,wang2024absence
2412.07364,pimanov2024response
2412.07529,heinrich2024bending
2412.07887,lammer2024effects
2412.07993,nikodem2024topological
2412.08113,gokhfeld2024larger
2412.08119,seeyangnok2024two
2412.08213,yan2024enhancement
2412.08269,mijit2024local
2412.08335,matsubara2024broken
2412.08361,li2024superconductivityb
2412.08450,wang2024evidence
2412.08451,liao2024berry
2412.08569,achour2024interplay
2412.08839,ikegami2024influence
2412.08991,jiao2024type
2412.08994,jiao2024sr
2412.09003,chen2024evolutiona
2412.09093,yamane2024high
2412.09098,song2024band
2412.09257,li2024fermiology
2412.09340,fang2024superconductivity
2412.09354,yan2024meissner
2412.09375,chen2024unveiling
2412.09384,rastkhadiv2024prediction
2412.09457,medic2024minimal
2412.09514,paudel2024influence
2412.09736,schmidt2024tuning
2412.09866,sun2024effective
2412.10148,ogata2024appearance
2412.10179,campbell2024seeking
2412.10227,smirr2024tunable
2412.10236,kokkeler2024quantum
2412.10818,zhang2024pressure
2412.11129,bohachov2024disentangling
2412.11280,honasoge2024fabrication
2412.11305,mendez2024textit
2412.11429,gao2024theoretical
2412.11727,semenok2024transmission
2412.11782,cioni2024conveyor
2412.11784,bhowmik2024topological
2412.11895,aleshchenko2024optical
2412.11922,li2024exploring
2412.12258,peng2024universal
2412.12263,peng2024scaling
2412.12279,huang2024coherent
2412.12344,yang2024field
2412.12758,creusot2024superconducting
2412.12795,walicka2024magnetism
2412.13042,engstrom2024detecting
2412.13186,mark2024efficiently
2412.13431,ma2024high
2412.13517,seeyangnok2024superconductivityb
2412.13680,wo2024spin
2412.13687,manaparambil2024underscreened
2412.16221,paghi2024josephson
2412.13830,yuan2024selective
2412.14000,beneklins2024universal
2412.14245,sukhachov2024coexistence
2412.14255,marra2024zero
2412.14296,fischer2024theory
2412.14381,islam2024pressure
2412.14408,neto2024dynamic
2412.14439,ahmed2024odda
2412.14534,palle2024unconventionala
2412.14610,li2024microscopic
2412.14627,moca2024spectral
2412.14662,pham2024resistance
2412.14691,caputo2024mathematical
2412.14876,seja2024impurity
2412.14927,sellati2024ghost
2412.14958,schmieden2024study
2412.15003,lin2024possible
2412.15103,sun2024topological
2412.15203,levitan2024anomalous
2412.15488,li2024theoretical
2412.15741,bogush2024conformal
2412.15850,huang2024experimental
2412.15903,arabi2024magnetic
2412.16045,potter2024millikelvin
2412.16099,poorgholamkhanjari2024engineering
2412.16103,deltsidis2024local
2412.16116,lu2024kramers
2412.16279,baudis2024first
2412.16569,nikodem2024tunable
2412.16622,zhou2024ambient
2412.16760,ziegler2024edge
2412.16804,golden2024development
2412.16870,murai2024three
2412.17020,zhang2024optical
2501.14752,liu2024origin
2412.17367,aichner2024enhanced
2412.17453,tian2024spin
2412.17550,liu2024phase
2412.17576,vervoort2024dc
2412.17722,ramallo2024superconductivity
2412.17760,botana2024scenario
2412.17905,yuan2024infinitely
2412.17926,schegolev2024contemporary
2412.18220,chen2024spin
2412.18240,verde2024calculations
2412.18251,viz2024dimensional
2412.18341,hou2024quantum
2412.18343,cai2024low
2412.18399,suleymanli2024gap
2412.18446,zhao2024ultralow
2412.18469,wang2024self
2412.18754,noda2024fractional
2412.18787,sato2024non
2412.18864,froldi2024strong
2412.18892,song2024emergent
2412.19096,yu2024anisotropic
2412.19298,chabanenko2024transformation
2412.19493,mandal2024two
2412.19565,patil2024effective
2412.19617,lechermann2024interplay
2412.19687,ahmed2024dft
2412.19894,dong2024chirality
2412.19919,kaczmarek2024direct
2412.20054,sharma2024phase
2501.01978,sobyanin2024nondipole
2412.20465,wang2024electronica
2412.20647,panigrahi2024microscopic
2412.20837,azam2024high
2412.20855,calderon2024cascades
2412.20896,wu2024global
2412.20944,chen2024one
2412.21019,liao2024orbital
2412.21150,subedi2024pressure
2501.00088,pino2024theory
2501.00098,yu2024quantum
2501.00100,yu2024universal
2501.00325,sindler2024deeper
2501.00386,saradva2024evolution
2501.00410,zhang2024majorana
2501.00447,lal2024physics
2501.00554,meena2024observation
2501.01466,hirsch2024hydride
2501.00699,li2025unconventional
2501.00812,pandey2025sputtering
2501.00835,zhuang2025current
2501.00960,chau2025optical
2501.01155,huang2025probing
2501.01185,castellanosbeltran2025measurable
2501.01501,banerjee2025dissipation
2501.01734,chernodub2025enhanced
2501.01838,li2025electronic
2501.01842,taravati2025light
2501.01852,li2025coherence
2501.01883,quaranta2025high
2501.01887,jangid2025high
2501.02171,cao2025enhanced
2501.02185,xie2025quasi
2501.02231,dong2025strong
2501.02351,ramakrishnan2025high
2501.02425,qi2025high
2501.02455,li2025large
2501.02500,jeon2025effect
2501.02818,roppongi2025topology
2501.02876,agarwal2025anomalous
2501.03011,moshel2025propagation
2501.10409,shao2025band
2501.03317,rehfuss2025sub
2501.03343,golden2025characterization
2501.03385,baxevanis2025inductively
2501.03801,kwon2025flux
2501.03868,luo2025surface
2501.03962,deshpande2025influence
2501.04915,farid2025lifshitz
2501.05010,liu2025non
2501.05164,hua2025tree
2501.05254,xu2025incommensurate
2501.05317,zhang2025double
2501.05451,chatterjee2025interplay
2501.05562,wei2025kondo
2501.05671,mori2025josephson
2501.06272,sun2025effects
2501.16189,zhou2025critical
2501.05797,nashaat2025intrinsic
2501.05980,hossain2025tunable
2501.06288,pandey2025diabatic
2501.06460,liu2025electric
2501.06516,singh2025high
2501.06845,willard2025comparison
2501.06875,yue2025correlated
2501.07780,margiotta2025thermal
2501.07982,antonelli2025exploring
2501.08012,jones2025quasiparticle
2501.08022,liu2025superconductivity
2501.08140,taleb2025electron
2501.08204,bhatt2025resolving
2501.08216,grankin2025negative
2501.08400,samuely2025misfit
2501.08536,wang2025mottness
2501.08564,kim2025boundary
2501.08635,kobayashi2025pressure
2501.08646,maeda2025classification
2501.08687,li2025preformed
2501.08867,volavka2025ising
2501.08986,landro2025topological
2501.09226,li2025absence
2501.09255,li2025angle
2501.09449,kopur2025ar
2501.09675,wu2025weak
2501.09721,kumarasinghe2025hybridization
2501.10085,sanchezmartinez2025optical
2501.10287,padma2025beyond
2501.10296,scheie2025cooper
2501.10503,lewellen2025frozonium
2501.10619,liu2025properties
2501.10804,alimenti2025surface
2501.10960,sun2025pseudo
2501.10998,feng2025pseudo
2501.11248,luo2025microscopic
2501.11377,kamiyama2025optical
2501.11751,schulz2025quantum
2501.11783,sharma2025strain
2501.11907,liu2025hybridization
2501.11936,bartl2025evidence
2501.11966,pompeo2025method
2501.12024,ram2025multiterminal
2501.12068,zhao2025impact
2501.12129,ji2025floquet
2501.12141,zhao2025orientation
2501.12222,ouyang2025high
2501.12232,schulz2025theory
2501.12435,putzer2025eliashberg
2501.12609,watanabe2025bcs
2501.12646,lou2025current
2501.12647,shi2025absence
2501.12730,shestakov2025thermodynamics
2501.12889,noat2025magnetic
2501.12908,yakaboylu2025fractionally
2501.13168,liu2025landau
2501.13178,azari2025coexistence
2501.13269,reichhardt2025using
2501.13322,morrissey2025model
2501.13511,li2025signature
2501.13547,kitagawa2025highly
2501.13722,watanabe2025gauge
2501.13759,jong2025measurement
2501.13783,soori2025crossed
2501.13791,simon2025ab
2501.14057,cuperus2025non
2501.14138,wu2025time
2501.14202,shi2025prerequisite
2501.14254,yazdanihamid2025influence
2501.14378,autieri2025conditions
2501.14420,belli2025chemical
2501.14504,dailledouze2025imaging
2501.14563,holmvall2025designing
2501.14584,li2025bulk
2501.14665,le2025opposite
2501.14876,yakovlev2025atypical
2501.14965,strohauer2025origin
2502.07079,cao2025pairing
2501.15178,uraga2025spin
2501.15428,zhang2025optimizing
2501.15512,mikitik2025determination
2501.15518,wang2025simultaneous
2501.15709,devereaux2025significance
2501.15771,kumar2025absence
2501.15800,singh2025overdoping
2501.15871,schnaubelt2025transient
2501.15882,bera2025thermoelectric
2501.15912,kulesh2025flux
2501.15929,huo2025low
2501.16183,ma2025melting
2501.18631,akrap2025report
2501.16636,gu2025pair
2501.16699,song2025unconventional
2501.16856,salvador2025two
2501.16869,gordeeva2025ultra
2501.16872,taravati2025space
2501.16957,sato2025sturdy
2501.16965,chen2025effect
2501.17017,robbins2025upper
2501.17230,coveney2025phonon
2501.17314,zyuzin2025phase
2501.17316,guarcello2025l
2501.17369,lee2025anomalous
2501.17451,sasaki2025enhancement
2501.17465,arima2025direct
2501.17623,uguccioni2025keldysh
2501.17641,yerin2025supercurrent
2501.17709,zhang2025bulk
2501.17724,decrausaz2025dynamic
2501.17924,arora2025photo
2501.18242,choi2025unveiling
2501.18573,zabyaneh2025symmetries
2501.18591,leong2025non
2501.18694,liceran2025unconventional
2501.18885,li2025direct
2502.00237,zhu2025proposal
2502.00255,skinnerramos2025stress
2502.00566,zhai2025nuclear
2502.00701,goyal2025orbital
2502.00804,guarcello2025effect
2502.00889,baranski2025interplay
2502.00913,khasanov2025influence
2502.01018,shi2025superconductivity
2502.01169,fujimoto2025renormalization
2502.01501,zhang2025damage
2502.01624,bhatta2025structural
2502.01793,ahn2025circular
2502.01838,yi2025universal
2502.01881,deng2025creation
2502.01955,wu2025pressure
2502.02053,nagae2025majorana
2502.02105,lukmanova2025strain
2502.02192,piasotski2025topological
2502.02252,alizadeh2025superconductivity
2502.02665,mohammadiarzanagh2025enhanced
2502.02706,jaroszynski2025critical
2502.06821,ishikawa2025superconducting
2502.02923,huang2025revealing
2502.02931,li2025superconductivity
2502.02947,spieker2025pervasive
2502.03178,zhong2025spin
2502.03299,zikiy2025mutual
2502.03326,zaldivar2025revealing
2502.03873,ortiz2025oxygen
2502.03986,wahlberg2025boosting
2502.04196,theiler2025temperature
2502.04231,ahmad2025josephson
2502.04255,shi2025effect
2502.04439,liu2025quantum
2502.04647,kornilovitch2025derivation
2502.04739,yapa2025mixed
2502.04785,diezcarlon2025probing
2502.05481,he2025superconducting
2502.05828,marel2025thoughts
2502.05914,kubo2025higgs
2502.06063,graham2025tailoring
2502.06420,levitin2025odd
2502.06569,lin2025floquet
2502.06700,geng2025theoretical
2502.06962,tuero2025large
2502.06992,sivakov2025vortex
2502.07043,purmessur2025operation
2502.07089,rachel2025majorana
2502.07446,mukherjee2025emergence
2502.07475,meena2025topological
2502.07533,zhao2025revealing
2502.07955,carltonjones2025revealing
2502.08270,huang2025superconductivity
2502.08425,braz2025interlayer
2502.08459,zaccone2025microscopic
2502.08527,kudriashov2025non
2502.08589,giovanni2025benchmarking
2502.08699,bashan2025extended
2502.08704,leraand2025phonon
2502.08708,coleman2025dual
2502.08915,xiong2025metal
2502.08928,terashima2025apparent
2502.09195,duan2025orbital
2502.09397,sten2025spectral
2502.09421,hasan2025superconducting
2502.09868,du2025unveiling
2502.09878,hossain2025superconductivity
2502.09945,kurihara2025removal
2502.09964,donaire2025fractional
2502.10737,ye2025three
2502.10911,mazanik2025interfacial
2502.10962,li2025orbital
2502.11035,fan2025organometallic
2502.11204,yan2025charge
2502.11527,xiong2025application
2502.11601,okada2025weak
2502.11624,miserev2025high
2502.11693,rosmus2025observation
2502.11709,torkzadeh2025superconducting
2502.11717,ma2025superconducting
2502.12076,pallecchi2025uncollapsed
2502.12144,hausoel2025superconducting
2502.12252,aasen2025roadmap
2502.12265,kaplan2025quantum
2502.12416,xu2025abnormal
2502.13264,poage2025violation
2502.13265,jabusch2025unusual
2502.13307,bondarev2025transparent
2502.13351,broun2025beyond
2502.13354,zhang2025origin
2502.13391,wu2025tunable
2502.13454,liu2025accurate
2502.13608,xu2025av
2502.13612,duffy2025evidence
2502.13690,fan2025interfacial
2502.13857,guo2025interfacial
2502.14085,campbell2025enhancement
2502.14324,lu2025impact
2502.14347,wang2025discovery
2502.14410,peng2025isotropic
2502.14423,juraszek2025nodeless
2502.14601,nomura2025strong
2502.14633,xu2025superconductivity
2502.14635,qiu2025quantum
2502.14843,keliri2025slave
2502.15373,tanaka2025vertex
2502.15400,fukaya2025superconducting
2502.15445,li2025mpd5
2502.15590,talantsev2025structural
2502.15930,baran2025yu
2502.16013,ideta2025proximity
2502.16258,song2025geometric
2502.16415,zhang2025perfect
2502.16558,wang2025discoverya
2502.16657,fernandes2025loop
2502.16729,nakai2025callan
2502.16784,zou2025unraveling
2502.17005,song2025phase
2502.17063,iida2025status
2502.17127,charikova2025josephson
2502.17247,dhundhwal2025high
2502.17555,yoon2025quarter
2502.17745,hossain2025atomic
2502.17831,shen2025nodeless
2502.17833,ihara2025probing
2502.17892,eyal2025experimental
2502.17970,buccheri2025microwave
2502.17998,burmistrov2025revisiting
2502.18068,miao2025electronic
2502.18075,yuan2025orbital
2502.18133,benkel2025modelling
2502.18281,gao2025maximum
2503.00041,ruhman2025comment
2502.18723,ithepalli2025growth
2502.18989,bi2025rise
2502.19162,ramires2025pure
2502.19267,dourado2025majorana
2502.19270,parthenios2025spin
2502.19371,sharma2025tunable
2502.19483,kariyado2025single
2502.19501,verraes2025first
2502.19560,legg2025comment
2502.19599,yang2025uniaxial
2502.19664,huo2025first
2502.19733,liu2025extracting
2502.19826,wu2025phonon
2502.19840,gao2025robust
2502.19841,mizushima2025detecting
2502.19882,svalland2025topological
2502.20276,vecchi2025search
2502.20283,yang2025topological
2502.20394,murshed2025superconductivity
2502.20450,auyeung2025universal
2502.20721,sano2025melting
2502.20733,tu2025symmetry
2502.20735,huang2025spatially
2502.20796,xu2025unraveling
2502.20911,lamponen2025superconductivity
2502.20921,katayama2025noise
2502.21016,yin2025s
2502.21124,singh2025synthesis
2502.21230,parfenov2025bulk
2503.00169,paul2025determination
2503.00233,langa2025study
2503.00473,chavez2025condensation
2503.01204,goyal2025insight
2503.01337,he2025coexistence
2503.01519,li2025half
2503.01673,sato2025finite
2503.02216,luo2025hunting
2503.02489,gaydamachenko2025rf
2503.02779,mor2025selective
2503.02811,wang2025microwave
2503.02929,ingham2025vestigial
2503.03168,bahrami2025vortex
2503.03281,huang2025pressure
2503.03419,zhao2025spontaneous
2503.03441,he2025geometric
2503.03447,krolak2025kondo
2503.03473,li2025revealing
2503.03477,nielsen2025dual
2503.03559,kogler2025isome
2503.03608,howe2025compact
2503.03815,fridman2025anomalous
2503.03937,dordevic2025universal
2503.03958,zhao2025enhanced
2503.04179,kawamura2025engineering
2503.04186,smirnov2025thermoelectric
2503.04334,hong2025observation
2503.04336,zhao2025mechanisms
2503.04400,khasanov2025effect
2503.04560,zappacosta2025nonlinear
2503.04890,molignini2025beyond
2503.04955,anjos2025unified
2503.05075,zhang2025electronic
2503.05124,gessesew2025rutherford
2503.05176,xu2025collapse
2503.05184,ummarino2025possible
2503.05287,plokhikh2025unraveling
2503.05494,althuser2025collective
2503.05624,gonzalez2025high
2503.05697,maymann2025pairing
2503.05863,guerci2025ferromagnetic
2503.06018,shneyder2025evolution
2503.06391,sun2025superconducting
2503.06560,khasanov2025pressure
2503.06584,mo2025topological
2503.06642,mizuno2025magnon
2503.06679,shestakov2025relative
2503.06735,poljak2025probing
2503.06753,fontenele2025effects
2503.06835,sakai2025interplay
2503.06850,jung2025engineering
2503.07015,nakazawa2025origin
2503.07024,terekhov2025anomalous
2503.07042,li2025prediction
2503.07162,bogush2025vortex
2503.07229,wen2025helical
2503.07354,larson2025quasiparticle
2503.07443,rooij2025volume
2503.07688,matos2025transitional
2503.07726,sulangi2025low
2503.07744,biswas2025andreev
2503.07747,zhang2025constraints
2503.07750,wang2025bcs
2503.07810,stcyr2025effect
2503.07861,yilmaz2025floating
2503.07929,zhu2025magnetic
2503.07948,hara2025spin
2503.08318,mondal2025josephson
2503.10680,cetin2025geometric
2503.08570,zhang2025kramers
2503.08645,aggarwal2025mitigating
2503.08682,ouyang2025phase
2503.08767,heath2025many
2503.08841,oleary2025topography
2503.08901,neri2025collective
2503.08944,legg2025commenta
2503.09109,matsumura2025intrinsic
2503.09175,satariano2025nanoscale
2503.09216,xing2025charge
2503.09236,islam2025contrasting
2503.09554,yelton2025correlated
2503.09709,chen2025generalized
2503.09800,hodge2025fusion
2503.09821,mojarro2025majorana
2503.09872,gonzalez2025superconductivity
2503.10040,lee2025rapid
2503.10085,iskin2025structure
2503.10131,basistha2025non
2503.10146,zhang2025nonequilibrium
2503.10372,park2025effects
2503.10770,bedow2025finding
2503.10874,ohnmacht2025reflectionless
2503.10902,geisler2025electronic
2503.10909,huang2025fabrication
2503.10942,oubaid2025new
2503.10943,bercx2025charting
2503.10975,huang2025charge
2503.11079,dong2025controlled
2503.11228,li2025pressure
2503.11306,yang2025direct
2503.11333,lapp2025manipulation
2503.11362,wu2025metamagnetic
2503.11437,kreuzer2025stacked
2503.11456,huang2025revealinga
2503.11476,lemziakov2025applications
2503.11502,balakrishnan2025complex
2503.11603,christiansen2025nodal
2503.11873,li2025superconducting
2503.11886,pulkkinen2025revealing
2503.11925,deenen2025periodic
2503.12064,shukla2025dynamics
2503.12099,kung2025automatic
2503.12245,ramjan2025negative
2503.12412,lechermann2025low
2503.12650,sedov2025probing
2503.12710,chang2025energy
2503.12817,jang2025edge
2503.12925,inoue2025unified
2503.13104,shi2025ionic
2503.13143,yang2025spectroscopic
2503.13197,shi2025theoretical
2503.13259,greco2025coherent
2503.13321,roy2025study
2503.13406,pasnoori2025realizing
2503.13600,radaelli2025critical
2503.13725,sharma2025sn
2503.13944,sazgari2025competing
2503.13968,behnia2025comment
2503.14128,cao2025complex
2503.14335,campi2025upper
2503.14423,teller2025frustrated
2503.14424,murthy2025identifying
2503.14457,bai2025flux
2503.14589,takasan2025superconducting
2503.14593,jeon2025interaction
2503.14616,bafia2025quantifying
2503.14721,dunbrack2025quantum
2503.15025,reho2025crucial
2503.15038,xi2025transition
2503.15115,bankier2025superconducting
2503.15266,wang2025strong
2503.15384,villani2025quasi
2503.15471,christos2025finite
2503.15623,ismagambetov2025josephson
2503.15643,dzero2025schmid
2503.15646,chaudhuri2025decoupling
2503.15767,zhang2025angular
2503.15862,he2025theory
2503.16168,panigrahi2025tomographic
2503.16224,wei2025upper
2503.16295,pioldi2025photonic
2503.16384,gaggioli2025spontaneous
2503.16391,chen2025intrinsic
2503.16410,park2025simultaneous
2503.16704,scheppe2025tight
2503.16705,scheppe2025perturbing
2503.16812,karuppannan2025development
2503.16923,daido2025nonreciprocal
2503.17054,cioni2025high
2503.17098,ghosh2025gate
2503.17121,han2025multi
2503.17124,silva2025high
2503.17146,sidorova2025jitter
2503.17223,hu2025electronic
2503.17241,ruf2025superconducting
2503.17345,hickman2025superconducting
2503.17450,sharma2025observation
2503.17582,gray2025broad
2503.17596,jiang2025individual
2503.18969,shindou2025topological
2503.17729,lamura2025anisotropic
2503.17761,wang2025odd
2503.17762,crepieux2025quasiparticle
2503.17901,tu2025strain
2503.18323,iorsh2025electron
2503.18346,yang2025enhanced
2503.18362,subhadarshini2025identifying
2503.18439,shan2025emergent
2503.18877,zhan2025impact
2503.18902,ilicin2025variational
2503.18946,zhu2025plane
2503.19376,sahoo2025four
2503.19436,burset2025floquet
2503.19761,yang2025emergent
2503.19891,reza2025predicted
2503.20005,gibson2025developing
2503.20022,howe2025picosecond
2503.20070,mairovich20254
2503.20169,han2025intrinsic
2503.20347,yue2025fixed
2503.20361,miyake2025novel
2503.20389,chen2025topological
2503.20426,povitchan2025enhancement
2503.20503,souliou2025hybridization
2503.20861,sulangi2025inhomogeneity
2503.20867,deng2025theory
2503.21063,palumbo2025gapless
2503.21389,makarov2025electronic
2503.21391,alipourzadeh2025andreev
2503.21506,yin2025yin
2503.21583,sonin2025theory
2503.22003,das2025momentum
2503.22014,mardazad2025ground
2503.22078,palumbo2025interplay
2503.22477,misawa2025chemical
2503.22637,esmenda2025revealing
2503.22670,metuh2025single
2503.22888,lin2025topological
2503.23066,karchev2025time
2503.23581,pokusinskyi2025dc
2503.23656,zhang2025doublea
2503.23683,pixley2025twisted
2503.23692,hirai2025superconductivity
2503.23842,taya2025detection
2503.23861,huang2025effective
2503.23928,huang2025superconducting
2503.24177,wang2025density
2503.24276,aasen2025mitigation
2503.24287,jangid2025unveiling
2503.24327,dutta2025thermal
2503.24390,szabo2025intertwining
2504.00258,capone2025clue
2504.00662,kacmarcik2025single
2504.00917,boruah2025field
2504.01271,saunderson2025triplet
2504.01584,yamazaki2025higher
2504.01635,meyer2025control
2504.01680,stokes2025arbitrary
2504.01686,mineev2025toroid
2504.01763,feng2025fully
2504.01884,mansikkamaki2025thermoelectric
2504.02500,mohebi2025overview
2504.02556,li2025superconductivitya
2504.02568,nicoletti2025enhanced
2504.02736,ning2025parity
2504.02751,wang2025roton
2504.02752,sun2025anomalous
2504.02754,segall2025learning
2504.02948,cuozzo2025perfect
2504.03317,rosenstein2025maximal
2504.03617,jiang2025ideal
2504.03882,zhang2025identifying
2504.04057,gaur2025nontrivial
2504.04123,cuy2025electron
2504.04284,herr2025landauer
2504.04297,ichibha2025ab
2504.04460,song2025pressure
2504.04468,paudel2025planar
2504.04565,pandit2025transport
2504.04587,hovhannisyan2025intrinsic
2504.04623,ibrahim2025characterization
2504.04800,ri2025spin
2504.04807,siegele2025fast
2504.05000,wu2025energy
2504.05129,qin2025stripe
2504.05555,garrido2025thermoelectric
2504.06000,rutten2025odd
2504.06246,zhang2025appearance
2504.06251,zhang2025moir
2504.06454,kitagawa2025high
2504.06524,ikegaya2025exceptionally
2504.06642,niederhoff2025current
2504.06732,luethi2025properties
2504.06864,xu2025emergent
2504.06972,xu2025signatures
2504.07066,chen2025intertwining
2504.07082,xu2025chiral
2504.07088,yu2025pauli
2504.07098,marra2025nonhermitian
2504.07268,tenhuisen2025magnetic
2504.07296,szucs2025thermodynamic
2504.07509,nyari2025coexistence
2504.07883,enzner2025phonon
2504.07950,larson2025localized
2504.08124,sharma2025normal
2504.08290,khasanov2025oxygen
2504.08674,ioannidis2025time
2504.08691,borgongino2025biharmonic
2504.08692,antonov2025microwave
2504.08707,perkins2025designing
2504.09321,koshelev2025directional
2504.09453,zhong2025inverse
2504.09511,li2025tri
2504.09610,mukhin2025q
2504.09721,bubis2025nonequilibrium
2504.09880,lee2025universal
2504.10114,kaneko2025t
2504.10392,wang2025spin
2504.10626,hosoi2025development
2504.10863,aleryani2025intertwined
2504.10912,wang2025superconducting
2504.11028,sultanov2025measuring
2504.11065,takiguchi2025electronic
2504.11532,yuan2025infinite
2504.11947,feng2025dissecting
2504.12049,talanov2025impact
2504.12050,nakata2025resonant
2504.12073,yanagisawa2025unconventional
2504.12077,betto2025coincident
2504.12127,ji2025strong
2504.12414,ramires2025symmetry
2504.12630,sun2025crystal
2504.12853,kobayashi2025scaling
2504.13025,zhang2025magnetism
2504.13166,paoletti2025topologically
2504.13564,chunyu2025long
2504.13605,ali2025pressure
2504.13661,caglieris2025fermi
2504.13675,rivano2025exploring
2504.13779,maldonado2025quantum
2504.13796,campi2025lattice
2504.14327,zhang2025general
2504.14651,giacomelli2025exact
2504.14714,sokolovsky2025electromagnetic
2504.15004,talantsev2025compliance
2504.15112,khanenko2025phase
2504.15354,qi2025multimagnon
2504.15435,zhang2025electronica
2504.15853,haque2025dft
2504.15950,stolyarov2025detector
2504.16166,tei2025two
2504.16176,skliannyi2025gapfull
2504.16239,simon2025normal
2504.16341,ohnishi2025potentiometric
2504.16372,wang2025electronic
2504.16412,xiao2025superconductivity
2504.16620,liu2025fluctuated
2504.16841,buss2025braiding
2504.16987,ding2025indirect
2504.16989,paya2025fluxoid
2504.17214,zhao2025magnetic
2504.17242,iyo2025rapid
2504.17435,natkunlaphat2025emergence
2504.17517,bonasera2025current
2504.17558,orso2025quasi
2504.17623,altangerel2025thermal
2504.17702,bekaert2025real
2504.17746,thong2025flux
2504.17779,crawford2025josephson
2504.17893,ummarino2025eliashberg
2504.18051,yokota2025stability
2504.18306,zhao2025orientationa
2504.18313,cao2025anomalous
2504.18336,jiang2025possible
2504.18531,jindal2025comment
2504.18778,xia2025three
2504.18852,headley2025magnetic
2504.18915,wustmann2025simulation
2504.18963,burmistrov2025superconductivity
2504.18997,korneeva2025practical
2504.19028,bierman2025superconducting
2504.19097,iugov2025yang
2504.19263,zha2025robust
2504.19361,fermin2025time
2504.19525,takemori2025spin
2504.19535,lan2025evolution
2504.19620,trivini2025local
2504.19666,garg2025spectroscopic
2504.19844,li2025tunable
2504.20031,huang2025scalable
2504.20170,kuang2025unconventional
2504.20321,sanches2025spin
2504.20366,meng2025quantized
2504.20393,islam2025emergent
2504.20695,biswas2025inhomogeneous
2504.20714,goremykin2025frequency
2504.20775,engstrom2025upper
2504.20868,xiong2025two
2504.21101,gao2025enhanced
2504.21137,mineev2025phase
2504.21426,gao2025topotactical
2504.21651,vaulx2025pressure
2504.21794,menegotto2025vortex
2504.21817,johannsen2025anomalous
2505.00069,schirmer2025superfluid
2505.00085,shaffer2025josephson
2505.00223,hong2025dominant
2505.00248,nagao2025revisiting
2505.00313,dmitriev20251
2505.00514,rosenberg2025signatures
2505.00623,romero2025planckian
2505.00769,kishmar2025quasiparticle
2505.00771,bassen2025real
2505.00773,chowdhury2025theory
2505.00796,tsirlin2025beyond
2505.00994,nakai2025chirality
2505.01334,piatti2025direct
2505.01404,christiansen2025quasiparticle
2505.01504,kemper2025observing
2505.01522,balakan2025observation
2505.01682,li2025vortex
2505.01759,bai2025ferroelectrically
2505.01960,kato2025new
2505.02090,nulens2025nonvolatile
2505.02328,harshman2025interfacial
2505.02377,kim2025field
2505.02473,ciszewski2025theoretical
2505.02764,manset2025hyperinductance
2505.02793,yadav2025coexistence
2505.02893,shi2025doping
2505.02894,gnezdilov2025upper
2505.02995,bhattacharyya2025coexisting
2505.03003,jayaram2025probing
2505.03227,kopasov2025proximity
2505.03249,moulding2025multilayer
2505.03358,michael2025parametrically
2505.03370,kim2025effective
2505.03726,ahmed2025anomalous
2505.03900,armanno2025direct
2505.03913,sapkota2025large
2505.04059,kow2025traveling
2505.04069,karamuftuoglu2025scalable
2505.04156,miyoshi2025crossover
2505.04159,xue2025complete
2505.04256,verma2025realizing
2505.04359,kim2025charged
2505.04478,parafilo2025ratchet
2505.04729,jeon2025coexistence
2505.04902,valenti2025spatial
2505.04945,chaubey2025superconductivity
2505.05068,gim2025orbital
2505.05176,cai2025superconducting
2505.05222,subhadarshini2025engineering
2505.05227,venditti2025something
2505.05267,das2025exploring
2505.05302,pal2025josephson
2505.05628,goglichidze2025non
2505.05761,yuan2025correlation
2505.06072,gozlinski2025visualization
2505.06155,zhao2025non
2505.06334,wit2025manipulating
2505.06593,sajedi2025protected
2505.06720,semenov2025fluxon
2505.07017,wang2025probing
2505.07241,soma2025superconducting
2505.07341,liu2025variational
2505.07426,arrachea2025thermoelectric
2505.07807,chareev2025two
2505.07976,kulikov2025uniqueness
2505.08141,chen2025competing
2505.08488,huslage2025non
2505.08597,torchia2025superconductor
2505.08696,zaccone2025quantum
2505.08779,ledwith2025exotic
2505.08879,palkanoglou2025symmetry
2505.08888,bedow2025majorana
2505.08898,chouinard2025probing
2505.08914,wang2025epitaxial
2505.09203,han2025invdesflow
2505.09207,buks2025disentanglement
2505.09249,buthenhoff2025functional
2505.09288,krekels2025current
2505.09347,kuibarov2025measuring
2505.09351,thebault2025boosted
2505.09476,zhou2025origin
2505.09547,mironov2025bulk
2505.09752,lacmann2025charge
2505.09762,hasan2025unconventional
2505.09910,kita2025hidden
2505.09992,chouinard2025microwave
2505.10196,hu2025unconventional
2505.10242,hu2025quantum
2505.10332,yokoyama2025floquet
2505.10336,yokoyama2025relationship
2505.10358,wei2025magnetic
2505.10449,rodriguezvega2025dimensional
2505.10808,guo2025topological
2505.10905,pramanick2025pressure
2505.10984,barrera2025magnetotransport
2505.11000,li2025neutron
2505.11161,reaney2025charge
2505.11285,santana2025linear
2505.11333,yano2025born
2505.11630,maccari2025revisiting
2505.11732,ding2025role
2505.11964,adiga2025accelerating
2505.12062,guo2025superconducting
2505.12150,dalakova2025superconductivity
2505.12249,stegani2025inhomogeneity
2505.12342,li2025enhancement
2505.12498,abyaneh2025collective
2505.12536,sasmal2025voltage
2505.12542,samoilenka2025microscopic
2505.12603,hao2025superconductivity
2505.12724,kim2025advances
2505.12733,yi2025unifying
2505.13065,hirobe2025anomalous
2505.13442,jiang2025pressure
2505.13606,liu2025quasiparticles
2505.13798,shi2025lorentz
2505.14048,makarov2025non
2505.14223,ye2025topological
2505.14276,plienbumrung2025charge
2505.14591,asaduzzaman2025superconducting
2505.14834,garg2025flux
2505.14894,naaman2025josephson
2505.14997,kim2025superconducting
2505.15864,zeng2025ambient
2505.15719,lv2025linear
2505.15745,gupta2025majorana
2505.15891,lesser2025gaplessness
2505.15906,zhang2025pairing
2505.16183,huang2025ultrafast
2505.16184,liang2025pure
2505.16432,zhigadlo2025high
2505.16657,azam2025effect
2505.16799,causse2025synthesis
2505.16906,goona2025higher
2505.16930,morais2025lorentz
2505.17200,kim2025resolving
2505.17349,porlles2025quantum
2505.17378,keren2025cavity
2505.17515,gupta2025superinsulating
2505.17709,havir2025near
2505.17980,luo2025majorana
2505.18330,shi2025circuit
2505.18578,gonzalezsanchez2025signatures
2505.18749,mallick2025ubiquity
2505.19011,hsu2025fermi
2505.19615,matsumura2025b
2505.20180,fichet2025vortex
2505.20205,fu2025floquet
2505.20398,tam2025quantized
2505.20458,berlitz2025parasitic
2505.20502,tsarev2025all
2505.20598,jeon2025interferometric
2505.20631,otsuki2025majorana
2505.20702,matsubayashi2025magnetic
2505.21064,ajeesh2025hydrostatic
2505.21085,ogino2025anomalous
2505.21341,trupiano2025thermally
2505.21436,matsumoto2025superconducting
2505.21616,patri2025family
2505.21714,foster2025time
2505.21861,travaglini2025robust
2505.22274,cui2025dimensionality
2505.22546,lu2025prediction
2505.22915,jahin2025spontaneous
2505.23095,sun2025multiple
2505.23200,singh2025v
2505.23424,azarevich2025two
2505.23490,tikhonov2025conductance
2505.23670,beenakker2025shot
2505.24318,huang2025universal
2505.24725,gao2025pixels
2505.24777,pasnoori2025emergent
2505.24847,wang2025nematicity
2506.00110,zhang2025holon
2506.00449,mo2025resonant
2506.00617,zhou2025robust
2506.01330,alekseevskiy2025superconducting
2506.01617,cayado2025open
2506.01648,zhan2025loop
2506.01764,feng2025unconventional
2506.01785,trugenberger2025infinite
2506.01788,fan2025superconducting
2506.01797,aguirre2025superconducting
2506.01906,kapur2025flux
2506.02108,nosov2025anyon
2506.02209,ma2025discovery
2506.02237,gonzalez2025atomic
2506.02484,doi2025anisotropic
2506.02904,mayo2025quantum
2506.03040,padma2025symmetry
2506.03250,mland2025phonon
2506.03262,saykin2025spin
2506.03509,shang2025multiband
2506.03563,li2025enhanced
2506.03837,han2025htsc
2506.03975,bouteiller2025nernst
2506.04338,sharma2025magnetic
2506.04356,wu2025intra
2506.04601,ge2025nonreciprocal
2506.04697,jiang2025ultrafast
2506.04750,singh2025lattice
2506.04766,silhanek2025impact
2506.05003,r2025engineering
2506.05550,azambuja2025axionic
2506.05830,xu2025anisotropic
2506.06002,lauwens2025optimization
2506.06140,plastovets2025cavity
2506.06257,khodas2025tuning
2506.06696,chen2025intertwined
2506.07095,chan2025disorder
2506.15726,varonov2025theory
2506.07302,lane2025gorkov
2506.07318,cho2025non
2506.07354,yan2025dual
2506.07361,hirsch2025holes
2506.07641,zuev2025superconducting
2506.07741,maier2025interlayer
2506.07768,cataldo2025vacancy
2506.07862,norman2025supermodulation
2506.08000,pichler2025microscopic
2506.08087,lesser2025emblems
2506.08095,hodge2025altermagnet
2506.08097,jakubczyk2025composite
2506.08204,hoegen2025visualizing
2506.08247,zhao2025spin
2506.08402,scammell2025exciton
2506.08468,he2025vortices
2506.08501,ishiwata2025observation
2506.08657,patra2025trotter
2506.08763,horio2025enhanced
2506.08873,lu2025ac
2506.08984,zambra2025giant
2506.08985,chandrasekhar2025tuning
2506.09413,patra2025ising
2506.09543,ranna2025disorder
2506.09725,zhang2025schwinger
2506.09864,liu2025electron
2506.09925,dwivedi2025emergent
2506.10262,segedin2025topotactic
2506.10432,anand2025time
2506.10590,fu2025light
2506.10670,monish2025above
2506.10938,guerci2025fractionalization
2506.11195,banerjee2025charge
2506.11256,ruiz2025antichiral
2506.11427,samanta2025plane
2506.11693,allard2025gapless
2506.11731,hur2025topological
2506.12449,kushwaha2025unconventional
2506.12767,hu2025layer
2506.12989,wen2025impact
2506.13372,fukaya2025tunneling
2506.13399,gupta2025role
2506.13556,fanfarillo2025superconductivity
2506.13620,sandik2025freestanding
2506.13625,kortman2025quantifying
2506.13631,wang2025anomalous
2506.13721,yang2025catalogue
2506.13941,pokharel2025evolution
2506.14077,shen2025electronic
2506.14106,itahashi2025misfit
2506.14127,zhang2025resolving
2506.14314,zhang2025noncentrosymmetric
2506.14342,nicholls2025doping
2506.15056,pang2025interplay
2506.15062,dong2025strongly
2506.15319,osada2025strain
2506.15342,lombardi2025supercurrent
2506.15552,chang2025theory
2506.15661,frazier2025anisotropic
2506.15770,wang2025probinga
2506.16039,lin2025exceedingly
2506.16068,song2025superfluid
2506.16165,poon2025superconducting
2506.16276,ren2025full
2506.16282,cheng2025atomic
2506.16298,zhang2025universally
2506.16384,song2025real
2506.16464,zhang2025antiferromagnetism
2506.16508,luscher2025superconductivity
2506.16814,szczesniak2025electron
2506.16869,zahner2025spin
2506.16907,shankar2025josephson
2506.16959,guan2025band
2506.17056,kimbell2025electric
2506.17100,shyta2025axion
2506.17147,smith2025unraveling
2506.17414,jang2025robustness
2506.17456,belli2025refining
2506.17651,li2025field
2506.17714,parafilo2025vertex
2506.17816,foshat2025quasiparticle
2506.17850,edalati2025influence
2506.17976,dickson2025threshold
2506.18005,geng2025pairing
2506.18081,zeng2025superfluid
2506.18130,skvortsov2025thermal
2506.18363,li2025probing
2506.18502,yu2025electromagnetic
2506.18515,beenakker2025bimodal
2506.18886,chen2025finite
2506.18894,mccourt2025electrostatic
2506.18969,gao2025bootstrapping
2506.18973,oh2025high
2506.18996,wang2025non
2506.19042,nakamura2025supercurrent
2506.19211,kita2025hiddena
2506.19252,dong2025high
2506.19326,sadovskii2025upper
2506.19514,silva2025rare
2506.19682,iannetti2025electronic
2506.19706,chazono2025orbital
2506.19903,papaj2025pair
2506.20265,qiao2025two
2506.20408,shpagina2025superconducting
2506.20497,ushio2025theoretical
2506.20557,seidov2025analytical
2506.20727,qiu2025pairing
2506.20842,cai2025deciphering
2506.20861,shama2025superconductivity
2506.21050,zhao2025theory
2506.21392,wang2025visualization
2506.21480,ryee2025superconductivity
2506.21482,pathak2025frustrated
2506.21518,devanarayanan2025new
2506.21673,fradkin2025intertwined
2506.21706,rivasto2025new
2506.21850,cho2025theory
2506.22209,putilov2025vortex
2506.22240,ghirri2025coherent
2506.22297,sumita2025phase
2506.22811,zhang2025terahertz
2506.23109,bhakat2025superconducting
2506.23200,wang2025josephson
2506.23616,nakaaki2025establishment
2506.23653,zeng2025kondo
2506.23737,simchi2025two
2506.23811,sun2025superconductinga
2506.23823,vaulx2025pressurea
2506.23871,ji2025superconducting
2506.23956,okuma2025topological
2506.23980,duwal2025enhancement
2507.00158,raines2025superconductivity
2507.00168,raines2025superconductivitya
2507.00290,pokhilko2025homotopy
2507.00553,neri2025dissipation
2507.00750,fujisawa2025versatile
2507.00865,liu2025microscopic
2507.00869,geng2025light
2507.01108,liu2025weyl
2507.01119,liu2025higher
2507.01240,bauer2025type
2507.01280,matsuyama2025bcs
2507.01392,chen2025two
2507.01606,loo2025single
2507.01718,santana2025common
2507.01774,changdar2025topological
2507.01897,mishra2025electron
2507.02114,bondarev2025quantum
2507.02116,huang2025unlocking
2507.02228,yuchi2025superconductivity
2507.02296,urazhdin2025symmetries
2507.02415,waje2025ginzburg
2507.08009,minkov2025long
2507.02571,wang2025intriguing
2507.02830,yao2025electric
2507.03217,gurra2025can
2507.03266,nagashima2025impact
2507.03277,wang2025pressure
2507.03284,liu2025multi
2507.03383,ding2025anharmonicity
2507.03417,kogler2025vacancy
2507.03546,christensen2025microscopic
2507.03614,zalom2025andreev
2507.03921,sun2025high
2507.04210,li2025unusual
2507.04287,wang2025signature
2507.04378,li2025observation
2507.04387,claire2025generation
2507.04648,karamuftuoglu2025optimized
2507.04693,chaudhary2025tuning
2507.04773,paghi2025ferroelectric
2507.04876,wang2025algebraic
2507.05172,aladyshkin2025magnetic
2507.05336,pandey2025thermal
2507.05479,bobkov2025proximity
2507.05481,szurek2025role
2507.05516,yang2025revealing
2507.05543,yang2025altermagnetism
2507.05746,zdanowicz2025dynamical
2507.05839,bostrom2025chiral
2507.06065,yoshii2025chip
2507.06215,r2025harmonic
2507.06290,matsyshyn2025superconducting
2507.06327,mazumdar2025enhanced
2507.06474,wang2025gap
2507.06586,yamamoto2025time
2507.06614,liu2025enhanced
2507.06725,dhiman2025t
2507.06749,novoa2025real
2507.06885,kral2025discovery
2507.06902,fischer2025excess
2507.07336,du2025origin
2507.07409,sun2025observation
2507.07500,ryu2025pseudogap
2507.07506,park2025electronic
2507.07533,chung2025dark
2507.07534,claire2025induced
2507.07584,zhou2025nodeless
2507.07662,zhang2025comprehensive
2507.07701,thumin2025crossing
2507.07866,khichar2025temperature
2507.07921,wang2025chiral
2507.08123,foyevtsova2025charge
2507.08171,kim2025emergent
2507.08300,nagahama2025control
2507.08398,joki2025strengthened
2507.08428,eckelt2025cryogenic
2507.08740,sink2025microscopic
2507.08750,navez2025screened
2507.08756,zhang2025suppression
2507.08953,charpentier2025universal
2507.09418,sekh2025topological
2507.09478,sun2025perfect
2507.09516,malshukov2025magnon
2507.09519,fu2025quantum
2507.09779,gerguri2025distinct
2507.09849,kolomeisky2025enhancement
2507.09869,wu2025thermodynamic
2507.10079,balatsky2025eight
2507.10187,besproswanny2025temperature
2507.10199,apostoloff2025effect
2507.10271,gogoi2025dissipation
2507.10350,afonin2025quark
2507.10364,qu2025hole
2507.10399,li2025enhanceda
2507.10438,speight2025short
2507.10471,zhang2025resonating
2507.10700,parshukov2025exotic
2507.10763,saraj2025dimensional
2507.10791,bordag2025generation
2507.10832,wang2025failed
2507.10856,barik2025higher
2507.11123,rahman2025semimetallic
2507.11327,cole2025coulomb
2507.11354,wang2025odda
2507.11397,salehi2025transverse
2507.11454,wang2025correlated
2507.11606,tjernshaugen2025designing
2507.11624,rodriguezgomez2025higher
2507.11782,weberszpil2025conformable
2507.11856,paudyal2025suppression
2507.11921,zhang2025spin
2507.12141,moshel2025material
2507.12183,dangic2025superconductivity
2507.12280,antola2025streamline
2507.12319,ahumada2025single
2507.12506,chen2025impact
2507.12842,hou2025enhancement
2507.13202,swift2025superinductor
2507.13228,settino2025topology
2507.13427,stolyarov2025two
2507.13352,godkowski2025effective
2507.13513,jia2025lattice
2507.13536,tarkaeva2025high
2507.13694,cao2025strain
2507.13843,huang2025sizable
2507.14074,baba2025emergent
2507.14092,greichgauer2025ex
2507.14281,gochitashvili2025high
2507.14466,matsumoto2025new
2507.14540,wang2025anisotropy
2507.14671,biswas2025superconducting
2507.14996,chu2025lifshitz
2507.15068,shaginyan2025scaling
2507.15647,guo2025layer
2507.15792,pollard2025enhanced
2507.15919,samuelsen2025andreev
2507.15932,hinterbichler2025partially
2507.16042,yang2025beyond
2507.16173,lee2025quantum
2507.16325,chen2025unconventional
2507.16720,kitajima2025abelian
2507.16758,sharma2025atomic
2507.16892,schultz2025superconductivity
2507.16909,prijon2025superfluid
2507.17039,bell2025josephson
2507.17048,jin2025dopant
2507.17398,adebanjo2025quantum
2507.17532,su2025coincidence
2507.17840,vries2025comparative
2507.18373,yan2025persistent
2507.18582,kim2025variational
2507.18598,kumar2025superconductivity
2507.18693,wu2025microscopic
2507.18707,ebot2025strong
2507.18831,marathamkottil2025x
2507.19147,sardinero2025josephson
2507.19301,wang2025fermi
2507.19401,how2025gauge
2507.19768,xu2025prediction
2507.19784,gao2025theoretical
2507.19903,kagan2025anomalous
2507.20100,tanamoto2025circuit
2507.20138,ihara2025superconductivity
2507.20139,yu2025quasiparticle
2507.20287,shao2025pairing
2507.20540,sun2025geometric
2507.20549,zhang2025finite
2507.20591,alvarado2025characterizing
2507.20595,hikino2025perturbative
2507.20616,belogolovskii2025localized
2507.20640,martinelli2025differentiation
2507.20696,dourado2025measuring
2507.20724,wolanski2025chemical
2507.20795,smit2025superconducting
2507.21013,talavera2025superconducting
2507.21043,li2025topological
2507.21283,hetenyi2025topological
2507.21301,lu2025rebco
2507.21343,kobayashi2025charge
2507.21446,samanta2025field
2507.21700,li2025orbitala
2507.21766,kuklov2025field
2507.21793,huang2025strong
2507.21847,rutten2025direct
2507.21869,forcella2025multi
2507.21897,nunchot2025superconducting
2507.21993,koliofoti2025consistent
2507.22026,nguyen2025hierarchy
2507.22137,wahl2025calcqpi
2507.22139,monkman2025persistent
2507.22238,mishra2025fabrication
2507.22242,biao2025magnetic
2507.22383,mootz2025observation
2507.22441,roinardchauvet2025vortex
2507.22495,tang2025dynamical
2507.22515,li2025vortexa
2507.22734,biskowski20252d
2507.22971,wang2025spina
2507.23022,li2025exceptional
2507.23169,antonenko2025effect
2507.23255,terashima2025plane
2507.23260,jeong2025superconducting
2507.23262,mizuno2025ac
2507.23464,ebert2025sextets
2507.23752,yay2025discovery
2507.23753,meese2025compatible
2507.23754,meese2025theory
2507.23775,kumar2025unveiling
2507.23783,panigrahi2025projected
2508.10912,yao2025superconductivity
2508.00313,nawwar2025large
2508.00342,yamada2025uniform
2508.00435,moreno2025gapless
2508.00460,karabassov2025hybrid
2508.00499,karabassov2025hybrida
2508.00519,hetenyi2025localized
2508.00566,bobkov2025triplet
2508.01232,cheng2025situ
2508.01241,liu2025sliding
2508.01367,yang2025supercurrent
2508.01927,weber2025advanced
2508.02475,andersson2025co
2508.02662,xia2025simulating
2508.03219,antola2025quantum
2508.03364,lu2025engineering
2508.03414,dong2025interstitial
2508.03427,garciadiez2025symmetry
2508.03528,lucchesi2025out
2508.03873,ramos2025microwave
2508.03973,gonzalezmeza2025charge
2508.04007,purkayastha2025transmon
2508.04188,fu2025boldsymbol
2508.04385,gatuingt2025ultrafast
2508.04433,tazai2025nematic
2508.04519,shi2025density
2508.04554,mo2025intertwined
2508.04574,resch2025quantum
2508.04803,king2025peaks
2508.04835,alizadeh2025comprehensive
2508.04867,moreno2025robust
2508.05010,chen2025strongly
2508.05030,balakan2025aharonov
2508.05075,czarnecki2025superconducting
2508.05101,qi2025non
2508.05196,campillo2025electronic
2508.05295,rizvanov2025third
2508.05868,nikolic2025spin
2508.05971,sun2025photodynamic
2508.06007,kudriashov2025reconstructing
2508.06083,wei2025scalable
2508.06180,kate2025finite
2508.06195,veld2025enhancing
2508.06440,suthar2025multiorbital
2508.06758,dao2025topological
2508.07430,karmakar2025correlated
2508.07459,mauron2025particle
2508.07477,okada2025symmetry
2508.07547,yoshimura2025g
2508.07685,nieves2025effect
2508.07813,liu2025fulde
2508.08026,romero2025terahertz
2508.08357,xun2025flux
2508.08372,chaou2025proximity
2508.08786,plastovets2025fluctuation
2508.08885,tam2025doping
2508.08994,bussmannholder2025nanoscale
2508.09063,kempa2025enhanced
2508.09387,levitan2025trigonal
2508.09436,wu2025ultrafast
2508.09551,tani2025twist
2508.09588,stangl2025oxygen
2508.09619,choo2025resonantly
2508.09881,chen2025doping
2508.10080,yan2025structural
2508.09982,zhu20252d
2508.10503,jia2025superconductivity
2508.10816,he2025unified
2508.10832,bhowmik2025field
2508.10885,rimal2025new
2508.10889,sung2025discovery
2508.11018,kobayashi2025study
2508.11322,jia2025fermi
2508.11581,xiang2025stabilizing
2508.11593,choi2025low
2508.11629,orban2025superconducting
2508.11755,chi2025quasiparticle
2508.11768,dahl2025directional
2508.12360,ji2025non
2508.12370,zhang2025charge
2508.12825,sanchez2025fermi
2508.12974,zhang2025thermoelectricity
2508.13271,tavakol2025pairing
2508.13290,kongruengkit2025persistence
2508.13779,akashi2025uniform
2508.13845,waas2025extraction
2508.13994,nashaat2025originality
2508.14034,tepie2025photoinduced
2508.14371,wang2025single
2508.14630,herasymchuk2025correlated
2508.14632,qin2025emergent
2508.14666,yang2025field
2508.15147,doi2025theoretical
2508.15174,deng2025identify
2508.15184,wang2025quantum
2508.15266,lou2025radio
2508.15284,wang2025superconductinga
2508.15604,bauch2025superpotentials
2508.15968,vu2025re
2508.16099,le2025thermomodulated
2508.16290,rubi2025high
2508.16411,date2025charge
2508.16412,ji2025time
2508.16559,gofman2025chiral
2508.16720,hardy2025searching
2508.16940,tu2025phonon
2508.18311,takahashi2025tsunami
2508.17327,lv2025orbital
2508.17367,melin2025revisiting
2508.17419,matano2025spontaneous
2508.17422,cataldo2025ambient
2508.17487,kagan2025mechanisms
2508.17528,zhao2025superconducting
2508.17668,onari2025impact
2508.17707,gokhfeld2025accounting
2508.17861,wu2025unveiling
2508.17929,azam2025optimization
2508.17977,csire2025ab
2508.18099,sun2025anomalousa
2508.18107,lv2025preparation
2508.18138,han2025asymmetric
2508.18371,bozier2025high
2508.18429,pickett2025compressed
2508.18465,bobok2025scalable
2508.18801,kaschewski2025weighted
2508.18843,zugliani2025single
2508.19330,kattel2025thermodynamics
2508.19433,cayao2025non
2508.19536,yamakawa2025superconductivity
2508.19584,sharma2025multiband
2508.19781,sanna2025search
2508.19962,korsch2025cryogenic
2508.20792,malek2025distinct
2508.21115,pakrouski2025unconventional
2508.21119,yang2025displacement
2508.21127,han2025exact
2508.21265,razmkhah2025sce
2508.21281,radevych2025rigid
2508.21298,shimizu2025critical
2508.21326,bakhshipour2025electronic
2508.21357,guo2025edge
2508.21575,rog2025tapping
2508.21673,dsouza2025odd
2508.21696,hovhannisyan2025demonstration
2508.21791,barlas2025quantum
2509.00158,thomasmarkarian2025majorana
2509.00242,cantarino2025disorder
2509.00416,shang2025discovery
2509.00563,semenok2025radio
2509.00902,vianello2025quantum
2509.00940,bleys2025role
2509.00942,yang2025superconducting
2509.00950,honda2025massive
2509.00962,mustafa2025lightweight
2509.01154,hai2025luminescence
2509.01447,kim2025two
2509.12215,rivasto2025quantum
2509.02063,avraham2025reentrant
2509.02178,kuibarov2025three
2509.02243,bhattacharya2025diamagnetic
2509.02468,antezak2025experimental
2509.02673,oh2025doping
2509.02675,kuhlenkamp2025robust
2509.02757,chen2025topologicala
2509.02886,li2025highly
2509.02914,mendez2025textit
2509.03031,shimazu2025observation
2509.03072,liu2025first
2509.03081,li2025machine
2509.03247,rasmussen2025inherent
2509.04521,shan2025self
2509.03295,seo2025family
2509.03502,nie2025superconductivity
2509.03583,xia2025magic
2509.03683,li2025attention
2509.03750,hayashida2025lattice
2509.03774,heinsdorf2025proximitizing
2509.03801,liu2025controllable
2509.03907,roy2025unconventional
2509.03915,lu2025superconducting
2509.03936,tsuji2025two
2509.03949,miao2025tunable
2509.03984,sun2025design
2509.04002,mao2025phase
2509.04003,lu2025electrical
2509.04571,das2025superconducting
2509.04840,lu2025equal
2509.04912,magalotti2025flux
2509.04965,smirnov2025high
2509.05074,kohopaa2025fast
2509.05153,feng2025reply
2509.05200,lacmann2025orbital
2509.05587,zhang2025gate
2509.05598,yi2025orbital
2509.05784,gibelli2025universal
2509.06066,zhao2025strongly
2509.06180,roig2025symmetry
2509.06313,hashimoto2025nonlinear
2509.06406,kobayashi2025euler
2509.06680,hameed2025evolution
2509.06814,saunderson2025oxygen
2509.06889,wang2025unified
2509.06939,moroder2025ultrafast
2509.06947,lange2025effective
2509.07137,haygood2025scanned
2509.07165,mucciolo2025greens
2509.07219,chen2025examining
2509.07292,labarias2025performance
2509.07307,cucciari2025ab
2509.07428,kohno2025electronic
2509.07669,poorgholamkhanjari2025chip
2509.07671,neidig2025full
2509.07865,islam2025cavity
2509.07870,telkamp2025high
2509.07915,sundermann2025ute
2509.07977,hoke2025link
2509.08154,gao2025structural
2509.08262,hu2025unconventionala
2509.08332,yang2025microscopic
2509.08370,li2025terahertz
2509.08386,wang2025recent
2509.08716,meng2025weakly
2509.08823,she2025absence
2509.08974,du2025dichotomy
2509.09109,liu2025three
2509.09184,verhoff2025surfaces
2509.09271,menta2025building
2509.09330,bashmakov2025superconductivity
2509.09399,iskin2025quenched
2509.09431,tokuda2025observation
2509.09663,fan2025bogoliubov
2509.09664,wang2025prediction
2509.09766,kubo2025nonequilibrium
2509.09959,ma2025spin
2509.09976,fu2025impact
2509.10215,mattoni2025direct
2509.10339,fern2025breakdown
2509.10606,mallick2025nanosculpting
2509.10630,yoshida2025observation
2509.10881,ikaida2025carrier
2510.17805,hirsch2025meissner
2509.11304,blinov2025weak
2509.11557,liu2025evidence
2509.12198,debnath2025spin
2509.12320,wang2025putting
2509.12509,smidstrup2025leveraging
2509.12568,shah2025particle
2509.12601,guo2025revealing
2509.12606,cao2025direct
2509.12706,bacsi2025systematic
2509.12731,rastkhadiv2025ginzburg
2509.12988,cho2025nona
2509.13180,krighaar2025emergence
2509.13303,almoalem2025mixed
2509.13407,shavit2025nematic
2509.13543,markiewicz2025model
2509.13555,harbick2025computational
2509.13668,dhar2025non
2509.13820,liu2025optimally
2509.13838,li2025spin
2509.13969,stensberg2025persistent
2509.14105,jiang2025comment
2509.14109,sahoo2025giant
2509.14133,li2025room
2509.14173,li2025characterization
2509.14590,santana2025emergent
2509.14631,mashiko2025thermal
2509.14656,nguyen2025superconducting
2509.15043,janssen2025magnetic
2509.15067,baeva2025accurate
2509.15078,yang2025superconductivity
2509.15288,zhao2025absence
2509.15215,lu2025competing
2509.15327,marian2025higgs
2509.15983,gonzalezruano2025giant
2509.16312,li2025berry
2509.16387,golubov2025physics
2509.16408,padhye2025superconducting
2509.17160,delia2025coherent
2509.17272,saritas2025thz
2509.17414,takemori2025dimensionality
2509.17467,huai2025electronic
2509.17501,li2025same
2509.17517,wang2025magnetic
2509.18441,akuzawa2025magnetic
2509.18524,mishra2025direct
2509.18564,hu2025impact
2509.18781,xu2025signature
2509.18922,halcrow2025ultrasound
2509.19031,venditti2025angular
2509.19137,talkachov2025microscopic
2509.19190,pakuszewski2025orbital
2509.19223,iaia2025non
2509.19255,wang2025signatures
2509.19498,li2025ramp
2509.19675,park2025quantum
2509.19697,tran2025roles
2509.19796,shestakov2025grand
2509.19904,seeyangnok2025ab
2509.19907,seeyangnok2025theoretical
2509.20188,karnaukhov2025solution
2509.20298,kengle2025causes
2509.20435,maymann2025disorder
2509.20480,subero2025revisiting
2509.20650,le2025effect
2509.20727,zhang2025distinct
2509.20742,li2025ambient
2509.20765,watanabe2025uniaxial
2509.20782,kim2025fielda
2509.21120,wong2025room
2509.21540,shi2025critical
2509.21591,zhang2025pathways
2509.21951,pandey2025extending
2509.22278,hruska2025supercondutivity
2509.22473,zheng2025competing
2509.22559,tu2025superconductivity
2509.22593,daum2025investigation
2509.22634,candelora2025limitations
2509.22809,bhatt2025unraveling
2509.22877,semenok2025stability
2509.22892,kim2025bcs
2509.23137,huang2025superconductivitya
2509.25251,mishonov2025metal
2509.23300,srinidhi2025entanglement
2509.23404,zhu2025magnetica
2509.23507,muller2025development
2509.23591,kobayashi2025fabrication
2509.23856,salvador2025gap
2509.23904,ahn2025superconductivity
2509.24415,huang2025stronga
2509.24581,zhang2025spontaneous
2509.24670,zhou2025strong
2509.24686,pan2025robust
2509.24764,wang2025quantuma
2509.24862,frechilla2025anisotropy
2509.25060,fiore2025two
2509.25186,prakash2025guided
2509.25318,stangier2025strong
2509.25344,wang2025origin
2509.25423,hryhorenko2025electropolishing
2510.01273,song2025room
2509.25772,pandey2025effect
2509.25797,sharma2025growth
2509.25823,yoda2025superconducting
2509.26024,berlitz2025gradiometric
2509.26095,gambino2025diffusion
2509.26228,trahms2025shapiro
2509.26447,haink2025non
2509.26472,chen2025half
2509.26638,hsieh2025intrinsic
2510.00134,mitra2025interplay
2510.00305,roussetzenou2025gate
2510.00341,rani2025magneto
2510.00575,dong2025field
2510.00595,zeng2025large
2510.00653,milloch2025energy
2510.00711,telkamp2025inassb
2510.01066,stoll2025nonperturbative
2510.01305,xing2025reply
2510.01518,rumi2025second
2510.01682,maryenko2025re
2510.01819,takenaka2025three
2510.02429,mandyam2025uncovering
2510.02474,verghis2025vestigial
2510.02552,cruzgarcia2025finite
2510.02772,singh2025bimagnon
2510.02923,trupiano2025highly
2510.03188,meena2025nonsymmorphic
2510.03736,kim2025anomalous
2510.04148,liu2025right
2510.04224,chen2025variation
2510.04279,takemura2025classification
2510.04431,osada2025systematic
2510.04700,kudo2025repulsive
2510.04830,leask2025anyon
2510.05018,huang2025controlling
2510.05209,huecker2025vestigial
2510.05224,kolar2025superfluid
2510.05227,hille2025temfpy
2510.05401,gao2025quantum
2510.05473,yanezparreno2025cryogenic
2510.05730,lahiri2025signatures
2510.05772,wang2025giant
2510.05910,avitabile2025superconducting
2510.06109,mazanik2025phase
2510.06168,cheng2025frieze
2510.06313,stangier2025superconductivity
2510.06435,corbae2025hunds
2510.06451,wang2025kekul
2510.06682,diamantini2025berezinskii
2510.06693,pashov2025quasiparticle
2510.06894,maniv2025field
2510.07042,schmeling2025experimental
2510.07139,andresjuanes2025entangling
2510.07373,lesser2025electron
2510.07384,palkanoglou2025novel
2510.07398,tseng2025measuring
2510.07410,magierski2025superfluidity
2510.07506,froldi2025efficiency
2510.07690,singh2025lithographic
2510.07947,sato2025higher
2510.08030,danner2025amplification
2510.08110,colangelo2025unveiling
2510.08171,sardinero2025odd
2510.08194,chen2025electronic
2510.08289,panov2025modified
2510.09044,scheidegger2025imaging
2510.09170,liu2025altermagnetism
2510.09234,shi2025quantum
2510.09363,lisandrini2025superconductivity
2510.09412,e2025homogeneous
2510.09777,blom2025emergent
2510.09798,mccourt2025thermoelectric
2510.09921,nagahama2025two
2510.10064,li2025broad
2510.10264,sadakov2025vortex
2510.10543,wu2025supercurrent
2510.10684,m2025integrable
2510.10720,rastkhadiv2025revisiting
2510.10873,yang2025magnetic
2510.10906,shimizu2025possible
2510.10958,yan2025phase
2510.10983,jiang2025loss
2510.11333,kamashev2025superconducting
2510.11355,kokkeler2025nonequilibrium
2510.11432,banerjee2025intermediate
2510.11920,dhungel2025low
2510.12250,huang2025superconductivityb
2510.12349,karnaukhov2025pairing
2510.12359,qiu2025interlayer
2510.12452,yuan2025possible
2510.12730,song2025switchable
2510.12737,filice2025time
2510.12786,iorioduval2025quantum
2510.12888,li2025exotic
2510.13045,banerjee2025entanglement
2510.13098,aoki2025flat
2510.13342,zhong2025evolution
2510.13641,waschitz2025momentum
2510.14191,ucpinar2025experimental
2510.14259,hakuno2025superconductivity
2510.14288,ma2025multi
2510.14322,gokhfeld2025effect
2510.14452,minamide2025quasiclassical
2510.14724,fukaya2025crossed
2510.15078,yang2025superconductivitya
2510.21768,prezeau2025first
2510.15182,yang2025superconductinga
2510.15310,labarias2025investigating
2510.15322,shimizu2025magnetic
2510.15526,kalashnikov2025diode
2510.15537,magalotti2025growth
2510.15538,magalotti2025microwave
2510.15788,mei2025interband
2510.24753,malnou2025artificial
2510.16165,campbell2025atombench
2510.16523,pal2025marginal
2510.16616,wang2025finite
2510.16628,hosseiny2025quantum
2510.16843,maccari2025tuning
2510.16884,tanaka2025temperature
2510.17081,gu2025zero
2510.17183,qiao2025kinetically
2510.17452,chen2025enhanced
2510.17674,wang2025anomalousa
2510.17683,battisti2025giant
2510.18102,bobkov2025inverse
2510.18145,vosoughinia2025altermon
2510.18696,colangelo2025tuning
2510.18963,zhuang2025helical
2510.19083,lu2025inter
2510.19313,fan2025time
2510.19603,tribelsky2025eckhaus
2510.19736,ku2025point
2510.19790,mcguinness2025soft
2510.19943,sedov2025quantum
2510.19983,bttcher2025transmon
2510.20090,tonacatlmonez2025correlation
2510.20865,chandra2025philip
2510.20114,potluri2025fabrication
2510.20127,christopher2025electronically
2510.20230,wang2025soft
2510.20312,kuboki2025phase
2510.20576,lomakin2025low
2510.21877,chen2025imaging
2510.20804,mikheeva2025anomalous
2510.20816,murshed2025charge
2510.20892,kokkeler2025fluxoid
2510.21338,ma2025high
2510.21343,ye2025strain
2510.21384,zegrodnik2025optimal
2510.21568,pinsook2025arpes
2510.21913,wang2025intertwined
2510.22240,kurihara2025effects
2510.22315,ikeda2025electromagnetic
2510.22424,cheng2025reinforcement
2510.22645,yeh2025light
2510.23061,wu2025effects
2510.23092,satrya2025heat
2510.23134,alcaldeherraiz2025thz
2510.23159,buthenhoff2025low
2510.23710,heath2025tailoring
2510.23743,pascucci2025beyond
2510.23800,sherpa2025observation
2510.24264,gordeeva2025ultrastrong
2510.24270,biborski2025signatures
2510.24289,nogaki2025quantum
2510.24404,mukherjee2025skyrmion
2510.24405,ma2025charge
2510.24627,pereira2025enhanced
2510.24686,padma2025light
2510.24851,brighi2025pairing
2510.25022,zhang2025finitea
2510.25082,wang2025universal
2510.25124,chistolini2025contactless
2510.25203,balaji2025low
2510.25655,venditti2025spin
2510.25756,frazier2025spatially
2510.25767,ramshaw2025emergence
2510.25864,shaffer2025theories
2510.25902,mishra2025nonadiabatic
2510.25959,meyniel2025equivalence
2510.25971,tran2025superconductor
2510.25996,aiudi2025overcoming
2510.26070,mine2025direct
2510.26128,ziegler2025topological
2510.26528,pavliuk2025superconductivity
2510.26605,hao2025diamond
2510.26720,zou2025emergence
2510.26894,alam2025proximity
2510.27613,tarn2025reducing
2511.00146,landry2025chimeric
2511.00426,park2025cu
2511.00605,manna2025quasi
2511.00608,riolo2025polariton
2511.00625,sarma2025conventional
2511.00656,singh2025diode
2511.00803,guin2025time
2511.00813,mangold2025magneto
2511.00817,zhang2025exchange
2511.00837,mukasa2025instability
2511.00857,rubinosanz2025optimizing
2511.00909,he2025field
2511.00920,kvitnitskaya2025point
2511.01148,machida2025novel
2511.01339,duan2025experimental
2511.01418,li2025fast
2511.01560,yu2025transverse
2511.01801,chen2025superconductivity
2511.02032,lysne2025collective
2511.02125,granet2025superconducting
2511.02226,roig2025origin
2511.02295,oguchi2025electronic
2511.02448,rosa2025spin
2511.02466,masaki2025theoretical
2511.02508,beck2025structural
2511.02913,mcfadden2025niobiums
2511.02967,sonin2025theorya
2511.02968,islam2025analog
2511.03380,hur2025free
2511.03384,markos2025dynamics
2511.03436,vilardi2025sc
2511.03764,ouyang2025electron
2511.03782,guo2025expert
2511.03790,awelewa2025dynamics
2511.03811,steiner2025dynamics
2511.03853,park2025vortex
2511.03865,gashmard2025ai
2511.05601,xie2025josephson
2511.04208,matsudaira2025superconducting
2511.04222,li2025high
2511.04719,kahn2025phase
2511.04480,ma2025upper
2511.04618,yu2025ktao3
2511.04629,mandal2025pair
2511.04739,zhong2025superexchanges
2511.05002,jiao2025many
2511.05190,jasiewicz2025interplay
2511.05365,lisenfeld2025mapping
2511.05390,hu2025anomalous
2511.05763,fang2025controllable
2511.05943,shankar2025exploiting
2511.05999,wang2025prevailing
2511.06350,zhang2025robustness
2511.06506,azadi2025resonating
2511.06631,fang2025quantum
2511.06660,wang2025ktao3
2511.06938,kittaka2025high
2511.06995,murata2025microscopic
2511.07319,schmitt2025phases
2511.07566,roth2025superconductivity
2511.08249,confalone2025cuprate
2511.08466,zaman2025kinetic
2511.08492,tang2025polarization
2511.08511,xu2025interband
2511.08584,diessel2025steady
2511.08953,attard2025introduction
2511.08973,huang2025higher
2511.09009,seeyangnok2025stability
2511.09224,ferreira2025first
2511.09402,huang2025parent
2511.09460,hong2025impact
2511.09498,baranek2025photothermal
2511.09650,assili2025green
2511.10364,dhillon2025microwave
2511.10443,wang2025true
2511.10605,hartke2025competition
2511.10784,dalladaysimpson2025raman
2511.10954,kang2025kapitza
2511.11123,muratov2025optical
2511.11200,lantsman2025topological
2511.11263,talkachov2025multiple
2511.11277,kuiri2025impact
2511.11284,chen2025interpretable
2511.11547,salasnich2025coherent
2511.12287,santis2025enhanced
2511.12719,houzet2025bloch
2511.12731,sante2025kagome
2511.12904,kim2025enhanced
2511.13268,yang2025tractable
2511.13405,zhang2025pressure
2511.13486,yang2025spin
2511.13493,takemura2025tuning
2511.13917,ithepalli2025effect
2511.14211,guo2025mass
2511.14313,tjtta2025full
2511.14621,chu2025measuring
2511.14960,acharya2025origin
2511.15020,monaghan2025synthetic
2511.15116,wang2025microscopic
2511.15265,zhang2025identifyinga
2511.15486,tang2025evolution
2511.15510,zhang2025tuning
2511.15526,cheng2025interplay
2511.15538,zhang2025atomic
2511.15560,wang2025recenta
2511.15576,ahmad2025experimental
2511.15708,lucht2025moir
2511.15938,taillat2025low
2511.15944,sharma2025conventional
2511.16241,confalone2025preserving
2511.16337,raisanen2025improvement
2511.16385,paramasivam2025berezinskii
2511.16481,kolisnyk2025effect
2511.16578,kumar2025pervasive
2511.16610,sardo2025quantifying
2511.16727,wilde2025magnetically
2511.17033,song2025unconventionala
2511.17250,mutsenik2025basic
2511.17386,li2025building
2511.17423,guo2025flat
2511.17459,sarkar2025evolution
2511.17466,dong2025path
2511.17868,xu2025appraising
2511.18059,song2025many
2511.18736,venero2025microscopic
2511.18753,sun2025strain
2511.18938,ladbrook2025giant
2511.18951,tuero2025superconducting
2511.18990,bobkov2025anomalous
2511.19030,wang2025temperature
2511.19050,wei2025boost
2511.19054,sun2025depairing
2511.19058,luo2025increase
2511.19064,miao2025expansion
2511.19197,schmid2025yba
2511.19215,prykhodko2025compact
2511.19896,nishimura2025visualization
2511.20013,chen2025percolative
2511.20266,bhatia2025ta
2511.20424,krasnov2025planar
2511.20461,matas2025chiral
2511.20599,ramachandran2025precision
2511.20765,duthaluru2025real
2511.20768,armanno2025light
2511.20788,carlstrom2025hund
2511.20868,hampel2025tungsten
2511.21195,wang2025gianta
2511.21315,lu2025stabilization
2512.07862,turchanov2025magnetic
2511.21657,rodriguez2025edge
2511.22002,xu2025pervasive
2511.22026,han2025chemical
2511.22028,liu2025evidencea
2511.22365,gao2025ultrafast
2511.22397,abaloszewa2025thermally
2511.22571,kazouini2025tunable
2511.22592,eugenio2025machine
2511.22796,banerjee2025correlations
2511.22930,ann2025evidence
2511.22995,yang2025coexistence
2511.23090,kalenyuk2025nonequilibrium
2511.23359,caldevillaasenjo2025coherent
2511.23431,karuzin2025plasmon
2512.00177,schulz2025purely
2512.00301,jiang2025dual
2512.00409,polevoy2025multiterminal
2512.00411,bobkov2025theory
2512.00664,cayao2025nonlocal
2512.00790,shulga2025observation
2512.01124,sordi2025dynamics
2512.01146,stangl2025fast
2512.01200,oh2025third
2512.01266,pal2025topological
2512.01379,beach2025observation
2512.01395,tallon2025questioning
2512.01402,li2025unusuala
2512.01586,zhu2025manipulating
2512.01703,hou2025distinct
2512.01826,tolpygo2025fabrication
2512.01910,harms2025collapse
2512.01955,liu2025admittance
2512.02191,laskowski2025josephson
2512.02411,kao2025simulation
2512.02488,koshiishi2025translational
2512.02575,fracassi2025intrinsic
2512.02637,chu2025higgs
2512.02752,guo2025phase
2512.02775,wang2025intrinsic
2512.02828,oliveira2025anomalous
2512.02894,nayak2025exploring
2512.03362,davoudi2025hybridized
2512.03368,kim2025short
2512.03658,shi2025double
2512.03721,zhao2025revisiting
2512.03742,liu2025magnetotransport
2512.03797,miceli2025proximity
2512.03806,liu2025highly
2512.03842,wu2025super
2512.03908,garciacampos2025visualization
2512.04024,ulitko2025predicting
2512.04251,li2025ferroelectric
2512.04708,zhou2025superconductivity
2512.04712,mishra2025demonstration
2512.04754,xie2025evolution
2512.04819,heras2025interplay
2512.05177,azam2025fluorine
2512.05427,jiang2025zero
2512.05497,meng2025guest
2512.05871,annenkov2025interplay
2512.05901,mosadeq2025interplay
2512.05956,fan2025minimal
2512.06073,chan2025chern
2512.06100,wang2025negative
2512.06152,chen2025landau
2512.06265,guo2025angle
2512.06477,singh2025robust
2512.06593,su2025coincidencea
2512.06637,liu2025freestanding
2512.06895,walter2025single
2512.06943,polkin2025optical
2512.06994,pavolotsky2025fabrication
2512.07272,hu2025novel
2512.07274,e2025pauli
2512.07591,gao2025critical
2512.07636,zheng2025layer
2512.07648,bouzerar2025robustness
2512.07701,ghosh2025index
2512.07962,castellanosbeltran2025coherence
2512.08059,balgley2025coherent
2512.08070,santana2025unified
2512.08072,shnyrkov2025control
2512.08126,escamilla2025self
2512.08251,asai2025finite
2512.08514,winiarski2025yru
2512.08527,groshev2025effect
2512.08586,zhou2025microwave
2512.08784,chen2025dominant
2512.09024,currie2025anisotropic
2512.09025,zhang2025bilayer
2512.09093,ianovskaia2025gate
2512.09314,gaggl2025bulk
2512.09533,solovjov2025influence
2512.09547,liu2025checkerboard
2512.09550,petrenko2025study
2512.09600,neidig2025advanced
2512.09676,shahab2025topological
2512.09789,solovjov2025evolution
2512.09901,mojarro2025superconductivity
2512.09994,mland2025mechanism
2512.09992,chiu2025low
2512.10010,wang2025switchable
2512.10157,jiang2025two
2512.10219,degtev2025evaluating
2512.10301,cao2025geometric
2512.10475,zhong2025yamaji
2512.10527,leonov2025effect
2512.10577,equbal2025binding
2512.10847,itani2025large
2512.10944,murshed2025pair
2512.11073,iskin2025self
2512.11177,salinas2025interplay
2512.11248,gheorghiu2025fibonacci
2512.16936,shukla2025self
2512.11341,huang2025magnetic
2512.11343,manasa2025enhancement
2512.11439,zhao2025signatures
2512.11451,althuser2025enhanced
2512.11494,campi2025high
2512.11636,khvalyuk2025dissipation
2512.16938,hirsch2025recent
2512.11780,kniazev2025statistics
2512.11965,kattel2025multichannel
2512.11991,zheng2025van
2512.12071,kita2025proof
2512.12328,thieme2025magnetic
2512.12631,hennion2025chessboard
2512.12734,wang2025discriminating
2512.12920,cruzgarcia2025hyperuniform
2512.13065,pini2025non
2512.13242,haaf2025probing
2512.13252,tai2025time
2512.13367,porokhov2025control
2512.13388,tang2025probing
2512.13588,singar2025vortex
2512.13601,park2025nonreciprocal
2512.13793,yang2025magnetism
2512.13808,bunney2025chiral
2512.13877,hayes2025field
2512.14107,matsuki2025muon
2512.14379,kakoi2025spin
2512.14493,lucchesi2025graphene
2512.14544,zhang2025mirror
2512.16945,mustaf2025machine
2512.14909,gibbons2025high
2512.15023,oh2025pair
2512.15093,tada2025spin
2512.15300,ogata2025conventional
2512.15304,deenen2025superconducting
2512.15580,morin2025multiple
2512.15667,huyan2025pressure
2512.15845,bisset2025determining
2512.15942,pintus2025quantum
2512.16211,toole2025visualizing
2512.16249,ledda2025beyond
2512.16260,hou2025field
2512.16268,lu2025entropy
2512.16274,malik2025properties
2512.16423,duffy2025charge
2512.16647,lu2025observation
2512.16796,wissmann2025magneto
2512.16828,li2025nonunitary
2512.16884,ivarsen2025polar
2512.17050,turutanov2025chronicle
2512.17099,dubbelman2025driving
2512.17282,srivastava2025probing
2512.17380,bera2025chiral
2512.17383,kabeya2025thermodynamic
2512.17583,sundaramurthy2025comparative
2512.17596,sousa2025charge
2512.17625,li2025theoretical
2512.17691,marquardt2025bulk
2512.17729,tang2025fractionalized
2512.17765,marchegiani2025proximity
2512.17867,ainouche2025interplay
2512.17996,shi2025non
2512.18005,grutter2025net
2512.18037,dhieb2025stability
2512.18051,margineda2025degenerate
2512.18171,castelli2025superconducting
2512.18375,xiao2025lattice
2512.18449,bahari2025beyond
2512.18636,fukaya2025p
2512.18821,kushwaha2025high
2512.18944,pang2025direct
2512.18962,tapia2025superconductivity
2512.19033,liu2025interfacial
2512.19052,chen2025gate
2512.19382,cai2025superconductivity
2512.19520,zhang2025compressive
2512.19634,elmeligy2025influence
2512.19808,walach2025quantum
2512.19901,causse2025metastability
2512.19956,turutanov2025nobel
2512.19971,matsushita2025intrinsic
2512.19979,li2025quantized
2512.20009,elezaby2025superconductivity
2512.20049,fu2025altermagnetism
2512.20130,sallem2025interdependent
2512.20207,chen2025symmetric
2512.20228,tokuyama2025composition
2512.20238,ruggiero2025high
2512.20242,pandey2025effecta
2512.20284,liu2025universal
2512.20364,yuan2025distinct
2512.20367,kudabay2025electrical
2512.20476,ponticelli2025quantum
2512.20529,christiansson2025substrate
2512.20530,barisic2025cuprates
2512.20558,ohnmacht2025role
2512.20565,zarea2025microwave
2512.20862,zajicek2025drastic
2512.20928,huang2025evidence
2512.21325,gao2025topological
2512.21384,hosur2025thermodynamic
2512.21868,yamase2025beyond
2512.21869,yamase2025theoretical
2512.22017,nikolic2025necessary
2512.22073,yamamoto2025ferroelectricity
2512.22340,zhang2025twisted
2512.22371,khasanov2025magnetism
2512.22430,li2025effect
2512.22658,chen2025orbital
2512.22723,wang2025determination
2512.22783,zhang2025nonthermal
2512.22791,tolpygo2025demonstration
2512.23119,paradkar2025efficient
2512.23336,pitavidal2025novel
2512.23516,mironov2025photogalvanic
2512.23536,tokatly2025spin
2512.23630,bheemavarapu2025strain
2512.23790,chou2025superconductivity
2512.23801,dong2025many
2512.23954,goryo2025reentrant
2512.23962,sachdev2025lectures
2512.24241,liao2025semiclassical
2512.24306,xie2025magnetic
2512.24430,dickson2025insights
2601.06083,huang2025theoretical
2512.24501,belkovich2025superconducting
2512.24585,li2025origins
2512.24671,kreidel2025observing
2512.24745,capecelatro2025supercurrent
2512.24831,han2025time
2512.24849,poletaev2025sscha
2512.25069,ning2025classification
2601.00108,antonenko2025unified
2601.00540,kim2026superconductivity
2601.00931,team2026ai
2601.00723,lv2026nematic
2601.01100,yan2026strain
2601.01300,rifat2026exploring
2601.01328,liu2026tripling
2601.01398,wang2026isotropic
2601.01428,lan2026common
2601.01637,bratkovsky2026fast
2601.01643,biao2026orbital
2601.01700,terashima2026fermi
2601.01702,wu2026electronic
2601.01815,manna2026evidence
2601.01843,zou2026multiple
2601.02187,yerin2026superconducting
2601.02192,aishwarya2026visualizing
2601.02280,ambika2026enhancement
2601.02647,moya2026electronic
2601.02707,onishi2026energy
2601.02820,zeng2026possible
2601.02959,seeyangnok2026charge
2601.02966,seeyangnok2026enhanced
2601.03348,schrade2026altermagnetic
2601.03352,biswas2026interlayer
2601.03366,sachin2026altermagnetic
2601.03922,kawabata2026integration
2601.03929,bazarnik2026plane
2601.03989,memarzadeh2026anisotropic
2601.04308,lundemo2026fluctuation
2601.04363,razmkhah2026inductorless
2601.04460,akhond2026discovery
2601.04558,maeda2026studies
2601.04594,wu2026direct
2601.04655,noat2026condensation
2601.04712,shi2026multigap
2601.04772,meyer2026single
2601.04830,scoquart2026noise
2601.05123,wang2026first
2601.05147,griedel2026low
2601.05326,lee2026oxygen
2601.05662,mcardle2026topological
2601.06326,calegari2026coexistence
2601.06504,muller2026superconductivity
2601.06632,inglaaynes2026magnetic
2601.06668,ganesan2026comparison
2601.06682,dunstan2026aharonov
2601.06735,liu2026altermagnetism
2601.06865,ahmad2026quantum
2601.07018,bernardo2026van
2601.07380,wang2026decoupled
2601.07460,kataria2026observation
2601.07493,mishra2026magnetic
2601.07710,pons2026perovskite
2601.07729,nashabeh2026prediction
2601.08191,xu2026vacuum
2601.08201,totsuka2026nodal
2601.08290,pal2026preparation
2601.08586,zhou2026sublattice
2601.08637,jois2026coupling
2601.08997,guan2026electronic
2601.09138,kamat2026vanishing
2601.09221,yamane2026magneto
2601.09257,xiao2026evolution
2601.09396,leask2026interactions
2601.09513,biancardi2026nanoscale
2601.09591,satariano2026submicrometer
2601.09629,roy2026characterization
2601.09782,islam2026spatially
2601.09783,froldi2026superconducting
2601.09889,liao2026multiple
2601.09924,shi2026composite
2601.09945,xu2026ultra
2601.09969,mustafa2026interfacing
2601.10016,akashi2026electronic
2601.10151,matsushita2026microwave
2601.10195,chenglin2026growth
2601.10480,bhatia2026effects
2601.10516,fauque2026incipient
2601.10578,pickett2026superfluid
2601.10692,potts2026finite
2601.10838,ho2026widefield
2601.10903,norman2026superconductivity
2601.10939,butler2026coexisting
2601.11055,klebl2026surface
2601.11175,xie2026majorana
2601.11267,tan2026oriented
2601.11519,allende2026vacuum
2601.11714,riccardi2026experimental
2601.12022,dalal2026robustness
2601.12160,shen2026observation
2601.12170,braz2026onset
2601.12264,tantardini2026quaternionic
2601.12387,zhu2026microscopic
2601.12676,li2026correlation
2601.12726,mu2026unusual
2601.12891,huisman2026using
2601.12905,hu2026finite
2601.12969,elden2026correlation
2601.13063,zhong2026coexistence
2601.13074,mo2026synthesizing
2601.13084,pei2026weakly
2601.13090,zhang2026spin
2601.13108,guo2026superconductivity
2601.13285,hussain2026resistivity
2601.13292,shang2026symmetry
2601.13298,thomsen2026reliable
2601.13825,guo2026comparative
2601.14072,wang2026superconductor
2601.14184,mcgee2026sparse
2601.14364,lesser2026theory
2601.14384,park2026vortex
2601.14463,yoo2026lumped
2601.14500,kim2026modulated
2601.14537,tei2026theory
2601.14573,chernodub2026acoustic
2601.14902,shi2026enhanced
2601.14946,zhou2026spin
2601.14981,sun2026crystal
2601.15121,ciszak2026cooperative
2601.15414,graham2026divergent
2601.15554,hanaguri2026modulation
2601.15858,sharma2026structural
2601.15873,liu2026intertwined
2601.15875,deng2026topological
2601.15971,parzuchowski2026reaching
2601.16017,vadnais2026role
2601.16313,glotzer2026thermally
2601.16369,degnan2026reducing
2601.16475,li2026superconductivity
2601.17099,gauthier2026detecting
2601.16831,tian2026pressure
2601.16843,fernandezlomana2026superconducting
2601.16908,mendonca2026doping
2601.17276,ma2026nonvolatile
2601.17353,wang2026catalog
2601.17663,dou2026intertwined
2601.17925,langhorne2026wave
2601.18247,marques2026direct
2601.18472,petocchi2026plasmon
2601.18476,shi2026superconductivity
2601.18531,li2026exotic
2601.18632,sengupta2026conductance
2601.18712,chattopadhyay2026giant
2601.18868,karlsson2026cooper
2601.19235,parachikunnumal2026ac
2601.19458,basak2026coupled
2601.19473,varbaro2026paramagnetically
2601.19497,liao2026bosonic
2601.19581,blumenthal2026flux
2601.19829,khodas2026nonrelativistic
2601.19975,halasz2026detecting
2601.20288,sano2026low
2601.20410,huttner2026giant
2601.20486,stolyarov2026microscopic
2601.20521,moreno2026scanning
2601.20798,maksymovych2026fingerprinting
2601.20836,jmukhadze2026stripe
2601.20850,llanos2026field
2601.20937,holbk2026protection
2601.20938,chen2026non
2601.21044,geisler2026discovery
2601.21047,kukreja2026classification
2601.21354,fujii2026nmr
2601.21599,yuan2026microstructure
2601.21735,perego2026pearl
2601.21994,kayatz2026superconducting
2601.22051,nandi2026magnetic
2601.22226,latini2026andreev
2601.22608,yang2026electronic
2601.23024,zhu2026infinite
2601.23050,xie2026theory
2601.23100,houzet2026andreev
2602.00833,cherubini2026displacive
2602.01280,tan2026novel
2602.02097,herman2026two
2602.02127,jiang2026direct
2602.02174,shu2026contrasting
2602.02255,wang2026long
2602.02348,vries2026reexamining
2602.02490,wang2026visualizing
2602.02672,guttel2026gradually
2602.02984,gurevich2026tuning
2602.03471,wei2026design
2602.03553,kobiaka2026topology
2602.03576,zhu2026unconventional
2602.03658,li2026orbital
2602.03788,parajuli2026structures
2602.03848,seo2026unified
2602.03925,gao2026primary
2602.04452,beliayev2026emergent
2602.04945,oh2026incommensurate
2602.04973,tarantini2026best
2602.05170,kim2026vertical
2602.05365,gim2026spectroscopic
2602.05473,nursagatov2026ferron
2602.05505,shi2026higher
2602.05607,yamazaki2026raman
2602.05624,miao2026electronic
2602.05771,bartenev2026fit
2602.06202,baity2026characterizing
2602.06231,zhu2026magnon
2602.06312,yang2026superconductivity
2602.06389,kim2026superconductivitya
2602.06573,wu2026spin
2602.06712,tian2026physical
2602.06781,sobrino2026current
2602.07146,edwards2026magnetic
2602.07383,kudo2026topological
2602.07427,min2026first
2602.07481,singh2026complete
2602.07585,ummarino2026turning
2602.07611,mondal2026topological
2602.07617,datta2026effect
2602.07766,sushkov2026la
2602.07917,zeuner2026mutual
2602.07994,xu2026coexistence
2602.07998,he2026anisotropic
2602.08038,galeski2026investigation
2602.08358,matsumura2026intimate
2602.08766,esin2026josephson
2602.08771,yadav2026topological
2602.08827,theiler2026josephson
2602.08890,greco2026multiplexed
2602.08982,wlazowski2026w
2602.09107,peeters2026negative
2602.09156,fajardo2026majorana
2602.09391,yerzhakov2026induction
2602.09471,ray2026field
2602.09567,kim2026optical
2602.09640,simon2026understanding
2602.09654,zhang2026pressure
2602.09895,russomanno2026logarithmically
2602.09975,dorrian2026relativistic
2602.10010,datta2026magneto
2602.10313,krolak2026possible
2602.10362,wang2026properties
2602.10627,remund2026universality
2602.10839,lorenz2026spatial
2602.11011,huang2026quantum
2602.11014,beliayev2026vertically
2602.11140,mustafa2026reed
2602.11153,ebot2026mapping
2602.11252,nikolaenko2026sondheimer
2602.11390,pratt2026metastable
2602.11396,manoj2026non
2602.11552,seeyangnok2026enhanceda
2602.11582,dharmasiri2026charge
2602.11608,buthenhoff2026quantum
2602.11762,hamada2026qcd
2602.12223,sekh2026kagome
2602.12514,pickett2026time
2602.12608,hiroi2026introduction
2602.12947,gresta2026limits
2602.13060,schafermeier2026quantitative
2602.13456,harrabi2026shunt
2602.13584,zhao2026metal
2602.14113,tajima2026quarkyonic
2602.14210,engstrom2026upper
2602.14261,deng2026topology
2602.14330,harrabi2026pattern
2602.14398,xu2026reversible
2602.14485,li2026altermagnetic
2602.14507,sano2026reentrant
2602.14796,rolih2026strongly
2602.14807,semenok2026radio
2602.15911,buchheit2026numerical
2602.15003,bolle2026signatures
2602.15106,guerci2026topological
2602.15178,park2026deciphering
2602.15213,lahiri2026diode
2602.15474,prietogarcia2026quantum
2602.15998,kral2026uniaxial
2602.16228,dutta2026coexistence
2602.16242,yang2026superconducting
2602.16648,nag2026current
2602.16677,sharma2026p
2602.16783,wang20263d
2602.16871,deng2026bafe2se3
2602.17000,kubo2026power
2602.17238,geng2026high
2602.17249,wan2026near
2602.17311,bounoua2026orbital
2602.17376,zeng2026semiclassical
2602.17399,philipsen2026fractional
2602.17611,ma2026evidence
2602.17996,yang2026extended
2602.18112,fedele2026electron
2602.18345,kapur2026mitigation
2602.19093,pan2026superconducting
2602.19282,korolev2026nearly
2602.19371,kubo2026enhanced
2602.19376,senga2026insight
2602.19399,kaczmarek2026imaging
2602.19678,velasco2026bridging
2602.19724,grant2026anisotropic
2602.19791,hlozny2026machine
2602.19920,kusari2026periodic
2602.20148,mccourt2026vortex
2602.20265,cheng2026qubit
2602.20288,wu2026superconductivity
2602.20339,junior2026impact
2602.20756,blagojevic2026fluctuation
2602.20838,acharjee2026unconventional
2602.21199,konig2026topological
2602.21206,cui2026minimal
2602.21364,fabris2026granular
2602.22316,trama2026inhomogeneous
2602.22448,slebarski2026enhancement
2602.22626,chae2026memory
2602.22637,wang2026moire
2602.22736,cadez2026emergence
2602.22772,zang2026interaction
2602.22788,yin2026magnetoresistance
2602.22793,srivastava2026hourglass
2602.22837,matsushima2026surface
2602.22970,rasvinke2026demonstrating
2602.22999,zhang2026pressurea
2602.23240,korolev2026threefold
2602.23552,gulian2026diode
2602.23675,sinha2026high
2602.23680,cheng2026intrinsic
2602.23691,lu2026inverse
2602.23726,yarzhemsky2026unveiling
2602.23842,li2026reply
2602.23888,budoyo2026characterization
2602.24028,li2026superconductivitya
2602.24075,greco2026highly
2602.24198,yerin2026kapitza
2603.00435,kawamura2026emergence
2603.00534,pei2026pressure
2603.00591,hua2026liquid
2603.00648,chen2026bands
2603.00670,ji2026emergent
2603.00944,zeng2026light
2603.00954,poojary2026tuning
2603.01011,ren2026non
2603.01062,zhu2026estimating
2603.01120,zhong2026doping
2603.01207,santra2026superconducting
2603.01226,ozores2026scanning
2603.01672,simoni2026extremely
2603.01676,vovk20264
2603.02388,novotny2026kosterlitz
2603.02450,wu2026electrically
2603.02685,hua2026possible
2603.03092,domaine2026suppression
2603.03124,man2026fingerprint
2603.03166,zeng2026enhancing
2603.03221,pal2026emergent
2603.03492,bianco2026enhanced
2603.03500,czajka2026limited
2603.03980,kumbhakar2026dynamics
2603.04503,zou2026superconducting
2603.04717,he2026spectroscopic
2603.04954,mondal2026spin
2603.04978,wakamura2026systematic
2603.05123,kawamura2026first
2603.05176,dipane2026thin
2603.05383,bhatia2026temperature
2603.05606,wang2026evolution
2603.05759,sajan2026moir
2603.06126,vocaturo2026fermi
2603.06188,mazanik2026superconductivity
2603.06284,seeyangnok2026competition
2603.06371,vigliotti2026plasmon
2603.06412,wat2026exotic
2603.06529,yeteraydeniz2026studying
2603.06550,baldo2026unifying
2603.06802,moirangthem2026quasiparticle
2603.06906,smith2026capturing
2603.07035,liao2026higgs
2603.07256,varrica2026hybrid
2603.07290,walsh2026coherent
2603.07342,shingu2026interband
2603.07638,pekerten2026signatures
2603.08168,gao2026enhancement
2603.08302,korolev2026estimating
2603.08500,baumgarten2026magnetic
2603.08688,zhu2026evidence
2603.08891,balakan2026intrinsic
2603.09422,shindou2026temporal
2603.09500,shestakov2026critical
2603.09665,pinsook2026evidence
2603.09895,reese2026critical
2603.10193,ortuzar2026charge
2603.10486,seo2026persistent
2603.10552,yu2026observation
2603.10717,wang2026pauli
2603.10755,polat2026pairing
2603.10865,panda2026gap
2603.10925,kuliashov2026supercurrents
2603.10955,hiorth2026ab
2603.11153,kariyado2026moir
2603.11235,qiu2026progress
2603.11278,hosoi2026pseudo
2603.11464,dans2026quantum
2603.11469,bai2026impact
2603.11637,yoda2026double
2603.23535,imazu2026possible
2603.11771,kamiyama2026theoretical
2603.11823,khasanov2026multiple
2603.11986,zyuzin2026phase
2603.12092,basu2026quantum
2603.12097,sharma2026directional
2603.12196,liu2026superconducting
2603.12198,pandey2026kinetic
2603.12338,kotetes2026zero
2603.12437,deng2026ambient
2603.12473,antonio2026real
2603.12570,cheng2026spectroscopic
2603.12897,hu2026finitea
2603.13111,garmroudi2026putative
2603.13114,roverch2026experimental
2603.13604,watanabe2026hierarchical
2603.14051,semenok2026superhydrides
2603.14108,sazgari2026stripe
2603.14329,tripathi2026quantum
2603.14519,chen2026filling
2603.14545,kalantre2026microwave
2603.14614,edwards2026ferroaxial
2603.15102,ohkuma2026probing
2603.15147,luo2026hidden
2603.15244,zgour2026quench
2603.15305,li2026first
2603.15509,egyenes2026effect
2603.15853,jin2026taming
2603.16072,wu2026pressure
2603.16115,yan2026stoichiometric
2603.16227,capone2026quantum
2603.16522,zeller2026stroboscopic
2603.16828,yoon2026majorana
2603.16993,molinelli2026chiral
2603.17073,hallberg2026real
2603.17101,hara2026interplay
2603.17194,mendez2026textit
2603.17214,sun2026dayem
2603.17235,ishizuka2026field
2603.17362,canyellas2026extended
2603.17451,pan2026h
2603.17657,sakurai2026superconducting
2603.17710,kimata2026electron
2603.17777,krenkel2026reaching
2603.17846,kazibwe2026pressure
2603.17905,kamat2026thermodynamic
2603.17921,pitton2026quantum
2603.18125,yang2026spin
2603.18134,dzero2026light
2603.18182,simon2026ultrafast
2603.18199,simon2026fast
2603.18351,juliao2026nb
2603.18621,zeberek2026topological
2603.18684,yamada2026weak
2603.18843,jia2026fine
2603.19027,garcia2026microwave
2603.19351,kracht2026crossover
2603.19438,iglesias2026ultrastrong
2603.19956,tewari2026lattice
2603.20069,mishra2026temperature
2603.20368,sinha2026evolution
2603.20719,qi2026optically
2603.20757,colletta2026gap
2603.20871,khasanov2026pressure
2603.21417,alarco2026hopping
2603.21959,he2026possible
2603.22145,sato2026transparency
2603.22178,khasanov2026thermodynamic
2603.22205,boahen2026suppression
2603.22635,quagliogomes2026probing
2603.22645,sanjeevappa2026triplet
2603.22662,kornilovitch2026mechanism
2603.23148,choi2026pre
2603.23314,valli2026correlation
2603.23377,teknowijoyo2026glassy
2603.23400,trupiano2026zero
2603.23402,datta2026magnetic
2603.24370,leask2026soliton
2603.24379,kotsovolou2026superconducting
2603.24592,diessel2026landau
2603.24711,wang2026probing
2603.24766,wang2026geometric
2603.24852,rycerz2026josephson
2603.24977,zhou2026tracking
2603.25119,misawa2026polar
2603.25147,li2026vortex
2603.25156,smirnov2026fluctuation
2603.25245,liang2026spinon
2603.25314,madhusuthanan2026thermal
2603.25558,zhang2026many
2603.25648,ummarino2026prediction
2603.25807,zhang2026imaging
2603.25844,sharma2026double
2603.25858,roberts2026benchmarking
2603.26593,scott2026contrasting
2603.26895,purkayastha2026tunable
2603.26978,kumar2026non
2603.27211,li2026magnetic
2603.27214,li2026scanning
2603.27217,li2026distinguishing
2603.27408,gerguri2026correlated
2603.27409,kral2026unified
2603.27456,gavrilov2026electronic
2603.27674,ohmura2026effect
2603.27945,li2026pumping
2603.28056,muto2026ferromagnetic
2603.28490,yada2026bogoliubov
2603.28530,mudi2026comparison
2603.28641,fetisov2026echo
2603.28920,marini2026disorder
2603.29065,garciawetten2026oxide
2603.29377,liu2026altermagnetic
2603.29531,zhao2026pressure
2603.29713,proietto2026ultrafast
2603.29757,durante2026magnetically
2603.29760,vasina2026quantitative
2603.30024,grigorishin2026role
2604.00574,takemori2026nonequilibrium
2604.00608,huang2026directional
2604.00762,luccas2026improving
2604.00838,sun2026emergent
2604.01027,zhan2026detecting
2604.01062,bertrand2026uniaxial
2604.01145,caceres2026ferbo
2604.01223,jia2026electronic
2604.01446,bijoy2026electronic
2604.01596,wan2026chiral
2604.01902,chen2026dissecting
2604.02123,lucchesi2026strong
2604.02133,bu2026effective
2604.02191,wang2026jahn
2604.02298,goncalves2026chiral
2604.02426,liu2026transport
2604.02427,awoga2026detection
2604.02481,park2026superconductivity
2604.02620,lascio2026reducing
2604.02843,zhu2026high
2604.03183,wan2026observation
2604.03408,vasques2026enhanced
2604.03531,liu2026genuine
2604.03702,herrero2026analytical
2604.03821,mohmad2026top
2604.04123,casebolt2026optical
2604.04151,zheng2026disentangling
2604.04232,aleryani2026bosonflow
2604.04375,guo2026measurement
2604.04421,xu2026multimodal
2604.04631,liang2026strongly
2604.04643,chan2026collective
2604.04653,srivastava2026discovery
2604.04719,zhou2026two
2604.04860,xu2026proton
2604.16433,wu2026signature
2604.04883,zhu2026topological
2604.05027,nikolaenko2026ferrimagnetic
2604.05216,sony2026approximate
2604.05506,zhang2026visualizing
2604.05590,cao2026tunable
2604.05994,zhou2026band
2604.05997,tupitsyn2026numerically
2604.06157,coleman2026tractable
2604.06706,csire2026directional
2604.06745,kamiyama2026nonlinear
2604.16460,hu2026quantum
2604.07060,luccas2026influence
2604.07185,wei2026perpendicular
2604.07511,vadnais2026d
2604.07807,han2026granular
2604.07947,prigozhin2026spectral
2604.08231,darvishi2026exploring
2604.08235,li2026topological
2604.08319,wang2026orbital
2604.08430,li2026three
2604.08675,cuozzo2026bulk
2604.08735,kakhaki2026annealing
2604.08937,xu2026superconductivity
2604.09172,xu2026nonmonotonic
2604.09440,balzli2026realistic
2604.09457,li2026pressure
2604.09504,dmitrievtsev2026superconducting
2604.09525,lee2026high
2604.09807,flavenot2026decoding
2604.10026,seeyangnok2026strong
2604.10041,park2026adiabatic
2604.10133,lee2026hidden
2604.10207,meng2026ultrafast
2604.10621,pracht2026electrodynamics
2604.10987,aranzadi2026microscopic
2604.11047,gupta2026type
2604.11169,yokoyama2026artificial
2604.11692,ren2026statistical
2604.11738,tsur2026reduced
2604.11997,bejas2026raman
2604.12313,li2026nanoscale
2604.12328,gao2026charge
2604.12367,ding2026kinetic
2604.12544,ali2026chiral
2604.12682,rantanen2026surface
2604.12695,nagae2026robust
2604.12701,yokoyama2026supercurrent
2604.12742,mazanik2026josephson
2604.13161,romare2026superconductivity
2604.13553,zhou2026anomalous
2604.13875,kriener2026controlling
2604.13893,chen2026giant
2604.13945,alvarado2026optimal
2604.14022,schmid2026crystal
2604.14045,sun2026strong
2604.14289,wan2026quantum
2604.14295,yu2026topologically
2604.14376,khasanov2026sr
2604.14390,andriyakhina2026long
2604.14395,dulal2026revisiting
2604.14485,yamaguchi2026direct
2604.14578,ota2026wide
2604.14623,nadeem2026quantum
2604.14701,zhang2026interlayer
2604.14952,knafo2026fermi
2604.15054,nagashima2026type
2604.15056,shi2026high
2604.15120,tian2026quantum
2604.15204,mazanik2026abrikosov
2604.15417,talkington2026ultrastrong
2604.15587,lu2026control
2604.15895,venkateswaran2026digital
2604.15976,zhu2026charge
2604.15981,frechilla2026laser
2604.16293,li2026fluctuating
2604.16611,chong2026ultrafast
2604.16647,chirolli2026nonequilibrium
2604.17181,wu2026pairing
2604.17333,yuan2026collective
2604.17594,prasannan2026anisotropic
2604.17655,huang2026microscopic
2604.17712,kimura2026metal
2604.17812,yamada2026pairing
2604.17978,capecelatro20260
2604.18385,zhang2026superconductivity
2604.18451,coleman2026bose
2604.18560,bonca2026fingerprints
2604.18736,frohn2026proximitized
2604.18777,lopes2026competition
2604.18843,lee2026stripping
2604.18962,zhao2026angstrompro
2604.19215,lee2026pseudogap
2604.19283,yadav2026unveiling
2604.19332,fontana2026superconducting
2604.19385,sten2026josephson
2604.19443,he2026competing
2604.19467,jois2026spatially
2604.19525,gao2026observation
2604.20312,fu2026perfect
2604.20546,shi2026discovery
2604.20613,pan2026superconductivity
2604.20716,hansen2026stabilization
2604.21105,dolz2026healing
2604.21318,karnaukhov2026pairing
2604.21488,qiao2026intertwined
2604.21499,gao2026controlled
2604.21533,chen2026pairing
2604.21561,radevych2026superconductivity
2604.21635,han2026two
2604.21684,singh2026effect
2604.21899,chen20263d
2604.21978,viteritti2026beyond
2604.22214,bhakat2026non
2604.22300,wrona2026theoretical
2604.22553,olmos2026corner
2604.22596,ghanbari2026resonance
2604.23117,iguchi2026visualizing
2604.23162,chen2026persistent
2604.23301,guo2026grassmann
2604.23378,delgado2026record
2604.23401,lamura2026unconventional
2604.23470,rycerz2026mesoscopic
2604.23657,kim2026campbell
2604.24298,mackinnon2026cosine
2604.24734,frazier2026nonintegral
2604.24883,lou2026uncovering
2604.25169,mizoguchi2026nonlocal
2604.25274,kinoshita2026high
2604.25425,kutsuma2026elucidating
2604.25450,miyamoto2026differentiation
2604.25500,du2026critical
2604.25575,yilmaz2026topochemical
2604.25626,alam2026physical
2604.25805,zhou2026geometric
2604.25843,liu2026bragg
2604.25896,valiska2026thermodynamic
2604.26002,maiti2026exposing
2604.26203,wang2026wavefunction
2605.10945,nikulov2026meissner
2604.26627,leonov2026electronic
2604.26631,hinlopen2026programmable
2604.26814,kuznetsov2026negative
2604.26859,vocaturo2026engineering
2604.26862,ryan2026non
2604.27076,turkin2026superconductivity
2604.27098,scott2026phase
2604.27440,hirose2026evidence
2604.27507,iguchi2026magnetic
2604.27822,kuznetsov2026critical
2604.27848,kuznetsov2026shift
2604.27881,kuznetsov2026unusual
2604.28077,yildiz2026local
2604.28187,ebot2026enhancement
2605.00137,golic2026demonstration
2605.00477,margineda2026signatures
2605.00571,hideg2026quantum
2605.00577,yao2026long
2605.00601,nakamura2026superconducting
2605.01316,ma2026impurity
2605.01651,michon2026metallic
2605.01686,kim2026topological
2605.01893,shi2026two
2605.02082,yashin2026ab
2605.02140,zhao2026spin
2605.02423,sato2026revisiting
2605.02619,wu2026interfacial
2605.02677,nanda2026vortex
2605.02755,lisenfeld2026readout
2605.02891,li2026interlayer
2605.03013,kleger2026universal
2605.03133,chen2026quantum
2605.03139,shpagina2026thermal
2605.03171,juliao2026nba
2605.03448,chen2026nature
2605.03766,jin2026gossamer
2605.03774,wang2026firsta
2605.03859,varada2026nonuniform
2605.04562,ma2026regulating
2605.04693,akbar2026superconductivity
2605.04710,mizuno2026nonlocal
2605.04928,qin2026response
2605.05433,islam2026superconductivity
2605.05800,li2026enhancement
2605.05847,parfenov2026emergent
2605.05981,alssalih2026massive
2605.06150,qin2026josephson
2605.06422,silva2026superconducting
2605.06514,dorrian2026pair
2605.06545,tomlinson2026emergence
2605.06828,slobodskoi2026majorana
2605.06923,vibert2026topological
2605.07336,zhu2026breaking
2605.07540,shang2026noncollinear
2605.07592,angloher2026optimisation
2605.07656,madhusuthanan2026finite
2605.07739,jacob2026beyond
2605.10968,maas2026geometry
2605.07819,kim2026probabilistic
2605.07958,gobeyn2026multilayer
2605.08591,sun2026quasiparticle
2605.09690,yashin2026hole
2605.10101,zong2026correlation
2605.10139,wang2026superconductivity
2605.10226,cai2026apparent
2605.10387,prasad2026exact
2605.10686,ummarino2026ginzburg
2605.10700,csire2026transverse
2605.10703,iida2026freestanding
2605.10740,djurdjevic2026anomalous
2605.10826,koratzinos2026canted
2605.11146,diniz2026bcs
2605.11211,bau2026first
2605.11216,kobyakov2026mean
2605.11252,qi2026quantum
2605.11281,palle2026unbiased
2605.11395,guo2026discovery
2605.11401,lee2026superconductivity
2605.11584,zhang2026experimental
2605.11587,ghadimi2026euler
2605.11955,hong2026nematicity
2605.11965,itoh2026staggered
2605.12293,liu2026phase
2605.12381,hassan2026anomalous
2605.12588,tjernshaugen2026coherent
2605.12758,hein2026yu
2605.13254,hovhannisyan2026situ
2605.13259,hahn2026multiband
2605.13317,boruah2026interface
2605.13573,costarella2026singular
2605.13656,xiao2026nodal
2605.14080,zorin2026dual
2605.14265,sun2026shear
2605.14806,wang2026atomically
2605.14818,prigozhin2026t
2605.14909,oreg2026revealing
2605.14985,he2026larkin
2605.15610,li2026non
2605.15703,liang2026observation
2605.15751,kalashnikov2026equidistant
2605.15834,kornich2026effective
2605.15939,naveen2026tunable
2605.16625,sous2026bipolaronic
2605.16943,jiang2026nonreciprocal
2605.16988,komiyama2026incommensurate
2605.17030,zhou2026bogoliubov
2605.17066,nayak2026supercurrent
2605.17083,kessler2026basis
2605.17227,cheng2026disorder
2605.17408,seleznev2026enhancement
2605.17520,liu2026enhanced
2605.17649,carmelo2026competition
2605.17667,bonds2026i
2605.17940,kuriki2026shapiro
2605.17977,wang2026probinga
2605.18017,tang2026hydrostatic
2605.18098,reddy2026strong
2605.18277,cui2026quantum
2605.18411,maji2026spin
2605.18429,yuan2026direction
2605.18524,liu2026interlayer
2605.18586,calloni2026phase
2605.18628,santoro2026field
2605.18941,zhang2026detecting
2605.18954,mikhailau2026imaging
2605.18970,orgad2026signatures
2605.19036,fan2026hidden
2605.19297,xia2026nearly
2605.19643,vianello2026quantum
2605.19675,wang2026ultrafast
2605.20059,althuser2026secondary
2605.20148,mei2026itinerant
2605.20329,koriat2026orbital
2605.20415,natsuume2026dual
2605.20437,yi2026superconducting
2605.20652,jones2026wsi
2605.20653,osada2026pressure
2605.20685,koizumi2026carrier
2605.20966,kato2026multiple
2605.20985,chen2026hubbard
2605.21618,nir2026chiral
2605.21631,niu2026tunneling
2605.21700,spataru2026quasiparticle
2605.21936,osipov2026anomalous
2605.22128,hirabayashi2026superconductivity
2605.22278,deviatov2026topological
2605.22303,madhira2026development
2605.22460,maiellaro2026current
2605.22522,souza2026competing
2605.22582,varrica2026quantum
2605.22768,sauls2026generation
2605.23267,wang2026quantum
2605.23567,das2026phase
2605.23607,li2026disorder
2605.23755,scott2026kondo
2605.23838,perconte2026quantum
2605.24234,quiroga2026structure
2605.24362,li2026helical
2605.24439,yang2026emergence
2605.24522,shaikhaidarov2026synchronization
2605.24536,aarti2026nonunitary
2605.24565,seki2026theoretical
2605.24822,jiao2026prediction
2605.25048,huang2026superconductivity
2605.25197,ichikawa2026light
2605.25597,colangelo2026nitrogen
2605.25600,chamel2026superfluid
2605.25654,chen2026evolution
2605.25828,ivanovskikh2026sideband
2605.25898,ishikura2026superconductivity
2605.25906,fim2026substitution
2605.25938,kolomeisky2026exact
2605.26233,mazumdar2026slave
2605.26794,okada2026superconductivity
2605.27179,grotowski2026impact
2606.05210,melnikovsky2026superconducting
2605.27201,sun2026electride
2605.27356,wili2026quantum
2605.27515,moulinas2026multilevel
2605.28221,peng2026three
2605.28574,schnaubelt2026surface
2605.28759,dutta2026absolute
2605.28942,dede2026graph
2605.29100,xu2026strongly
2605.29285,cheng2026helimagnetic
2605.29338,xu2026effective
2605.29352,jin2026hole
2605.29501,xing2026shear
2605.29665,zhang2026thickness
2605.29985,semenok2026stability
2605.30074,wang2026electronic
2605.30297,mo2026electron
2605.30316,sheekey2026visualizing
2605.30425,fohmann2026dually
2606.02622,gulian2026detection
2605.30746,cazalilla2026superconductor
2605.30752,tang2026ni
2605.30760,liu2026bending
2605.30768,kakuyanagi2026geometric
2605.30847,pandey2026terahertz
2605.30986,takeda2026dimensionality
2605.31009,denis2026explicit
2605.31459,malinowski2026controls
2605.31501,dsouza2026kohn
2606.00223,dayroberts2026electron
2606.00894,balestra2026structure
2606.07634,cho2026topological
2606.01235,liu2026interplay
2606.01785,yang2026excitonic
2606.01786,sun2026evolution
2606.14726,wang2026ultrafasta
2606.02678,t2026giant
2606.02371,buccheri2026phonon
2606.02534,rabambi2026reduce
2606.02694,amundsen2026dynamical
2606.02730,sahoo2026anharmonic
2606.02761,tjernshaugen2026superconducting
2606.02770,boer2026early
2606.02838,goremykin2026pseudogap
2606.03193,bera2026generation
2606.03637,room2026chirality
2606.03663,zhang2026enhanced
2606.03710,zhang2026mechanochemical
2606.03908,somun2026spin
2606.03981,wang2026bipolar
2606.04097,banerjee2026probing
2606.04187,gundogdu2026emergence
2606.04559,wu2026antiferromagnetic
2606.04742,strohmeier2026nodal
2606.04821,wang2026unified
2606.04914,stack2026tunable
2606.04953,seeyangnok2026electron
2606.04954,seeyangnok2026triangular
2606.04956,berezhnoy2026superconducting
2606.04958,weerda2026cooper
2606.04961,koshelev2026theory
2606.05095,nocera2026soliton
2606.05294,kattel2026isospectrality
2606.05302,miranda2026magnetochiral
2606.05356,kalantre2026fermiology
2606.05472,frolov2026realistic
2606.05653,jeong2026bcs
2606.05813,averkin2026strongly
2606.06017,keskiner2026superconductivity
2606.06152,bi20262
2606.06561,dedes2026amplitude
2606.06430,spaic2026dynamic
2606.06437,panigrahi2026particle
2606.06465,li2026superconducting
2606.06649,kukkonen2026charge
2606.06791,jiang2026magnetic
2606.06919,kang2026scalable
2606.07184,kuderowicz2026multiband
2606.07199,labollita2026squeezing
2606.07349,martinelli2026direct
2606.07509,chen2026bulk
2606.07797,a2026floquet
2606.07848,nanayakkara2026phase
2606.07903,deng2026superconductivity
2606.07930,wang2026fragile
2606.07983,soori2026equilibrium
2606.08181,kaneko2026microscopic
2606.08333,haque2026nearly
2606.08423,seeyangnok2026first
2606.08643,luo2026coexistence
2606.08999,han2026superconducting
2606.09201,hui2026order
2606.09281,klement2026unconventional
2606.09309,sharma2026high
2606.09797,bobkov2026proximity
2606.09989,saito2026quantum
2606.10043,widniczck2026distribution
2606.10144,sitaraman2026synthesis
2606.10162,panda2026microscopic
2606.10300,yamane2026vortex
2606.10420,kubo2026superheating
2606.10564,song2026dichotomous
2606.10812,prodanov2026majorana
2606.10970,gulacsi2026inherent
2606.11056,buot2026pseudogap
2606.11303,kattel2026exact
2606.11495,jeong2026superconductivity
2606.11524,rongrueangkul2026unveiling
2606.11721,abir2026ambient
2606.11810,wu2026mathematical
2606.12104,hlozny2026proximity
2606.12145,carter2026structural
2606.12222,ma2026structural
2606.12241,zhang2026superconductivitya
2606.12262,strobel2026substrate
2606.12520,kim2026charting
2606.12544,pimenov2026dynamical
2606.12598,nogueira2026multiband
2606.12778,ito2026revealing
2606.27384,black2026general
2606.13342,marino2026variational
2606.13395,zhang2026andreev
2606.13512,vanderheyden2026current
2606.13526,frilen2026quantum
2606.13534,hanis2026band
2606.13541,shastry2026overview
2606.13828,pramanick2026observation
2606.14051,zhao2026symmetry
2606.14103,mishra2026interface
2606.14425,cohenstead2026smoqyelphqmc
2606.14588,aichner2026tailoring
2606.14878,phong2026valley
2606.15298,wang2026interlayer
2606.15711,huang2026mapping
2606.15928,sun2026quantum
2606.16195,zhao2026electronic
2606.16260,liu2026tuning
2606.16338,konstantynov2026non
2606.16459,bhowmik2026superconducting
2606.16536,ozkurt2026vortex
2606.16665,dong2026effect
2606.16674,dong2026effects
2606.16931,li2026dynamical
2606.17159,schleith2026superconductivity
2606.17177,bauer2026hybrid
2606.17191,maccari2026twist
2606.17205,zou2026kohn
2606.17264,mena2026coupled
2606.17273,zhang2026tunable
2606.17338,shiri2026effects
2606.17499,wang2026distinguishing
2606.17673,villani2026graphene
2606.17704,yerin2026ac
2606.17750,petrenko2026ac
2606.18084,montanaro2026cavity
2606.18251,saha2026superconductivity
2606.18482,kokkinis2026magnetic
2606.18563,miyamoto2026time
2606.18683,han2026counterintuitive
2606.18931,cojocari2026electric
2606.18973,azadi2026emergence
2606.19024,iyo2026room
2606.19078,kokkeler2026controlling
2606.19107,yadav2026evidence
2606.19171,zhang2026cavity
2606.19339,blain2026quantum
2606.19421,miranda2026electrical
2606.20157,rog2026direct
2606.20170,taranko2026transient
2606.20259,yi2026majorana
2606.20279,yi2026spin
2606.20309,majumder2026fractional
2606.20317,smart2026highly
2606.20533,zhan2026magnetic
2606.20849,liang2026displacement
2606.20941,jiang2026persistent
2606.21166,hu2026quantuma
2606.21229,perego2026plane
2606.21251,tang2026ai
2606.21507,liu2026nontrivial
2606.21580,dourado2026assessing
2606.21711,friedlan2026symmetry
2606.21731,abanov2026non
2606.22140,maji2026superconducting
2606.23022,botzel2026structural
2606.23183,stefanski2026rotating
2606.23303,pascucci2026harnessing
2606.23308,sboychakov2026kohn
2606.23479,ye2026magnetic
2606.23490,song2026anomalous
2606.23582,kryhin2026influence
2606.23599,hung2026helical
2606.23638,lee2026reentrant
2606.23799,nikolaenko2026fermi
2606.23806,liu2026nonrelativistic
2606.23956,cayao2026andreev
2606.23994,biswas2026probing
2606.24108,ogawa2026multiple
2606.24755,meixner2026degeneracies
2606.25038,wu2026exactly
2606.25251,feng2026nmr
2606.25316,acevedo2026universal
2606.25416,manna2026emergence
2606.25795,chang2026benchmarking
2606.25862,shi2026first
2606.25963,zhang2026fractional
2606.26258,verbitsky2026new
2606.26261,hasan2026fluctuation
2606.26909,steineman2026quasiclassical
2606.26992,szumniak2026local
2606.27013,bera2026spin
2606.27040,reiss2026high
2606.27297,wang2026exploring
2606.27415,kapur2026elimination
2606.27368,roy2026hidden
2606.27628,kozhevnikov2026second
2606.27639,arizono2026thickness
2606.27913,weinberger2026metamagnetism
2606.28189,greichgauer2026imaging
2606.28306,gluscevich2026excitation
2606.28550,mandal2026dynamically
2606.28726,watanabe2026distinct
2606.28735,song2026anomalousa
2606.28762,ruggiero2026multi
2606.28794,solovjov2026hydrostatic
2606.28836,matsui2026survival
2606.28904,meplan2026unusual
2606.28906,marino2026theory
2606.29140,gu2026real
2606.29249,bathinda202640
2606.29266,kawamura2026time
2606.29306,sadovskii2026superconductivity
2606.29364,charikova2026self
2606.29470,liu2026orbital
2606.29527,braz2026density
2606.29564,yan2026probing
2606.29749,mizokawa2026electronic
2606.29767,kushwaha2026unconventional
2606.30502,li2026ultrasound
2606.30521,zhang2026nonequilibrium
2606.30766,franz2026unconventional
2606.30808,headley2026magnetic
2606.30874,gillig2026thermal
2606.31550,patra2026floquet
2606.31569,scholten2026electronic
2606.31841,wang2026universal
2606.31851,levchenko2026anomalous
2607.00172,parry2026superconducting
2607.00429,chattaraj2026surface
2607.00630,shi2026quench
2607.00662,shi2026collective
2607.00679,jerzembeck2026quantum
2607.00683,rout2026facet
2607.00765,saraf2026resilient
2607.00769,berke2026universal
2607.00903,bhatia2026characterization
2607.00914,salviafernandez2026imaging
2607.00919,huang2026symmetry
2607.01302,liu2026ising
2607.01052,chakraborty2026breathing
2607.01720,kurihara2026ultrasonic
2607.01947,mathisen2026fermiology
2607.02267,poppelen2026disorder
2607.02812,afzali2026theoretical
2607.02861,xiao2026holographic
2607.03022,navez2026when
2607.03287,ma2026anomalous
2607.03363,huang2026pressure
2607.03685,han2026josephson
2607.03712,singh2026tuning
2607.03937,pinsook2026evidencea
2607.04097,guo2026full
2607.04104,huang2026vortex
2607.04122,miao2026hall
2607.04168,gong2026cuprate
2607.04398,tang2026pseudo
2607.04408,son2026theory
2607.04628,kojima2026superconductivity
2607.04651,abir2026topological
2607.04928,lee2026h
2607.05581,ali2026nonlocal
2607.05754,calvera2026magnon
2607.05881,yu2026chiral
2607.05890,kubo2026microscopic
2607.06303,bonasera2026valley
2607.06304,lee2026decoupling
2607.06332,baglo2026anomalously
2607.06390,kinzibaev2026effect
2607.06430,miserev2026instabilities
2607.06460,ocallaghan2026correlation
2607.06462,ocallaghan2026charge
2607.06520,hua2026multi
2607.06670,lachman2026localized
2607.06819,paxson2026synthesis
2607.07163,corsino2026emergent
2607.07210,mohmad2026nucleation
2607.07569,zhang2026pressureb
2607.07804,baum2026electron
2607.07807,ghosh2026parity
2607.07812,grankin2026bogolyubov
2607.07835,guo2026super
2607.07999,ferreyra2026optimizing
2607.08005,sakamoto2026observation
2607.08353,midei2026signature
2607.08372,kuder2026theoretical
2607.08451,paul2026influence
2607.08474,she2026layer
2607.08476,caprara2026charge
2607.08553,deng2026heterostructuring
2607.08585,perego2026vortex
2607.08845,day2026probing
2607.09178,rouble2026tunable
2607.09437,ghorbani2026anisotropic
2607.09468,goglichidze2026neutron
2607.09511,zatelli2026majorana
2607.09572,guo2026cloud
2607.09859,kalenkov2026landau
2607.09924,wang2026d
2607.10332,yang2026superconductinga
2607.10337,bender2026interwoven
2607.10348,khasanov2026anomalous
2607.10457,xie2026chiral
2607.10464,levchenko2026effect
2607.10668,dong2026soft
2607.10835,wang2026evolutiona
2607.10937,cristofoli2026minimal
2607.11003,oppongantwi2026ferroelectric
2607.11115,takeuchi2026strain
2607.11355,lu2026iron
2607.11425,mao2026interference
2607.11514,gladilovich2026states
2607.11518,kubo2026microscopica
2607.13086,eone2026cooper
2607.11721,diezcarlon2026high
2607.11786,tang2026correlation
2607.13090,pal2026loophole
2607.12213,escamilla2026analytical
2607.12394,singh2026systematic
2607.12401,zhong2026pokrovsky
2607.12410,pasqua2026fractionalized
2607.12442,hsu2026magnetothermopower
2607.12773,yuan2026emergent
2607.13194,schlottmann2026zero
2607.13297,seeyangnok2026theoretical
2607.13664,jodoi2026direct
2607.13870,magna2026phonon
2607.13873,ren2026superconducting
2607.14567,yursa2026programmable
2607.14677,guo2026spin
2607.14697,nakaaki2026imaging
2607.14803,yang2026c
2607.16340,kogan2026kinks
2607.15014,zhou2026competing
2607.15032,yan2026recent
2607.15169,huang2026driven
2607.15187,krusch2026type
2607.15228,wang2026magnetic
2607.15230,ithepalli2026high
2607.15249,dar2026altermagnetic
2607.15720,fu2026first
2607.15757,lin2026contactless
2607.15786,annabi2026fermion
2607.15996,berthod2026drosophila
2607.16055,fiore2026coherent
2607.16399,skoglund2026eddy
2607.16684,li2026disconnected
2607.16689,xia2026unconventional
2607.16852,fan2026marginal
2607.17414,ullmann2026spatial
2607.17539,yan2026interface
2607.17759,fan2026ah
2607.17791,sun2026oval
2607.17992,simoni2026voltage
2607.18094,feng2026symmetry
2607.18095,ma2026structurala
2607.18117,szkudlarek2026superconductivity
2607.18157,park2026tunable
2607.18159,hou2026nonreciprocal
2607.18238,zhang2026color
2607.18583,bartenev2026acoustic
2607.18592,durkin2026domain
2607.18685,zhou2026quadrature
2607.18686,ogata2026incommensurate
2607.18757,cui2026self
2607.18814,vila2026collective
2607.18876,muratov2026optical
2607.18916,lin2026bridging
2607.18994,kakhaki2026annealinga
2607.19018,ulah2026pure
2608.24906,huang2026even
2607.19217,lewandowski2026manifest
2607.19308,bobkov2026unified
2607.19458,jiang2026quantum
2607.20096,sharma2026power
2607.20335,sajan2026stacking
2607.20403,kukkonen2026exact
2607.20726,zhang2026exact
2607.20794,li2026geometric
2607.20856,wang2026exceptional
2607.20974,gangwar2026evidence
2607.21147,tyumenev2026magnetically
2607.21194,annett2026puzzling
2607.21206,sung2026long
2607.21430,lin2026shiba
2607.21507,zhu2026supercurrent
2607.21525,jin2026sequential
2607.21801,artemov2026thermal
2607.22029,madani2026structural
2607.22294,singer2026substrate
2607.22487,rhodes2026quasiparticle
2607.23056,maran2026evolution
2607.23262,antola2026bipolar
2607.23654,chen2026pair
2607.23764,zeng2026berry
2607.23985,kuang2026symmetry
2607.24549,fujiwara2026self
2607.24905,tu2026stripe
2607.24906,romare2026probing
2607.24936,han2026momentum
2607.25374,li2026logarithmic
2607.25424,kumar2026nonlocal
2607.25510,zhu2026tip
2607.25909,wang2026charge
2607.26251,kreisel2026gaps
2607.26487,chen2026same
2607.26568,chakraborty2026dc
2607.26676,xie2026electronically
2607.26689,villani2026scanning
2607.26990,liu2026density
2607.27104,jia2026dual
2607.27148,greenberg2026momentum
2607.27207,zhao2026magnetic
2607.27331,li2026altermagnetism
2607.27392,zheng2026anomalous
2607.27492,klebl2026extended
2607.27607,sasaki2026single
2607.27641,liu2026third
2607.27769,shi2026cavity
2607.27916,equbal2026finite
2607.28365,ramshaw2026symmetry
2607.28425,okounkova2026anomalous
2607.28479,abedi2026mitigating
2607.28734,zelle2026meissner
2607.29099,exposito2026low
2607.29151,gourgout2026successive
2607.29301,gaiser2026diode
2607.29608,kolomeisky2026nonlinear
2607.29636,padniuk2026continuous
2608.00226,lu2026analytical
2608.00338,kattan2026ferroelectric
2608.00512,guo2026it
2608.00942,mark2026evidence
2608.01196,qian2026anisotropic
2608.01209,li2026bulk
2608.01264,zhang2026d
2608.01295,wang2026electron
2608.01991,hikino2026spin
2608.02042,cai2026enhanced
2608.02342,zhao2026pressurea
2608.02344,maiti2026cryogenic
2608.02362,zhu2026superconducting
2608.02394,wang2026emergence
2608.02426,zhang2026screening
2608.02434,simon2026composite
2608.02501,campi2026superconducting
2608.02727,gu2026spin
2608.02753,roth2026large
2608.03024,misawa2026exotic
2608.03058,pei2026pressurea
2608.03072,zhu2026pressure
2608.03823,santacesaria2026two
2608.03870,krotzsch2026surface
2608.03908,miao2026thermodynamic
2608.04508,kubo2026microscopicb
2608.04789,zhang2026search
2608.04816,giuli2026ghost
2608.05012,park2026nonlinear
2608.05277,feuerpfeil2026superconducting
2608.05306,liu2026kinetic
2608.05632,qin2026annular
2608.05821,menta2026quantum
2608.06476,osterholt2026theory
2608.06553,feyrer2026emergence
2608.06555,vree2026temperature
2608.06602,bondarenko2026determination
2608.06700,okawa2026universal
2608.07101,weitzel2026origin
2608.07194,filsinger2026statistical
2608.07238,wang2026emergent
2608.07324,abaloszewa2026onset
2608.08083,singh2026effects
2608.08120,li2026quantum
2608.08498,takada2026excitron
2608.08843,mo2026layer
2608.09020,yuan2026prediction
2608.09207,wang2026exchange
2608.09415,hur2026geometrical
2608.09751,dai2026revealing
2608.09753,weerdenburg2026probing
2608.09758,ahmed2026disorder
2608.09785,miao2026superconductivity
2608.09845,liu2026topological
2608.10231,shaginyan2026some
2608.10428,raghav2026quadrupolar
2608.10768,shah2026high
2608.11284,yamaguchi2026discriminating
2608.11331,wilson2026light
2608.11428,semenok2026yttrium
2608.11610,kovalev2026acoustic
2608.11707,xu2026thickness
2608.11906,niebuhr2026spin
2608.12454,guo2026floquet
2608.12461,awelewa2026finite
2608.12465,rende2026superconductivity
2608.12508,nikolaevsky2026nature
2608.12586,ghosh2026thermal
2608.12809,gandhi2026sector
2608.13530,n2026inductively
2608.13540,mcfadden2026insight
2608.13699,carmo2026complete
2608.13731,togo2026properties
2608.14072,yang2026quantum
2608.14090,chen2026superconductivity
2608.14158,confalone2026simplified
2608.14503,tuo2026chiral
2608.14784,jiang2026no
2608.14810,leonov2026electronica
2608.14842,sapkota2026rapid
2608.14949,mishra2026anharmonicity
2608.15441,rycerz2026josephsona
2608.15745,wu2026superconducting
2608.15759,xiao2026renormalization
2608.15911,pupkov2026identification
2608.16062,li2026superconductinga
2608.16184,koller2026controlling
2608.16350,shimura2026theory
2608.16414,tsai2026field
2608.16711,galanteagero2026proximity
2608.17012,an2026statistically
2608.17125,design2026demonstration
2608.17404,nikodem2026flux
2608.17505,zhou2026unconventional
2608.17745,osada2026bridging
2608.17777,hu2026entropy
2608.18337,nguyen2026engineering
2608.18563,miyakoshi2026magnetism
2608.18861,kohler2026predicting
2608.18865,cross2026synthesis
2608.19044,berger2026emergent
2608.19079,sardwal2026ultrasonic
2608.19099,sun2026large
2608.19312,cao2026interferometric
2608.19343,ghosh2026self
2608.19573,eschrig2026free
2608.19712,shulga2026internal
2608.19856,wang2026tilted
2608.20109,misawa2026josephson
2608.20166,miranda2026photogalvanic
2608.20325,ghiotto2026strange
2608.20535,mironov2026perspectives
2608.20538,hernandezflores2026non
2608.20862,lejeune2026time
2608.21490,tolbatov2026electrostatic
2608.21110,kalkan2026pair
2608.21164,varrone2026quantum
2608.21273,jangid2026superconducting
2608.21917,wong2026odd
2608.22083,alzahrani2026loop
2608.22654,berhane2026structural
2608.22759,jianjian2026weak
2608.22902,moon2026revised
2608.23083,tu2026three
2608.23467,hua2026competing
2608.23823,li2026intertwined
2608.23902,rouble2026nonequilibrium
2608.24147,sharma2026phase
2608.24322,naveen2026josephson
2608.24337,marino2026influence
2608.24455,hatinen2026electronic
2608.24587,munoz2026disorder
2608.24710,hilse2026enhanced
2608.25093,srowik2026probing
2608.25268,wang2026grain
2608.25271,zhu2026distinct
2608.25331,wang2026realization
2608.25616,ma2026nearly
2608.25645,lilja2026phase
2608.25943,karekkat2026fluxtube
2608.26022,liu2026symmetry
2608.26045,stoffels2026electrical
2608.26104,das2026multicomponent
2608.26245,wu2026exact
2608.26251,stangier2026cooper
2608.26265,debnath2026supercurrent
2608.26269,stern2026quantum
2608.26652,ouyang2026strain
2608.26702,soori2026topologically
2608.26782,yerin2026stabilization
2608.27030,coquinot2026crossing
2608.27045,aizpuruairaola2026superconducting
2608.27160,ohkuma2026diamond
2608.27213,zhai2026occupation
2608.27349,bondarenko2026high
2608.27383,natale2026scalable
2608.27917,lee2026orbital
2608.28166,han2026twoa
2608.28485,hayasaka2026gauge
2608.28565,kelley2026three
2608.28848,almoalem2026direct
2608.28855,santana2026superconductivity
2608.28994,goto2026electronic
2608.29091,zhang2026doping
2608.29156,yin2026topological
2608.29282,winkel2026anomalous
2608.29405,talir2026dynamical
2608.29407,liu2026controlling
2608.29435,bhandari2026parametric
2608.29691,yoda2026competition
2608.29771,jansen2026magnetic
2608.29787,zhang2026josephson
2608.29822,patel2026interplay
2608.29830,capone2026ballistic
2608.29842,paudel2026superheating
2608.30001,whangbo2026chemical
2608.30010,kia2026twist
2608.30139,zhu2026superconductivity
2608.30588,xu2026machine
2608.30598,suleymanli2026quadratic
2608.31127,dhillon2026microwave
2609.00124,mai2026green
2609.00142,heath2026subgap
2609.00338,cardoso2026impurity
2609.00467,tallon2026comment
2609.00542,zhang2026heavily
2609.00574,zhang2026expanding
2609.00586,zhang2026microscopic
2609.00772,zhou2026superconducting
2609.00964,lee2026resolving
2609.01213,maiti2026robust
2609.01476,levchenko2026superconducting
2609.01593,coombs2026understanding
2609.01602,xu2026singular
2609.01935,samuelsen2026interaction
2609.02260,liu2026vortex
2609.02263,wiedemann2026anomalous
2609.02295,dong2026quantum
2609.02668,jayathilake2026electronic
2609.02995,zeng2026direct
2609.03059,kruti2026flux
2609.03388,gonzalez2026doping
2609.03867,ketmaier2026tunable
2609.04060,hainzl2026simple
2609.04164,yapa2026superconducting
2609.04187,seo2026wavefunctions
2609.04744,hara2026orientation
2609.04821,surovtsev2026stability
2609.04938,fejos2026global
2609.05177,guarcello2026transparency
2609.05185,braz2026ni
2609.05192,guarcello2026dynamical
2609.04421,pathak2026helix
2608.23333,liu2026first
2608.22475,levy2026quantum
2608.20076,keller2026shadow
2608.07806,rosebush2026universal
2607.22704,wang2026visible
2607.16183,lockwood2026blueprint
2607.14949,taylor2026avoiding
2607.14293,gaytanvillarreal2026real
2607.12996,zhang2026expressibility
2607.11668,otting2026multi
2607.07339,pires2026machine
2607.06488,angelis2026design
2607.05805,narisetty2026onnes
2607.04135,li2026broken
2606.23548,menon2026supercond
2606.15808,wen2026trainable
2606.14489,catala2026physics
2606.14101,uric2026altermagnetism
2606.13422,wang2026practical
2606.12816,tomar2026graph
2606.12059,pasqualetti2026attention
2606.01566,barnard2026robustmodelmaker
2605.29877,guan2026verifying
2605.29683,zhang2026wf
2606.07570,cheng2026can
2605.24252,polche2026hybrid
2605.21912,raman2026emerging
2605.05914,aizpurua2026quantum
2605.16320,elmahdi2026adagraph
2605.00568,inacio2026dynamical
2604.28160,baumann2026quantum
2605.00068,gutierrez2026human
2604.24912,sanford2026data
2604.23758,li2026agentic
2604.21732,vecchio2026tailoring
2604.21068,hridoy2026expanding
2604.16815,wang2026scalable
2604.01963,vitenburgs2026hydrodynamic
2603.29740,minenna2026data
2603.25373,yin2026hessian
2603.14728,yao2026deep
2603.13005,dao2026breaking
2603.11590,shahid2026high
2603.06644,ji2026quantum
2601.19057,jung2026time
2601.14226,placidi2026deep
2601.09363,nakhl2026efficient
2601.08578,erdmann2026quantum
2512.23817,tousi2025quantum
2512.20424,gao2025iterative
2512.18420,tyner2025simulating
2512.14973,yan2025roadmap
2512.13825,taylor2025unreasonable
2512.10670,acedo2025pulsed
2512.09862,gnatowski2025true
2512.07808,farooq2025luna
2512.07095,garg2025hidden
2511.08267,fu2025enhancing
2511.07367,azam2025reduced
2510.18325,jang2025goodregressor
2510.02544,chaudhari2025active
2509.26315,linne2025photonids
2509.17723,pathapati2025accelerated
2509.17288,frank2025nonlinear
2509.13818,wang2025hybrid
2509.12933,ji2025data
2509.09033,huang2025generative
2509.08890,hou2025machine
2509.06067,xiao2025surrogate
2508.18124,wang2025cmphysbench
2508.15230,zhang2025robust
2508.04110,song2025accelerating
2507.21222,lakhdarhamina2025benchmarking
2507.19861,wang2025quantumb
2507.19093,tudisco2025graph
2507.10370,zong2025kinetically
2507.06139,barron2025topic
2507.03689,singh2025resource
2507.01013,deger2025running
2506.15771,kent2025superconducting
2506.13075,mayevsky2025quantum
2506.05608,venturelli2025near
2506.01657,wu2025state
2506.00725,cheng2025foundation
2505.18511,zhu2025spdebench
2505.16891,zhu2025quantum
2505.16714,zhang2025experimental
2505.13958,zhang2025demonstrating
2505.13287,ferreira2025level
2505.08922,francisco2025physics
2505.05158,farias2025short
2504.19992,singh2025non
2504.16370,morohoshi2025learning
2504.06249,jia2025electronic
2504.00386,ha2025perturbation
2503.24363,sun2025topological
2503.23443,mahdian2025entanglement
2503.22147,reddy2025characterizing
2503.18975,nematov2025machine
2503.13734,tang2025mechanical
2503.11047,chen2025quantum
2502.13910,jebraeilli2025quantum
2502.12121,taylor2025mitigating
2502.11239,tu2025identifying
2502.06767,xu2025fat
2502.04984,ma2025ff7
2502.05228,ouyang2025physics
2502.01196,ghribi2025cryogenics
2502.00679,gupta2025expedited
2501.15359,liu2025neural
2501.14663,guglielmo2025end
2501.07085,jin2025ppo
2501.04264,li2025quantum
2501.02513,wayo2025linear
2501.10404,dong2025automated
2412.16867,wang2024parameter
2412.13012,kaplan2024deep
2412.12397,casse2024quantum
2412.07666,lupi2024hamiltonian
2411.13037,bhat2024machine
2411.10406,mohseni2024build
2411.07018,goldenberg2024data
2411.06644,frank2024confinement
2411.02913,ding2024quantum
2410.22603,genois2024quantum
2410.19921,kuzmin2024method
2409.09729,zhang2024quantuma
2408.13389,dibrita2024recon
2408.11395,fanelli2024short
2408.01506,bordoni2024quantum
2407.21146,islam2024low
2407.15102,li2024experimental
2407.08408,boukela2024two
2407.03852,gautam2024low
2406.18807,vora2024ml
2406.17841,wang2024probing
2607.09761,ajith2026slakonet
2604.02824,stellhorn2026disorder
2510.06413,zhang2025hybrid
2412.06768,taylor2024vision
2407.21225,kremer2024ai
2311.06028,shmuel2023symbolic
2310.13634,maciazek2023optimising
2301.11555,joung2023bayesian
2301.07906,lee2023machine
2301.05824,dong2023discovery
2212.10742,moreira2022realization
2212.02521,pan2022deep
2210.06730,zhao2022robust
2202.13268,sante2022deep
2109.08861,xie2021improving
2606.06925,chubarova2026machine
2605.00732,klos2026reconstruction
2604.27738,biaas2026sampling
2604.00386,fan2026machine
2603.20157,abuali2026detecting
2512.07458,kapitan2025optimized
2512.06762,li2025machinea
2511.14081,li2025machineb
2509.24334,chen2025wavelet
2505.10393,medina2025uncovering
2505.09783,jiao2025pure
2501.05547,abuali2025deep
2411.13027,chertenkov2024machine
2410.14523,sukhoverkhova2024influence
2409.05353,hinuma2024effect
2406.14812,jiang2024berezinskii
2403.09786,civitcioglu2024phase
2402.11701,alamino2024explaining
2402.07231,xiong2024ab
2402.03913,carnazza2024machine
2311.18434,koulischer2023exploring
2310.16006,link2023machine
2310.15989,eberz2023detecting
2309.07225,ermann2023breaking
2307.02327,lee2023equivariant
2306.07067,khajehabdollahi2023locally
2304.13412,biaas2023mutual
2304.08871,miyajima2023machine
2304.02957,xing2023neural
2209.08678,stosic2022ising
2208.00679,ng2022berezinskii
2206.15114,richterlaskowska2022learning
2203.06652,acevedo2022neural
2202.06319,agrawal2022group
2604.10453,hassan2026quantum
2411.16354,ai2024scalable
2405.03680,choudhary2024atomgpt
2311.02143,luo2023pairing
2305.11842,wines2023recent
2209.08203,choudhary2022chemnlp
2111.05885,nguyen2021predicting
2608.28168,larrarte2026quantum
2608.05405,slim2026interferometric
2606.28483,tuysuz2026quantum
2606.12968,ivanov2026quantum
2605.27735,slim2026iqp
2605.08262,chang2026slayergen
2301.09138,heese2023explaining
2208.02165,nguemto2022re
2205.07674,kiss2022conditional
2204.04785,erdman2022model
2604.24640,xu2026diffqec
2606.22376,xu2026vibe
2603.08801,li2026large
2510.26824,lederbauer2025lemat
2510.24509,floresgarrigos2025quantum
2506.18125,henderson2025programming
2505.13205,li2025quantuma
2412.07978,cao2024agents
2411.08645,kundu2024system
2401.11052,foppiano2024mining
2604.25884,cao2026qcaleval
2506.04410,jansen2025matter
2203.15719,lange2022adaptive
2112.14553,dutt2021active
2606.01226,fan2026realizing
2510.26479,palumbo2025jco
2508.18626,ge2025enhanced
2503.01607,hoh2025bayesian
2312.14547,yao2023proposals
2303.14877,cheng2023quantum
2301.02879,jardine2023first
2205.12929,qian2022fast
2112.09083,ciavarella2021preparation
2406.04537,nepal2024htesp
2402.15299,darby2024structure
2210.00579,schmidt2022large
2306.10223,thorn2023machine
2201.08140,pickard2022ephemeral
2110.15628,semenok2021sr
2204.12968,purcell2022accelerating
2606.04608,zonda2026correlated
2604.25775,gu2026pareto
2602.10091,lange2026simulating
2507.10705,chen2025neural
2507.02644,gu2025solving
2212.11296,sharir2022neural
2606.05293,sinibaldi2026thermalization
2301.09923,vecsei2023lee
2410.13175,huang2024tcp
2308.11400,khosravian2023hamiltonian
2601.13121,jordan2026charge
2508.21504,miessen2025digital
2303.09342,zhang2023machine
2606.09341,qamar2026hydride
2509.23476,conway2025accelerating
2509.04039,jang2025physically
2503.04027,banerjee2025machine
2311.06010,tahmasbi2023machine
2306.06475,salzbrenner2023developments
2406.06482,wanjura2024quantum
2311.03684,nguyen2023reinforcement
2307.14427,sack2023large
2307.03334,wang2023explainable
2212.03895,maurya2022scaling
2210.10787,robbiati2022quantum
2210.08574,azad2022machine
2208.05879,chen2022transmon
2204.01738,ren2022experimental
2112.09349,basili2021performance
2112.05332,rinaldi2021dispersive
2111.12669,pechal2021direct
2110.10378,convy2021machine
2110.05465,papic2021neural
2604.15432,wu2026efficient
2412.04053,chatterjee2024enhanced
2312.16358,sarma2023designing
2210.16715,reuer2022realizing
2608.28100,inizan2026umof
2608.14899,hanseroth2026data
2608.11558,huang2026simulating
2607.28461,kavanagh2026fast
2607.19977,wedig2026rem3di
2607.19198,cheng2026atlas
2607.11384,fragapane2026amorphous
2607.09005,huang2026benchmarking
2607.07606,sharma2026mlip
2606.30870,chtchelkatchev2026adaptive
2606.29220,zheng2026latent
2606.25742,hedin2026barocaloric
2606.23214,hanseroth2026universal
2606.22234,tran2026fine
2606.21796,zhuang2026fast
2606.21632,kwon2026fine
2606.20729,hagai2026llm
2606.18691,cho2026robust
2606.15001,wang2026distilling
2606.12811,tang2026wrong
2606.12704,tompa2026fine
2606.07327,creed2026six
2606.06848,chen2026distilling
2606.05127,shen2026non
2605.29969,pawar2026prototype
2605.28905,midgley2026dft
2605.25032,nagai2026target
2605.24073,neporozhnii2026multitask
2605.20384,wang2026dataset
2605.19939,zaghen2026uncertainty
2609.01911,lin2026generalized
2608.27273,mou2026grain
2608.19041,li2026universal
2608.08295,kumar2026universality
2607.28776,hagemann2026representations
2607.18594,kamath2026data
2607.08617,bousquet2026large
2606.25853,yu2026combined
2606.19600,chang2026machine
2606.18163,hijes2026dynamical
2606.15892,bi2026scalar
2606.14118,dey2026probing
2609.00528,ming2026multi
2608.25592,du2026hierarchical
2608.11725,masroor2026deep
2608.07081,dimitrijevs2026local
2607.29510,untarabut2026ordered
2608.14640,vuong2026bdip
2607.24327,huang2026aligning
2607.21726,caucci2026ionic
2607.20591,bohara2026lithium
2607.14827,lu2026sevennet
2607.09456,luo2026active
2605.13594,wan2026assessing
2605.08885,wang2026compact
2605.07927,yang2026mattersim
2604.27879,tyner2026generation
2604.13699,ahn2026mind
2604.10887,oh2026lightweight
2603.26471,petersen2026importance
2603.14113,zhu2026analysis
2603.12183,basu2026proof
2603.15294,xiang2026unimatsim
2602.23728,barbalinardo2026kaldo
2602.23515,marcial2026performance
2602.19592,zheng2026improving
2602.04075,schlesinger2026thermodynamic
2602.03369,an2026accelerating
2602.02237,parackal2026symmetry
2606.21395,edamadaka2026atomistic
2606.14003,segal2026xrdiff
2606.02507,babu2026automated
2604.13354,lambilly2026finetuning
2601.08115,ishii2026symmetry
2601.01959,reents2026score
2512.21227,han2025phononbench
2512.07289,lin2025equivariant
2510.23181,vasylenko2025introducing
2510.23040,khastagir2025llm
2510.12329,mal2025diffcrysgen
2507.19799,cheng2025enhancing
2507.17800,belardi2025improving
2507.08902,mares2025generation
2507.03602,cornet2025kinetic
2505.07442,mal2025diffcrysgena
2504.16893,zhong2025crystal
2504.14110,inizan2025system
2502.06485,kelvinius2025wyckoffdiff
2502.02582,hoellmer2025open
2501.18850,liu2025beyond
2412.18414,xu2024discovery
2411.03156,novitskiy2024unleashing
2409.06762,yang2024generative
2408.07213,sinha2024representation
2406.09263,takahara2024generative
2406.04713,miller2024flowmm
2402.04379,gruver2024fine
2402.03992,jiao2024space
2401.13192,li2024generative
2401.05402,klipfel2023vector
2311.17916,zhu2023wycryst
2309.04475,jiao2023crystal
2306.03989,sotskov2023machine
2606.30967,nguyen2026computed
2606.28578,alvi2026surrogate
2606.10251,zhu2026robust
2605.22141,zhang2026theory
2603.05613,zhang2026new
2602.09309,polat2026far
2512.12288,roy2025quantum
2512.04980,bouchattaoui2025learning
2511.05534,li2025flowmm
2510.13264,hou2025generative
2510.09406,kim2025diffusion
2508.16614,yi2025crystaldit
2504.09152,li2025matwheel
2502.16984,li2025active
2411.04323,nguyen2024efficient
2410.06433,datta2024generative
2407.20218,scheinker2024cdvae
2403.12478,ye2024con
2403.10846,luo2024deep
2312.16073,kaszuba2023compositional
2312.03687,zeni2023mattergen
2311.00939,elrashidy2023accelerated
2310.10559,bouchattaoui2023causal
2308.02165,pakornchote2023diffusion
2609.01209,song2026autonomous
2608.11062,meng2026accelerated
2606.12064,ruohonen2026undefined
2605.27229,akter2026scale
2604.21386,yamazaki2026navigating
2603.22748,naganuma2026experimental
2601.10886,carbone2026magnus
2601.06571,athar2026beyond
2512.17616,silva2025multi
2512.10221,wilson2025search
2511.22504,alghamdi2025screening
2511.01790,prein2025synthesizability
2507.03802,kejriwal2025generating
2505.09161,xin2025bridging
2504.19586,zhong2025universal
2607.23896,ray2026cost
2607.01188,mcdannald2026optimal
2606.24480,cheng2026breaking
2604.18086,nasir2026materials
2604.07416,zhang2026bayesian
2604.03286,xie2026full
2603.06835,hufnagel2026aimd
2602.06977,sulaiman2026autonomous
2512.23880,huang2025cascade
2512.21766,gao2025unilabos
2512.01080,amirian2025building
2511.11558,haque2025human
2511.04055,xu2025kan
2510.05938,anker2025autonomous
2509.05351,xu2025self
2508.06569,yao2025operationalizing
2506.17510,silva2025grassroots
2505.13494,zhao2025polymer
2503.13169,yin2025collaborative
2405.13930,fei2024alabos
2302.02303,he2023precursor
2607.04508,hur2026compressing
2604.13139,liu2026building
2604.03440,sloan2026ares
2603.29135,chowdhury2026quality
2603.21704,scragg2026exploring
2603.08420,veeramani2026human
2602.20963,li2026robotic
2602.18538,advincula2026ai
2601.07043,quinn2026panda
2512.15483,torresi2025multi
2512.09249,bulanadi2025auto
2512.05989,dahms2025self
2509.21330,mishra2025inspeclearn4sdl
2508.06642,adesiji2025benchmarking
2507.16833,shi2025exploring
2506.05999,jarl2025machine
2503.05577,hollarek2025opxrd
2501.02503,slautin2025materials
2410.13796,widdowson2024geographic
2407.16083,desai2024self
2407.06051,emery2024foams
2406.17725,quinn2024panda
2402.11763,azizi2024autonomous
2308.02315,snapp2023autonomous
2304.11120,maffettone2023missing
2210.09085,martin2022perspectives
2608.25392,jiang2026interpretable
2608.20596,mancilla2026machine
2608.23582,shashank2026transformer
2607.27295,kokonda2026matcreationn
2607.22759,chakravertty2026benchmarking
2607.11712,oh2026catretriever
2607.01105,cretu2026synlad
2606.30540,moore2026synthesizability
2606.22885,zhang2026interfacial
2606.12651,bisht2026physics
2606.01461,nogueira2026genotype
2605.31238,chen2026scaling
2605.30610,gutjahr2026constrained
2605.29821,zang2026accelerated
2605.29482,liu2026synthesizability
2605.27888,jiang2026machine
2605.27162,tadge2026rapid
2605.25681,zeng2026dont
2605.17693,xue2026fine
2605.14303,tan2026machine
2605.12784,zhou2026toolmol
2604.23307,southiratn2026combimots
2604.14550,islam2026verigraphi
2604.12350,xiong2026scaffold
2604.11827,kneiding2026inverse
2604.07669,li2026reinforcement
2604.00069,sandonas2026perspective
2603.20389,menon2026chemical
2603.18066,oh2026synthesizable
2609.02056,sun2026hygrail
2608.31118,giglou2026when
2608.24039,khan2026design
2608.21531,dabrowski2026large
2608.13384,lin2026structure
2608.01954,dang2026styleforge
2607.27955,dsouza2026scischema
2608.24913,wanscher2026blind
2607.23472,chen2026viper
2607.21983,yang2026ethereum
2607.20990,dai2026livephys
2607.08346,dolphin2026grounded
2607.04108,li2026dictionaries
2607.02609,garraldabarrio2026knowledge
2607.00924,pal2026graph
2606.31012,wang2026evaluating
2606.29667,ghosh2026matmmextract
2606.28798,liu2026primary
2607.26066,ballakuraya2026methods
2606.22375,cao2026aria
2606.21389,barbieri2026production
2606.21377,barbieri2026arena
2606.19404,khazem2026thermodynamic
2606.18222,bose2026darshana
2606.18089,kong2026reasoning
2607.05408,leobet2026life
2606.08688,lv2026physagent
2606.08238,dutta2026gpt
2606.01089,dominguezgutierrez2026literature
2608.20434,yuntong2026llm
2608.15928,sheng2026synthesizing
2607.07604,bassen2026human
2605.29555,yu2026blind
2605.16612,schlesinger2026prismat
2605.13618,kang2026openaaas
2605.06839,slautin2026llm
2604.22938,li2026largea
2604.07681,pham2026multi
2603.26060,yamamoto2026zebra
2603.17043,pandey2026openqlaw
2603.15712,scientists2026llm
2603.13834,cao2026intelligent
2603.05188,peivaste2026escaping
2603.03946,liu2026lang2str
2602.21533,mok2026reasoning
2602.17886,kumar2026el
2602.17478,nguyen2026qupaint
2602.17176,mu2026nextcrystal
2602.13312,wang2026peromas
2602.07543,noh2026msp
2601.17084,peivaste2026chemnavigator
2601.09027,chen2026agentic
2512.15312,rathore2025evaluating
2512.13930,rothfarb2025hierarchical
2512.08077,cohen2025unveiling
2512.06404,soleymanibrojeni2025genius
2511.18303,ding2025hierarchical
2511.10673,yang2025large
2511.04068,ullah2025txl
2510.26886,zhu2025materialsgalaxy
2510.22503,abhyankar2025llema
2510.22312,guo2025lacmaterial
2510.20976,cui2025l
2510.12091,ding2025topolyagent
2609.04852,chai2026kvmem
2609.01167,gershman2026classic
2609.00070,wu2026autoxrd
2608.26081,pal2026swarmworld
2608.25952,hao2026spatial
2608.23179,liu2026netconfarena
2608.22751,li2026risk
2608.23631,zhou2026trace
2608.21690,lin2026context
2608.18613,cheng2026ctifoundry
2608.16185,wang2026lens
2608.16048,wang2026zendot
2608.15948,fierro2026evidence
2608.10483,park2026predicting
2608.05810,shang2026when
2608.04265,curto2026strategic
2608.04095,wang2026finperma
2608.03463,liao2026leanmem
2608.00303,wu2026crystalmem
2607.28200,yang2026vibe
2607.26637,zhou2026filesystem
2607.18742,pulo2026beyond
2607.16617,he2026dataflow
2607.15535,mok2026symbolic
2607.15095,mulders2026digital
2607.11276,cristescu2026automated
2607.10508,kim2026confining
2607.20623,paul2026learning
2607.14875,liao2026optimization
2606.17045,wu2026compact
2605.09247,valentin2026benchmarking
2512.08624,rigo2025operator
2510.11710,sharma2025comparing
2506.08329,du2025neuralized
2411.10430,lange2024simulating
2411.07144,ibarragarciapadilla2024autoregressive
2405.01981,ledinauskas2024universal
2404.07869,denis2024accurate
2311.05749,gauvinndiaye2023mott
2310.08578,lange2023neural
2606.24380,li2026fully
2604.06841,li2026spin
2604.04435,yokoi2026neural
2603.02316,rende2026transformer
2511.04932,li2025representational
2507.07540,xiao2025nnqs
2408.16453,vecsei2024phase
2407.21207,fore2024investigating
2402.11014,medvidovic2024neural
2311.09450,liu2023unifying
2305.08831,kim2023neural
2304.04725,keeble2023machine
2206.10021,lovato2022hidden
2205.00733,nys2022variational
2607.21965,gokmen2026inertial
2606.10101,wei2026correlation
2606.07247,urbani2026theory
2605.14200,vankadara2026scale
2605.09031,tulinski2026spherical
2605.07870,lauditi2026spectral
2604.25199,cai2026kohn
2604.09979,yao2026minimal
2603.25557,nain2026neural
2603.14573,dandi2026rigorous
2603.09310,panahi2026gaussian
2602.19637,kim2026data
2602.06320,nishiyama2026high
2602.00716,ventura2026emergence
2601.21093,fan2026high
2601.20205,jiang2026hyperparameter
2601.10483,martin2026high
2601.01010,bordelon2026disordered
2510.01930,nishiyama2025precise
2609.01621,wang2026when
2607.02934,wang2026matphasebench
2607.02329,huang2026grounded
2606.29100,nomura2026exascale
2606.21284,kim2026madfield
2606.01012,vuong2026property
2606.07576,shah2026when
2605.17976,yuan2026unleashing
2605.13911,li2026rongzai
2605.07467,okita2026physical
2605.00803,huang2026can
2604.15821,zhou2026breaking
2604.12198,huang2026groundeda
2603.13744,zhang2026research
2602.18471,zhai2026charting
2602.18470,zhai2026transforming
2602.18469,zhai2026landscape
2601.02075,shi2026mdagent2
2512.16051,kannan2025graph
2511.20976,dale2025ai4x
2511.03032,bowden2025leveraging
2509.02661,ferguson2025future
2508.14111,wei2025ai
2507.23018,brewer2025data
2507.19536,ouyang2025graph
2507.02212,kawada2025sciga
2506.01860,han2025benchmarking
2503.23758,yin2025exact
2606.20864,raj2026synthetic
2601.03283,khalaf2026physics
2511.19844,kong2025pronounced
2511.15151,zhou2025dcl
2510.02513,epperly2025adaptive
2508.15983,na2025simulation
2507.21087,ali2025intelligent
2506.18100,ahmad2025optimizing
2501.11176,sattar2025surface
2410.21920,balogh2024online
2410.03132,zhang2024autoregressive
2410.02172,chaudhari2024abstract
2407.04631,agustsson2024autoencoder
2406.12362,belcaid2024certified
2406.10551,majchrzak2024electron
2404.03800,telukunta2024learning
2403.13815,agustsson2024autonomous
2603.07706,seifert2026deepconf
2602.18890,tanksale2026prediction
2601.19371,lupi2026molecular
2511.09734,zhao2025fourier
2510.25921,kolev2025generative
2509.14828,weiske2025statistics
2504.20711,koch2025hamiltonian
2502.18306,doktor2025water
2410.13711,lafleur2024automated
2401.14564,oinonen2024advancing
2312.08854,kurki2023automated
2312.05160,smalley2023detecting
2310.17765,narasimha2023autonomous
2310.17161,priante2023structure
2309.17000,weerdenburg2023stochastic
2303.18236,valleti2023physics
2303.08162,luo2023artificial
2302.12274,sobral2023machine
2212.02586,choudhary2022atomvision
2206.08951,joucken2022denoising
2203.04449,taranto2022unsupervised
