arxiv_id,title,abstract,family_rule,task_rule,family_true,task_true
2307.11742,Evidence for Pseudogap Phase in Cerium Superhydrides: CeH$_{10}$ and CeH$_9$,"Polyhydride superconductors have been shown to possess metallic properties with a Bardeen-Cooper-Schrieffer-type superconducting ground state. Here, we provide evidence for unconventional transport associated with a pseudogap phase in cubic cerium superhydride CeH$_{10}$ ($\textit{T}$$_C$ = 116 K) at pressure of 115-125 GPa. A large negative magnetoresistance in the non-superconducting state below 90 K, quasi $\textit{T}$-linear electrical resistance, and a sign-change of its temperature dependence mark the emergence of this phase. We studied the magnetic phase diagrams and the upper critical fields $\textit{B}$$_{C2}$(T) of CeH$_{10}$, CeH$_9$, and CeD$_9$ in pulsed fields up to 70 T. $\tex",conv,characterization,,
2307.00201,"The near room-temperature upsurge of electrical resistivity in Lu-H-N is not superconductivity, but a metal-to-poor-conductor transition","Since the discovery of superconductivity in mercury at 4 K in 1911, searching for materials with superconductivity at higher temperatures towards practical conditions has been a primary enduring goal. The recent report of room-temperature superconductivity at near-ambient pressure in nitrogen-doped lutetium hydride (Lu-H-N) by Dasenbrock-Gammon et al. (Hereafter referred as D-G) seems a great step approaching the ultimate goal. Specifically, they claimed evidence of superconductivity on Lu-H-N with a maximum Tc of 294 K at 1 GPa. However, the failure to observe the drastic temperature-dependent resistance change above 200 K in high-pressure synthesized Lu-H-N compounds, a prerequisite for su",conv,characterization,,
2505.14591,Superconducting properties of thin film $\mathrm{Nb_{1-x}Ti_xN}$ studied via the NMR of implanted $^8$Li,"We report measurements of the normal-state and superconducting properties of thin-film $\mathrm{Nb_{1-x}Ti_xN}$ using $^{8}$Li $β$-detected nuclear magnetic resonance ($β$-NMR). In these experiments, radioactive $^{8}$Li$^{+}$ probes were implanted $\sim21$ nm below the surface of a $\mathrm{Nb_{1-x}Ti_xN}$(91 nm) film in $\mathrm{Nb_{0.75}Ti_{0.25}N}$(91 nm)/AlN(4 nm)/Nb and its NMR response recorded (via $^{8}$Li's $β$-emissions) between 4.6 K and 270 K in a 4.1 T field applied normal to its surface. Resonance measurements reveal wide, symmetric lineshapes at all temperatures, with significant additional broadening below the film's superconducting transition temperature $T_\mathrm{c}(0 \; ",conv,characterization,,
2205.07665,"Schroedinger representation of quantum mechanics, Berry connection, and superconductivity","The standard quantum mechanical electronic state calculations for molecules and solids uses the Schroedinger representation where the momentum conjugate to the coordinate $q_r$ is given by $-hbar {partial over {partial q_r}}$. This formalism contains an extra $U(1)$ phase degree-of-freedom. We show that it can be regarded as a Berry phase arising from many-electron interaction, and when it is non-trivial, it gives rise to a current carrying ground state identified as the superconducting ground state. The connection between this superconducting state and the BCS one is presented.",conv,theory,,
2510.04431,Systematic evolution of superconducting pairing strength and Seebeck coefficients in correlated infinite-layer La$_{1-x}$Sr$_x$NiO$_2$,"The recently discovered superconducting infinite-layer nickelates offer a novel platform to explore an exotic pairing mechanism in multi-band systems towards high-temperature superconductivity and associated rich quantum phases, contrasting with cuprates. Here, we show that infinite-layer (La,Sr)NiO$_2$ exhibits strong-coupling superconductivity, resilient to in-plane magnetic fields exceeding 47 T at optimal doping - more than twice the Pauli limit for conventional BCS superconductors. This violation becomes pronounced towards the underdoped regime, implying an intriguing evolution of pairing glue. The unexpected observation of positive Seebeck coefficients in this regime indicates the pres",conv,characterization,,
2208.05816,Superconductivity above 80 K in polyhydrides of hafnium,Studies on polyhydrides are attracting growing attentions recently due to their potential high temperature superconductivity (SC). We here report the discovery of SC in hafnium polyhydrides at high pressures. The hafnium superhydrides are synthesized at high pressure and high temperature conditions using diamond anvil cell in combination with in-situ high pressure laser heating technique. The SC was investigated by in-situ high pressure resistance measurements in applied magnetic fields. A superconducting transition with onset Tc ~83 K was observed at 243 GPa. The upper critical field Hc2(0) was estimated to be 24 Tesla by GL theory and the consequent superconducting coherent length to be ~3,conv,discovery,,
2211.08759,Neglected $U(1)$ phase in the Schroedinger representation of quantum mechanics and particle number conserving formalisms for superconductivity,"Superconductivity is reformulated as a phenomenon in which a stable velocity field is created by a $U(1)$ phase neglected by Dirac in the Schroedinger representation of quantum mechanics. The neglected phase gives rise to a $U(1)$ gauge field expressed as the Berry connection from many-body wave functions. The inclusion of this gauge field transforms the standard particle-number non-conserving formalism of superconductivity to a particle-number conserving one with many results of the former unaltered. In other words, the new formalism indicates that the current standard one is an approximation that effectively takes into account this neglected $U(1)$ gauge field by employing the particle-num",conv,theory,,
2602.16783,3D Unconventional Superconductivity in Bulk LaO,"Lanthanum-based compounds are cornerstones of superconductivity research, yet the La-5d orbitals typically remain empty spectator states far above the Fermi level (EF). While superconductivity has been induced in LaO up to 5.37 K in tensile epitaxy films, the intrinsic ground state of the bulk phase has remained controversial mostly due to synthetic challenges, with early reports suggesting a metallic nature. Here we report the high-pressure and high-temperature synthesis of pure bulk rock-salt LaO and unveil its intrinsic type-II superconductivity with a transition temperature (TC) of ~6 K at ambient pressure. The bulk TC is further enhanced to 6.9 K in La1-xYxO at x = 0.10, where Y doping ",conv,synthesis,,
2507.02296,Symmetries of electron interactions in Hubbard models of unconventional superconductors,"We use symmetry arguments to show that the matrix elements of electron-electron interaction on a lattice reach extrema in states composed of wavevectors near high-symmetry points of the Brillouin zone. The mechanism is illustrated by minimal models of cuprates and Fe-based superconductors, where this dependence originates from the wavevector-dependent orbital composition of wavefunctions. We discuss how these dependences can facilitate finite-momentum pairing. Our results provide symmetry-based guidance for the search for new high-temperature superconductors.",conv,theory,,
2111.15017,Standard Superconductivity in Carbonaceous Sulfur Hydride,"The recently discovered room temperature superconductivity (RTSC) in carbonaceous sulfur hydride reveals the promise of a new superconducting technological era. Since the publication of that report, there has been discussion and debate about this technology. In particular, Hirsch et al. argue that all the recently discovered superconducting hydrides are incorrect, incorrectly interpreted, or point to BCS theory being wrong. A recent publication regarding the RTSC discovery argues that more detailed information about the RTSC discovery is needed. This manuscript aims to respond to this concern by providing the raw data under question as well as providing discussion regarding other aspects of ",conv,discovery,,
2504.15004,The compliance of the molecular hydride superconductor $BiH_4$ with the Migdal's theorem,"The discovery of near-room-temperature superconductivity in H3S sparked experimental and theoretical studies of highly compressed hydrides with the aim of obtaining room-temperature superconductivity. There are two dominant hydride classes where the search is ongoing: the first class is the covalently bonded hydrides (which is represented by H3S), and the second class is the clathrate-type hydrides (which is represented by LaH10, YH6, CaH6). Recently, the third class of superconducting hydrides, where the hydrogen remains its molecular form, has been discovered. This class is represented by BaH12 and BiH4. Here, we analyzed experimental data for the BaH12 and BiH4. We found that the BaH12 ex",conv,discovery,,
2202.04784,Characterization of photoinduced normal state through charge density wave in superconducting YBa$_2$Cu$_3$O$_{6.67}$,"The normal state of high-Tc cuprates has been considered one of the essential topics in high-temperature superconductivity research. However, compared to the high magnetic fields study of it, understanding a photoinduced normal state remains elusive. Here, we explore a photoinduced normal state of YBa$_2$Cu$_3$O$_{6.67}$ (YBCO) through a charge density wave (CDW) with time-resolved resonant soft x-ray scattering, as well as a high-magnetic field x-ray scattering. In the non-equilibrium state in which people predict a quenched superconducting state based on the previous optical spectroscopies, we experimentally observed a similar analogy to the competition between superconductivity and CDW sh",cuprate,characterization,,
2310.04040,Superconductivity induced by doping holes in the nodal-line semimetal NaAlGe,"The nodal-line semimetals NaAlSi and NaAlGe have significantly different ground states despite having similar electronic structures: NaAlSi exhibits superconductivity below 7 K, while NaAlGe exhibits semiconductive electrical conductivity at low temperatures, indicating the formation of a pseudogap at approximately 100 K. The origin of the pseudogap in NaAlGe is unknown but may be associated with excitonic instability. We investigated hole-doping effects on the ground state in the solid solution Na(Al1-xZnx)Ge and discovered that the pseudogap is suppressed continuously with increasing Zn content, followed by the appearance of a superconducting dome with the highest transition temperature of",cuprate,discovery,,
2406.08780,Mean Field Study of Superconductivity in the Square Lattice $t$-$J$ Model with Three-Site Hopping,"It remains an open question whether the two-dimensional single-band pure Hubbard model and its related pure $t$-$J$ model truly capture the superconducting order in cuprates. Recent numerical studies on this issue have raised a notable disparity in superconducting order between the pure Hubbard model and the pure $t$-$J$ model. Inspired by these, we investigate the role of the three-site hopping term in $d$-wave superconductivity, such a term is usually neglected in the effective Hamiltonian of the Hubbard model, though its amplitude is of the same order as the superexchange coupling $J$ in the $t$-$J$ model. Our slave-boson mean-field solution demonstrates the suppression of $d$-wave superc",cuprate,theory,,
2301.11951,Topological structures in unconventional scenario for 2D cuprates,"We introduce a minimal model to describe the charge degree of freedom in cuprates with the on-site Hilbert space reduced to only the three valence states CuO$_4^{7-,6-,5-}$ (nominally Cu$^{1+,2+,3+}$) and make use of the S=1 pseudospin formalism. The formalism constitutes a powerful method to study complex phenomena in interacting quantum systems characterized by the coexistence and competition of various ordered states. Overall, such a framework provides a simple and systematic methodology to predict and discover new kinds of orders. In particular, the pseudospin formalism provides the most effective way to describe different topological structures, in particular, due to a possibility of a ",cuprate,theory,,
2402.03238,Alternate cleavage structure and electronic inhomogeneity in Ca-doped YBa$_2$Cu$_3$O$_{7-δ}$,"YBa$_2$Cu$_3$O$_{7-δ}$ (YBCO) has favorable macroscopic superconducting properties of $T_\mathrm{c}$ up to 93 K and $H_{c2}$ up to 150 T. However, its nanoscale electronic structure remains mysterious because bulk-like electronic properties are not preserved near the surface of cleaved samples for easy access by local or surface-sensitive probes. It has been hypothesized that Ca-doping at the Y site could induce an alternate cleavage plane that mitigates this issue. We use scanning tunneling microscopy (STM) to study both Ca-free and 10% Ca-doped YBCO, and find that the Ca-doped samples do indeed cleave on an alternate plane, yielding a spatially-disordered partial (Y,Ca) layer. Our density ",cuprate,characterization,,
2506.21392,Visualization and manipulation of four-leaf clover-shaped electronic state in cuprate,"High-Tc superconductivity in cuprates arises from carrier doping of an antiferromagnetic Mott insulator. Associated with these changes are spectral-weight transfers from the high-energy to low-energy, giving rise to a variety of intriguing electronic phenomena. In this study, for the first time, we discovered a 2a0 sized four-leaf clover-shaped (FLC) electronic state at low-energy, accompanied with the emergence of a characteristic ""kink"" around 16meV. With increasing doping, the number of FLC pattern decreases and ultimately vanishes in the overdoped region. Remarkably, we achieved real-time electric-field manipulation of this FLC state, through innovative in-situ scanning tunneling microsc",cuprate,characterization,,
2601.17099,Detecting the full photoemission cone from laser-based ARPES experiments by leveraging deflector technology,"Angle-resolved photoemission spectroscopy (ARPES) provides a direct access to the electronic band structure of solid and molecular systems. The momentum range accessible by this technique depends directly on the photon energy used, and low-photon-energy sources are insufficient to photoemit electrons over the full Brillouin zone of most quantum materials. In addition, while electrons are emitted over a 2$π$ solid angle, conventional hemispherical analyzers only collect a small subset of those electrons. A previous work [RSI 92, 123907 (2021)] demonstrated that electrons emitted over a larger field-of-view can be acquired in one fixed configuration by accelerating them towards the analyzer wi",cuprate,characterization,,
2109.04279,Charge density waves and Fermi-surface reconstruction in the clean overdoped cuprate superconductor Tl2Ba2CuO6+x,"Hall effect and quantum oscillation measurements on high temperature cuprate superconductors show that underdoped compositions have a small Fermi surface pocket whereas when heavily overdoped, the pocket increases dramatically in size. The origin of this change in electronic structure has been unclear, but may be related to the high temperature superconductivity. Here we show that the clean overdoped single-layer cuprate Tl2Ba2CuO6+x (Tl2201) displays CDW order with a remarkably long correlation length $ξ\approx 200$ Å which disappears above a hole concentration p_CDW ~ 0.265. We show that the evolution of the electronic properties of Tl2201 as the doping is lowered may be explained by a Fer",cuprate,characterization,,
2309.05711,Thermal Hall Effect and Neutral Spinons in a Doped Mott Insulator,"In the pseudogap phase of the cuprate, a thermal Hall response of neutral objects has been recently detected experimentally, which continuously persists into the antiferromagnetic insulating phase. In this work, we study the transport properties of neutral spinons as the elementary excitation of a doped Mott insulator, which is governed by a mutual Chern-Simons topological gauge structure. We show that such a chiral spinon as a composite of an $S=1/2$ spin sitting at the core of a supercurrent vortex, can contribute to the thermal Hall effect, thermopower, and Hall effect due to its intrinsic transverse (cyclotron) motion under internal fictitious fluxes. In particular, the magnitudes of the",cuprate,characterization,,
2211.03083,Low-temperature T-linear resistivity in the strange metal phase of overdoped cuprate superconductors due to umklapp scattering from a spin excitation,"The strange-metal phase of overdoped cuprate superconductors exhibits a linear in temperature resistivity in the low temperature, however, the origin of this remarkable anomaly is still not well understood. Here the linear temperature dependence of the resistivity in the strange-metal phase of overdoped cuprate superconductors is investigated. The momentum dependence of the transport scattering rate arising from the umklapp scattering between electrons by the exchange of the spin excitations is derived and employed to calculate the resistivity by making use of the Boltzmann equation. It is shown that the resistivity is mainly dominated by the antinodal and nodal umklapp scattering. In partic",cuprate,characterization,,
2310.00128,Ultrafast Raman thermometry in driven YBa$_2$Cu$_3$O$_{6.48}$,"Signatures of photo-induced superconductivity have been reported in cuprate materials subjected to a coherent phonon drive. A 'cold' superfluid was extracted from the transient Terahertz conductivity and was seen to coexist with 'hot' uncondensed quasi-particles, a hallmark of a driven-dissipative system of which the interplay between coherent and incoherent responses are not well understood. Here, time resolved spontaneous Raman scattering was used to probe the lattice temperature in the photo-induced superconducting state of YBa2Cu3O6.48. An increase in lattice temperature of approximately 80 K was observed by measuring the time dependent Raman scattering intensity of an undriven 'spectato",cuprate,characterization,,
2303.15914,Characterization of harmonic modes and parasitic resonances in multi-mode superconducting coplanar resonators,"Planar superconducting microwave transmission line resonators can be operated at multiple harmonic resonance frequencies. This allows covering wide spectral regimes with high sensitivity, as it is desired e.g. for cryogenic microwave spectroscopy. A common complication of such experiments is the presence of undesired 'spurious' additional resonances, which are due to standing waves within the resonator substrate or housing box. Identifying the nature of individual resonances ('designed' vs. 'spurious') can become challenging for higher frequencies or if elements with unknown material properties are included, as is common for microwave spectroscopy. Here we discuss various experimental strate",device,application,,
2210.15293,Improving Josephson junction reproducibility for superconducting quantum circuits: junction area fluctuation,"Josephson superconducting qubits and parametric amplifiers are prominent examples of superconducting quantum circuits that have shown rapid progress in recent years. With the growing complexity of such devices, the requirements for reproducibility of their electrical properties across a chip have become stricter. Thus, the critical current $I_c$ variation of the Josephson junction, as the most important electrical parameter, needs to be minimized. Critical current, in turn, is related to normal-state resistance the Ambegaokar-Baratoff formula, which can be measured at room temperature. Here, we focus on the dominant source of Josephson junction critical current non-uniformity junction area v",device,application,,
2307.01853,Superconducting Non-Reciprocity Based on Time-Modulated Coupled-Resonator Systems,"We present a unified approach for designing a diverse range of superconducting non-reciprocal components, including circulators, isolators, and uni-directional amplifiers, based on temporally-modulated coupled resonator networks. Our method leverages standard SQUID-based resonators as building blocks, arranged in various configurations such as series-coupled, wye-connected, and lattice-coupled resonators, to realize a wide range of on-chip non-reciprocal devices. Our theoretical studies demonstrated the effectiveness of the proposed approach, achieving circulators and isolators with near-zero insertion losses and isolation greater than 20 dB, and directional amplifiers with forward gain exce",device,application,,
2607.11514,States dressing analysis in a transmon-transmon-bus system,"The multi-qubit gates fidelity of superconducting quantum processors can be limited due to the dressing of computational states by noncomputational ones. Here, we experimentally and analytically investigate a transmon-transmon-bus system where the computational states dressing is tunable over a broad range. We estimate the dressing using three methods: a full three-element model, an effective mode approach, and an unperturbed mode approach. The obtained results highlight the importance of the accurate estimation and control of the computational states dressing in order to optimize gates on superconducting platform.",device,application,,
2302.14316,Near-field localization of the boson peak on tantalum films for superconducting quantum devices,"Superconducting circuits are among the most advanced quantum computing technologies, however their performance is currently limited by losses found in surface oxides and disordered materials. Here, we identify and spatially localize a near-field signature of loss centers on tantalum films using terahertz scattering-type scanning near-field optical microscopy (s-SNOM). Making use of terahertz nanospectroscopy, we observe a localized excess vibrational mode around 0.5 THz and identify this resonance as the boson peak, a signature of amorphous materials. Grazing-incidence wide-angle x-ray scattering (GIWAXS) shows that oxides on freshly solvent-cleaned samples are amorphous, whereas crystalline",device,application,,
2204.05619,Measurements of Phase Dynamics in Planar Josephson Junctions and SQUIDs,"We experimentally investigate the stochastic phase dynamics of planar Josephson junctions (JJs) and superconducting quantum interference devices (SQUIDs) defined in epitaxial InAs/Al heterostructures, and characterized by a large ratio of Josephson energy to charging energy. We observe a crossover from a regime of macroscopic quantum tunneling to one of phase diffusion as a function of temperature, where the transition temperature $T^{*}$ is gate-tunable. The switching probability distributions are shown to be consistent with a small shunt capacitance and moderate damping, resulting in a switching current which is a small fraction of the critical current. Phase locking between two JJs leads ",device,application,,
2111.11684,Microscopic Theory of Magnetic Disorder-Induced Decoherence in Superconducting Nb Films,"The performance of superconducting qubits is orders of magnitude below what is expected from theoretical estimates based on the loss tangents of the constituent bulk materials. This has been attributed to the presence of uncontrolled surface oxides formed during fabrication which can introduce defects and impurities that create decoherence channels. Here, we develop an ab initio Shiba theory to investigate the microscopic origin of magnetic-induced decoherence in niobium thin film superconductors and the formation of native oxides. Our ab initio calculations encompass the roles of structural disorder, stoichiometry, and strain on the formation of decoherence-inducing local spin moments. With",device,application,,
2405.20911,"Josephson junctions, superconducting circuits, and qubit for quantum technologies","In the realm of physics, a pivotal moment occurred six decades ago when Brian Josephson made a groundbreaking prediction, setting in motion a series of events that would eventually earn him the prestigious Nobel Prize eleven years later. This prediction centered around what is now known as the Josephson effect, a phenomenon with far-reaching implications. At the heart of this effect lies the Josephson junction (JJ), a device that has become a linchpin in various scientific applications. This chapter delves into the foundational principles of the Josephson effect and the remarkable properties of JJs. From their role in metrology to their application in radiation detectors, these junctions hav",device,application,,
2608.05821,Quantum error correction with global control,"Reaching fault tolerance means scaling qubit counts by orders of magnitude, a jump that conventional superconducting architectures cannot sustain without solving the so-called `wiring problem'. Global control sidesteps this bottleneck, but implementing quantum error correction (QEC) on previously proposed global architectures incurs extremely steep overhead costs, due to the need for separate correction procedures for the computational and auxiliary qubits that comprise the global device. We resolve this by introducing the first globally-controlled architecture with zero qubit overhead. Every physical qubit is a computational qubit, and thus, every qubit is protected under a single error cor",device,application,,
2603.23400,A Zero-Bias Superconducting Voltage Amplifier Based on the Bipolar Thermoelectric Effect,"We introduce a zero-bias superconducting voltage amplifier that harvests energy from a thermal gradient by exploiting negative differential resistance (NDR) in an asymmetric tunnel junction. The device is based on an asymmetric superconductor-insulator-superconductor (SIS) junction with an energy-gap ratio of $Δ_1/Δ_2 = 0.5$, connected in series with a load resistor. Owing to the superconducting bipolar thermoelectric effect, the current-voltage characteristic of the junction exhibits a region of NDR, in which the net current flows opposite to the applied voltage. This mechanism enables voltage amplification in the absence of any external electrical bias, relying solely on the temperature di",device,application,,
2508.18626,Enhanced Algorithmic Perfect State Transfer on IBM Quantum Computers,"Perfect state transfer (PST) through a spin chain can be theoretically obtained via predesigned PST couplings. However, the corresponding experiment on IBM quantum computers demonstrates low transmission success probability (SP) due to noises. Using few qubits of their 127-qubit Eagle processors, we perform the simulation of algorithmic PST through an XY spin chain with PST couplings on ibm_sherbrooke and ibm_brisbane processors, alongside Qiskit simulations. The peak SP cannot reach 1 ($\sim$0.725 peak SP for N=4). We then propose a comprehensive noise model including Pauli errors, thermal relaxation ($T_1$) and dephasing ($T_2$), and ZZ crosstalk. Based on the experimental parameters provi",device,theory,,
2407.18610,Direct observation of quantum vortex fractionalization in multiband superconductors,"Magnetic field is expelled from a superconductor, unless it forms quantum vortices, consisting of a core singularity with current circulating around it. The London quantization condition implies that there is one core singularity per quantum of magnetic flux in single-component superconductors, while in multiband materials fractional vortices are possible. Here, we report the first observation of quantum vortex core fractionalization on the potassium terminated surface of multiband superconductor KFe2As2 by scanning tunneling microscopy. We observe splitting of an integer-flux vortex into several fractional vortices, leading to disparity between numbers of flux quanta and vortex cores. Our f",febased,characterization,,
2405.05893,Role of Vanadium-Oxide Layer in Electronic State of Sr$_2$VFeAsO$_{3-δ}$ with Oxygen Deficiency,"Iron-based superconductor Sr$_2$VFeAsO$_3$ is composed of alternate stacking of a superconducting FeAs layer and an insulating vanadium-oxide layer with a perovskite-type structure. Electronic orders stemming from the spin and orbital degrees of freedom of V $3d$ electrons can arise in the vanadium-oxide layer, but such orders have not been confirmed so far. Here, we systematically investigate the electronic state of Sr$_2$VFeAsO$_{3-δ}$ with oxygen deficiency and demonstrate the phase diagram of Sr$_2$VFeAsO$_{3-δ}$ as a function of the $c$-axis lattice parameter, which has turned out to be a suitable measure of the amount of oxygen deficiency. We found a magnetic and structural anomaly at ",febased,theory,,
2206.05757,Ubiquitous stripe phase and enhanced electron pairing in interfacial high-Tc superconductor FeSe/BaTiO$_3$,"Monolayer FeSe grown on SrTiO$_3$ provides a new playground for high-Tc superconductivity. A recent study shows the importance of stripy instability for superconductivity enhancement in FeSe/SrTiO3. However, it is still under debate whether such a stripe phase is ubiquitously bound to the interfacial superconductivity. Here, we report on molecular beam epitaxy growth and low-temperature scanning tunneling microscopy study of FeSe films on BaTiO$_3$(001). We find that the stripe phase is more prominent in FeSe/BaTiO$_3$. Long-range stripes exist in bilayer and triple-layer FeSe films at 4 K and even persist up to 77 K in the case of bilayer FeSe, with enlarged superconducting gaps upon alkali",febased,characterization,,
2312.00754,Measurements of nematic susceptibility with phase sensitive nuclear magnetic resonance in pulsed strain fields,"We present nuclear magnetic resonance data in BaFe$_2$As$_2$ in the presence of pulsed strain fields that are interleaved in time with the radiofrequency excitation pulses. In this approach, the precessing nuclear magnetization acquires a phase shift that is proportional to the strain and pulse time. The sensitivity in this approach is limited by the homogeneous decoherence time, $T_2$, rather than the inhomogeneous linewidth. We measure the nematic susceptibility as a function of temperature, and demonstrate three orders of magnitude improvement in sensitivity. This approach will enable studies of the strain response in a broad range of materials that previously were inaccessible due to inh",febased,characterization,,
2505.24847,Nematicity in iron pnictides: phase competition and emergent symmetry,"The phase diagram of iron-based superconductors contains a host of electronic orders, which are intimately connected with their superconductivity. Here we analyze the fluctuations of one type of nematic order in another. Our analysis leads to an emergent U(1) symmetry at a first-order transition between a nematic phase and a $C_4$-symmetric charge-ordered phase. We characterize the continuous symmetry in terms of a certain hidden Lie algebra that links the different orders. This emergent symmetry leads to a Goldstone mode at the transition and causes softening of excitations in the nematic and charge sectors near the transition. The underlying physics bears a resemblance to the anisotropic X",febased,characterization,,
2204.03496,Superconductivity in multiorbital systems with repulsive interactions: Hund's pairing vs. spin-fluctuation pairing,"Hund's pairing refers to Cooper pairing generated by onsite interactions that become attractive due to large Hund's exchange $J$. This is possible in multiorbital systems even when all local bare interactions are repulsive, since attraction in specific channels are given by certain linear combinations of interaction parameters. On the other hand, pairing processes such as the exchange of spin fluctuations, are also present. We compare these two mechanisms on an equal footing using electronic bands appropriate for different classes of multiorbital systems over a wide range of interaction parameters. We find that for systems without clear nesting features, the superconducting state generated b",febased,discovery,,
2602.23680,Intrinsic translational symmetry-breaking charge stripes in underdoped iron pnictides,"Despite being well established in cuprates, an intrinsic translational symmetry-breaking charge order has not been clearly identified in iron-based superconductors. Using spectroscopic-imaging scanning tunneling microscopy on epitaxial Ca(Fe1-xCox)2As2 (x = 0 ~ 0.055) thin films, we observe smectic, near-commensurate charge-stripe order in the underdoped regime that intervenes between the nematic parent phase and optimally doped superconductivity. Distinct from the bidirectional checkerboard-like order in cuprates, these charge stripes are unidirectional along the antiferromagnetic Fe-Fe bond direction and are accompanied by a van Hove singularity near the Fermi level, inherited from the Fer",febased,characterization,,
2412.16103,Local structure and phonon states mediated by intercalation-driven doping in superconducting $Li_{1.0}(C_5H_5N)_yFe_{2-z}Se_2$,"Intercalation of two-dimensional (2D) iron chalcogenides with molecular species requires disentangling electronic and structural contributions to understand the puzzling limit to superconducting transition temperature ($T_c$) at the frontier of long interlayer separations. Here, synchrotron X-ray absorption spectroscopy (XAS) at the Se K-edge sheds light on the impact of carrier-doping on the local structure of the high-$T_c$ (~39 K) $Li_{1.0}(C_5H_5N)_yFe_{2-z}Se_2$ phase. This material is derived by annealing the structurally related as-made derivative ($T_c$~ 44 K), with layers being primed apart by [alkali-molecule] guests. Metrics, such as, a reduced filling of Se $4p$ orbitals and shor",febased,synthesis,,
2510.19736,Point-contact Andreev reflection spectroscopy of layered superconductors with device-integrated diamond anvil cells,"Superconductors that can be mechanically exfoliated are an interesting platform for exploring superconducting properties tuned by layer thickness. These layered superconductors are also expected to exhibit sensitivity to applied pressure. While pressure has been demonstrated to be an effective way of tuning bulk superconductors, analogous studies on superconducting thin flakes have been limited due to technical challenges. In particular, spectroscopic measurements under pressure remain insufficiently explored. In this work, we functionalized the diamond anvil cell technique for point-contact Andreev reflection spectroscopy (PCAR) measurement on thin-flake materials under pressure, offering t",febased,characterization,,
2604.25500,Critical Role of Hydrogen in Unconventional Superconductors: The Case of Hydrogenated FeSe Layers,"Hydrogenation is known to tune superconductivity in a wide range of materials. While its microscopic role has been clarified in phonon-mediated superconductors such as hydrogenated MgB2, LaH10, and H3S, much less is known for hydrogenated cuprates and iron-based superconductors, where even the underlying structural motifs remain elusive. Using hydrogenated FeSe as a prototypical example, we reveal how hydrogen affects superconductivity in the presence of strong electronic correlations: correlation-induced orbital renormalization shifts hydrogen-derived spectral weight from the high-energy region toward the Fermi surface (FS), remarkably enhancing the electron-phonon coupling (EPC). We predic",febased,synthesis,,
2508.09063,Enhanced superconductivity in ultrathin FeSe films on SrTiO3 via resonant anti-shielding: Superconductivity meets superfluidity,"A vanishingly small dielectric function reflects a singular polarization response in a medium, leading to collective plasmonic or polaronic excitations that can enhance Cooper pairing in superconductors via a resonant anti-shielding (RAS) effect. Here, we show that RAS can explain the dramatic enhancement of superconductivity-relative to bulk FeSe, observed in single-unit-cell FeSe films on SrTiO$_3$ (STO) and related substrates. Moreover, we present evidence that RAS may play a central role in driving the Cooper pair condensate into a bipolaronic superfluid state. This interpretation aligns with a recent quantum Monte Carlo simulation by Zhang, et al. [Phys. Rev. X 13, 011010 (2023)], which",febased,characterization,,
2306.06996,On chip synchronization of Bloch oscillations in a strongly coupled pair of small Josephson junctions,"Bloch oscillations are a fundamental phenomenon linking the adiabatic transport of Cooper pairs to time. Here, we investigate synchronization of the Bloch oscillations in a strongly coupled system of sub-100 nm Al/AlOx/Al Josephson junctions in high-ohmic environment composed of highly inductive meanders of granulated aluminum and high-ohmic titanium microstrips. We observe a pronounced current mirror eff ect in the coupled junctions and demonstrate current plateaus, akin to the fi rst dual Shapiro step in microwave experiments. These fi ndings suggest that our circuit design holds promise for realizing protected Bloch oscillations and precise Shapiro steps of interest for current metrology.",general,characterization,,
2202.12178,Nonunitary Superconductivity in Complex Quantum Materials,"We present a comprehensive discussion on nonunitary superconductivity in complex quantum materials. Starting with a brief review of the notion of nonunitary superconductivity, we discuss its spectral signatures in simple models with only the spin as an internal degree of freedom. In complex materials with multiple internal degrees of freedom, there are many more possibilities for the development of nonunitary order parameters. We provide examples focusing on d-electron systems with two orbitals, applicable to a variety of materials. We discuss the consequences for the superconducting spectra, highlighting that gap openings of band crossings at finite energies can be attributed to a nonunitar",general,theory,,
2607.28776,Representations from Pretrained Machine-Learning Interatomic Potentials as Coarse Coordinates for Material Generation and Evaluation,"Generative machine learning is increasingly used for inorganic crystal structure generation. Most models and the corresponding evaluation approaches rely on simple forms of crystal structure representation. In this paper, we showcase the power of atom-averaged features from pretrained Machine-Learning Interatomic Potentials (MLIPs), such as MACE, for such tasks. We first introduce a distance measure that assesses the output of material generative models by capturing both quality and novelty in a single distribution-based evaluation framework. In particular, we introduce the Coarse-Fine Transport Distance (CFTD) using two different featurizers, where the quality component is based on coarse M",general,abinitio,,
2602.18469,The Landscape of AI in Science Education: What is Changing and How to Respond,"This introductory chapter explores the transformative role of artificial intelligence (AI) in reshaping the landscape of science education. Positioned at the intersection of tradition and innovation, AI is altering educational goals, procedures, learning materials, assessment practices, and desired outcomes. We highlight how AI-supported tools, such as intelligent tutoring systems, adaptive learning platforms, automated feedback, and generative content creation--enhance personalization, efficiency, and equity while fostering competencies essential for an AI-driven society, including critical thinking, creativity, and interdisciplinary collaboration. At the same time, this chapter examines th",general,discovery,,
2212.06866,Diode effects in current-biased Josephson junctions,"Current-biased Josephson junctions exhibit hysteretic transitions between dissipative and superconducting states as characterized by switching and retrapping currents. Here, we develop a theory for diode-like effects in the switching and retrapping currents of weakly-damped Josephson junctions. We find that while the diode-like behavior of switching currents is rooted in asymmetric current-phase relations, nonreciprocal retrapping currents originate in asymmetric quasiparticle currents. These different origins also imply distinctly different symmetry requirements. We illustrate our results by a microscopic model for junctions involving a single magnetic atom. Our theory provides significant ",general,theory,,
2606.02622,On the Detection of Curl-Free Gauge Fields,"In quantum theory, electromagnetic gauge fields enter directly into the phase evolution of the wavefunction and can even influence quantum systems in regions where the associated electric and magnetic fields vanish. The Aharonov-Bohm effect demonstrates that such gauge fields produce observable consequences when a coherent quantum system encloses magnetic flux along a doubly connected path. This has led to the widespread view that curl-free gauge fields are undetectable in simply connected systems, giving rise to a form of topological blindness. Here we show that this conclusion is not fundamental. During nonequilibrium processes, collective quantum systems can develop transient responses to",general,theory,,
2308.01061,Link between supercurrent diode and anomalous Josephson effect revealed by gate-controlled interferometry,"In Josephson diodes the asymmetry between positive and negative current branch of the current-phase relation leads to a polarity-dependent critical current and Josephson inductance. The supercurrent nonreciprocity can be described as a consequence of the anomalous Josephson effect -- a $\varphi_0$-shift of the current-phase relation -- in multichannel ballistic junctions with strong spin-orbit interaction. In this work, we simultaneously investigate $\varphi_0$-shift and supercurrent diode efficiency on the same Josephson junction by means of a superconducting quantum interferometer. By electrostatic gating, we reveal a direct link between $\varphi_0$-shift and diode effect. Our findings sho",general,synthesis,,
2309.04359,Irreversible entropy transport enhanced by fermionic superfluidity,"The nature of particle and entropy flow between two superfluids is often understood in terms of reversible flow carried by an entropy-free, macroscopic wavefunction. While this wavefunction is responsible for many intriguing properties of superfluids and superconductors, its interplay with excitations in non-equilibrium situations is less understood. Here, we observe large concurrent flows of both particles and entropy through a ballistic channel connecting two strongly interacting fermionic superfluids. Both currents respond nonlinearly to chemical potential and temperature biases. We find that the entropy transported per particle is much larger than the prediction of superfluid hydrodynami",general,theory,,
2607.20990,LivePhys: Transforming Static Physics Problems into Interactive Simulations via a Scan-to-Play Framework,"Physics problems in textbooks are typically presented as static diagrams accompanied by brief textual descriptions, requiring learners to infer dynamic physical behaviors through mental visualization. This process often imposes high cognitive demands and limits learners' ability to form accurate mental models. In this paper, we present \textbf{LivePhys}, a framework that enables a \emph{Scan-to-Play} paradigm for mechanics learning by transforming static textbook physics problems into executable, interactive simulations. LivePhys decouples multimodal perception from physics-aware reasoning and deterministic simulation. Given a problem diagram and its accompanying text, LivePhys performs text",general,discovery,,
2608.19712,Internal cyclotron probe of the vertical polarizability of a surface-state electron on helium,"We study a surface-state electron on liquid helium in a tilted magnetic field. The tilt couples the cyclotron ladder to the vertical Rydberg-like subbands of the same electron and thereby realizes a self-coupled Landau-subband Hamiltonian. In the far-detuned regime, the cyclotron line acquires a state-dependent shift described by standard second-order perturbation theory. The resulting expression identifies the cyclotron resonance as a direct probe of the dynamical polarizability of the vertical ladder. The theory is intrinsically multilevel. Exact diagonalization confirms a broad microwave window in which sizable state-dependent cyclotron shifts are expected while the system remains dispers",general,theory,,
2110.13899,Quantum Coherent States of Interacting Bose-Fermi Mixtures in One Dimension,"We study two-component atomic gas mixtures in one dimension involving both bosons and fermions. When the inter-species interaction is attractive, we report a rich variety of coherent ground-state phases that vary with the intrinsic and relative strength of the interactions. We avoid any artifacts of lattice discretization by developing a novel implementation of a continuous matrix product state ansatz for mixtures and priorly demonstrate the validity of our approach on the integrable point that exists for mixtures with equal masses and interactions (Lai-Yang model) where we find that the ansatz correctly and systematically converges towards the exact results.",general,theory,,
2608.12586,Thermal Hall tomography of chiral superconductivity in rhombohedral graphene,"A chiral superconductor carries chiral Majorana modes along its edges, and a single integer, the Bogoliubov--de Gennes Chern number, counts them. Thirty years of candidate materials have not yielded a measurement of that integer, because the magnetic signatures usually invoked are not topologically protected. Rhombohedral graphene makes the question both urgent and answerable: magnetic imaging resolves rewritable time-reversal-breaking domains inside the superconducting phase, while quantum oscillations reveal a normal state too intricate to reconstruct pocket by pocket. We show that the low-temperature thermal Hall conductance returns the integer directly, with no such reconstruction. For b",lowd,characterization,,
2503.06850,Engineering Andreev Bound States for Thermal Sensing in Proximity Josephson Junctions,"The thermal response of proximity Josephson junctions (JJs) is governed by the temperature ($T$)-dependent occupation of Andreev bound states (ABS), making them promising candidates for sensitive thermal detection. In this study, we systematically engineer ABS to enhance the thermal sensitivity of the critical current ($I_c$) of proximity JJs, quantified as $|\,dI_c/dT\,|$ for the threshold readout scheme and $|\,dI_c/dT \cdot I_c^{-1}\,|$ for the inductive readout scheme. Using a gate-tunable graphene-based JJ platform, we explore the impact of key parameters -- including channel length, transparency, carrier density, and superconducting material -- on the thermal response. Our results reve",lowd,application,,
2404.09909,Double-dome Unconventional Superconductivity in Twisted Trilayer Graphene,"Graphene moiré systems are ideal environments for investigating complex phase diagrams and gaining fundamental insights into the mechanisms underlying exotic states of matter, as they permit controlled manipulation of electronic properties. Magic-angle twisted trilayer graphene (MATTG) has emerged as a key platform to explore moiré superconductivity, owing to the robustness of its superconducting order and the displacement-field tunability of its energy bands. Recent measurements strongly suggest that superconductivity in MATTG is unconventional. Here, we report the first direct observation of double-dome superconductivity in MATTG. The temperature, magnetic field, and bias current dependenc",lowd,characterization,,
2406.13742,Superfluid stiffness of twisted multilayer graphene superconductors,"The robustness of the macroscopic quantum nature of a superconductor can be characterized by the superfluid stiffness, $ρ_s$, a quantity that describes the energy required to vary the phase of the macroscopic quantum wave function. In unconventional superconductors, such as cuprates, the low-temperature behavior of $ρ_s$ drastically differs from that of conventional superconductors due to quasiparticle excitations from gapless points (nodes) in momentum space. Intensive research on the recently discovered magic-angle twisted graphene family has revealed, in addition to superconducting states, strongly correlated electronic states associated with spontaneously broken symmetries, inviting the ",lowd,theory,,
2403.07504,Two-dimensional phase diagram of the charge density wave in doped CsV$_3$Sb$_5$,"Kagome superconductors AV$_3$Sb$_5$ (A = K, Rb and Cs) have attracted much recent attention due to the coexistence of multiple exotic orders. Among them, the charge density wave (CDW) order has been shown to host various unconventional behaviors. Here, we investigate the CDW order by a combination of both bulk and surface doping methods. While element substitutions in bulk doping change both carriers and the crystal lattice, the surface doping primarily tunes the carrier concentration. As such, our results reveal a two-dimensional phase diagram of the CDW in doped CsV$_3$Sb$_5$. In the lightly bulk doped regime, the existence of CDW order is reversible by tuning the carrier concentration. Bu",lowd,theory,,
2409.19265,Coexistence of ferroelectricity and superconductivity in a two-dimensional monolayer,"The coupling of ferroelectricity (FE) and superconductivity (SC) becomes the frontier of condensed matter research recently especially in the realm of two-dimensional (2D) materials. Identifying a general strategy to realize coexistence of FE and SC in a single material is extremely important for this active field, but quite challenging thus far. We show in this work that coexistence of robust FE and metallicity/SC can be realized by hole-doping a ferroelectric insulator which hosts antibonding highest valence bands (HVB). Using typical 2D ferroelecrtic SnS monolayer as a concrete example, we demonstrate that 0.30 hole/cell doping leads to enhancement of total polarization mainly ascribed to",lowd,application,,
2406.03013,Enhancing Critical Current Density in Thin Superconductor Layers by Moiré Pinning Centers,"One important factor affecting the critical current density in type-II superconductors is the formation of artificial pinning centers. Hence, the engineering of pinning centers in superconducting systems has garnered considerable attention. In this study, the effect of moiré patterned pinning centers on the critical current density of superconducting tapes is investigated. The Langevin equation is solved by taking into account the prominent forces within the superconductor medium, using the appropriate boundary conditions for vortices. The vortices dynamics are investigated by performing molecular dynamics simulations, which are used to calculate the corresponding critical current densities.",lowd,application,,
2308.10530,Displacement-field-tunable superconductivity in an inversion-symmetric twisted van der Waals heterostructure,"We investigate the superconducting properties of inversion-symmetric twisted trilayer graphene by considering different parent states, including spin-singlet, triplet, and SO(4) degenerate states, with or without nodal points. By placing transition metal dichalcogenide layers above and below twisted trilayer graphene, spin-orbit coupling is induced in TTLG and, due to inversion symmetry, the spin-orbit coupling does not spin-split the bands. The application of a displacement field ($D_0$) breaks the inversion symmetry and creates spin-splitting. We analyze the evolution of the superconducting order parameters in response to the combined spin-orbit coupling and $D_0$-induced spin-splitting. U",lowd,theory,,
2406.17036,Superconductivity from spin-canting fluctuations in rhombohedral graphene,"Rhombohedral graphene multilayers host various broken-symmetry metallic phases as well as superconductors whose pairing mechanism and order parameter symmetry remain unsettled. Strikingly, experiments have revealed prominent new superconducting regions in rhombohedral bilayer and trilayer graphene devices with proximity-induced Ising spin-orbit coupling. We propose that these superconductors descend from a common spin-canted normal state that spontaneously breaks a U(1) spin symmetry and thus supports soft magnon modes. In particular, we show that these soft modes can mediate pairing through inter-band scattering events that are symmetry-forbidden in the absence of spin-orbit coupling, thus ",lowd,theory,,
2510.09363,Superconductivity in the repulsive Hubbard model on different geometries induced by density-assisted hopping,"We study the effect of density-assisted hopping on different dimerized lattice geometries, such as bilayers and ladder structures. We show analytically that the density-assisted hopping induces an attractive interaction in the lower (bonding) band of the dimer structure and a repulsion in the upper (anti-bonding) band. Overcoming the onsite repulsion, this can lead to the appearance of superconductivity with a pairing structure more complex than s-wave pairing. Combining numerical and analytical methods such as the matrix product states ansatz, bosonization and perturbative calculations we map out the phase diagram of the two-leg ladder system and identify its superconducting phase. We chara",lowd,theory,,
2201.05211,Coexistence of Multiple Stacking Charge Density Waves in Kagome Superconductor ${\mathrm{CsV}}_3{\mathrm{Sb}}_5$,"The recently discovered Kagome family ${\mathrm{AV}}_3{\mathrm{Sb}}_5$ (A = K, Rb, Cs) exhibits rich physical phenomena, including non-trivial topological electronic structure, giant anomalous Hall effect, charge density waves (CDW) and superconductivity. Notably, CDW in ${\mathrm{AV}}_3{\mathrm{Sb}}_5$ is evidenced to intertwine with its superconductivity and topology, but its nature remains elusive. Here, we combine x-ray scattering experiments and density-functional theory calculations to investigate the CDWs in ${\mathrm{CsV}}_3{\mathrm{Sb}}_5$ and demonstrate the coexistence of 2 $\times$ 2 $\times$ 2 and 2 $\times$ 2 $\times$ 4 CDW stacking phases. Competition between these CDW phases ",lowd,characterization,,
2508.18107,Preparation and optimization of high-temperature superconducting Ruddlesden-Popper nickelate thin films,"The discovery of ambient-pressure nickelate high-temperature superconductivity provides a new platform for probing the underlying superconducting mechanisms. However, the thermodynamic metastability of Ruddlesden-Popper nickelates Lnn+1NinO3n+1 (Ln = lanthanide) presents significant challenges in achieving precise control over their structure and oxygen stoichiometry. This study establishes a systematic approach for growing phase-pure, high-quality Ln3Ni2O7 thin films on LaAlO3 and SrLaAlO4 substrates using gigantic-oxidative atomic-layer-by-layer epitaxy. The films grown under an ultrastrong oxidizing ozone atmosphere are superconducting without further post annealing. Specifically, the opt",nickelate,synthesis,,
2501.14584,Bulk superconductivity up to 96 K in pressurized nickelate single crystals,"Recently, the Ruddlesden-Popper bilayer nickelate $La_3Ni_2O_7$ has emerged as a superconductor with a transition temperature ($T_c$) of approximately 80 K above 14 GPa (Refs. 1-3). Achieving higher $T_c$ in nickelate superconductors, along with the synthesis of reproducible high-quality single crystals without relying on high-oxygen-pressure growth conditions, remains a significant challenge$^{[4-7]}$. Here we report superconductivity up to 96 K under high pressure in bilayer nickelate single crystals synthesized at ambient pressure. Energy-dispersive spectroscopy, single-crystal X-ray diffraction, nuclear quadrupole resonance and scanning transmission electron microscopy evidenced high cry",nickelate,characterization,,
2201.06950,Antiferromagnetic fluctuations and a dominant $d_{xy}$-wave pairing symmetry in nickelate-based superconductors,"Motivated by recent experimental studies on superconductivity found in nickelate-based materials, we study the temperature dependence of the spin correlation and the superconducting pairing interaction within an effective two-band Hubbard model by the quantum Monte Carlo method. Based on parameters extracted from first-principles calculations, our intensive numerical results reveal that the pairing with a $d_{xy}$-wave symmetry firmly dominates over other pairings at low temperature, which is mainly determined by the Ni 3$d$ orbital. It is also found that the effective pairing interaction is enhanced as the on-site interaction increases, demonstrating that the superconductivity is driven by ",nickelate,theory,,
2512.23630,"Strain-tuned structural, electronic, and superconducting properties of thin-film La$_3$Ni$_2$O$_7$","The recent discovery of high-temperature superconductivity in La$_3$Ni$_2$O$_7$ under ambient-pressure in strained thin films raises the question of how superconductivity can be optimized through strain. In this work, we investigate the strain-dependent electronic structure and superconducting transition temperature ($T_c$) of La$_3$Ni$_2$O$_7$ using density functional theory combined with random phase approximation spin-fluctuation calculations. We find that biaxial strain acts as a tuning parameter for Fermi surface topology and magnetic correlations. Large tensile strain drives a Lifshitz transition characterized by a $d_{z^2}$ band crossing, leading to a sharp increase in the density of ",nickelate,synthesis,,
2404.19678,Density-wave-like gap evolution in La$_3$Ni$_2$O$_7$ under high pressure revealed by ultrafast optical spectroscopy,"Density wave (DW) order is believed to be correlated with superconductivity in the recently discovered high-temperature superconductor La$_3$Ni$_2$O$_7$. However, experimental investigations of its evolution under high pressure are still lacking. Here, we explore the quasiparticle dynamics in bilayer nickelate La$_3$Ni$_2$O$_7$ single crystals using ultrafast optical pump-probe spectroscopy under high pressures up to 34.2 GPa. At ambient pressure, the temperature-dependent relaxation dynamics demonstrate a phonon bottleneck effect due to the opening of an energy gap around 151 K. The energy scale of the DW-like gap is determined to be 66 meV by the Rothwarf-Taylor model. Combined with recent",nickelate,characterization,,
2511.15265,Identifying the structure of La3Ni2O7 in the pressurized superconducting state,"The crystal structure of La3Ni2O7 in its high-pressure superconducting state has been the subject of intense debate, with conflicting reports proposing orthorhombic (Amam or Fmmm) and tetragonal (I4/mmm) symmetries. Here, using high-pressure Raman spectroscopy down to 3 K, we resolve this controversy by tracking the structural evolution of La3Ni2O7 up to 32.7 GPa. Leveraging rigorous symmetry-based selection rules, we identify a single structural transition from the orthorhombic Amam phase to the Fmmm phase at ~14.5 GPa, signaled by a profound phonon renormalization. Crucially, the persistence of D2h symmetry across the transition rules out the tetragonal I4/mmm phase in the superconducting ",nickelate,characterization,,
2307.02950,Electronic correlations and partial gap in the bilayer nickelate La$_{3}$Ni$_{2}$O$_{7}$,"The discovery of superconductivity with a critical temperature of about 80~K in La$_{3}$Ni$_{2}$O$_{7}$ single crystals under pressure has received enormous attention. La$_{3}$Ni$_{2}$O$_{7}$ is not superconducting under ambient pressure but exhibits a transition at $T^{\ast} \simeq 115$~K. Understanding the electronic correlations and charge dynamics is an important step towards the origin of superconductivity and other instabilities. Here, our optical study shows that La$_{3}$Ni$_{2}$O$_{7}$ features strong electronic correlations which significantly reduce the electron's kinetic energy and place this system in the proximity of the Mott phase. The low-frequency optical conductivity reveals",nickelate,characterization,,
2509.20727,Distinct orbital contributions to electronic and magnetic structures in La$_{4}$Ni$_{3}$O$_{10}$,"High-T$_c$ superconductivity has recently been discovered in Ruddlesden-Popper phase nickelates under pressure, where the low-energy electronic structure is dominated by Ni $d_{x^2 - y^2}$ and $d_{z^2}$ orbitals. However, the respective roles of these orbitals in superconductivity remain unclear. Here, by combining X-ray absorption, electron energy loss spectroscopy, and density functional theory calculations on La$_{4}$Ni$_{3}$O$_{10}$ single crystals, we identify ligand holes in the $p_{x,y}$ orbitals of planar oxygen and the $p_z$ orbitals of apical oxygen, which hybridize with the Ni $d_{x^2-y^2}$ and $d_{z^2}$ orbitals, respectively. These ligand holes enable orbital-selective O K-edge ",nickelate,characterization,,
2605.20653,Pressure-induced superconductivity in epitaxially-stabilized Pr$_3$Ni$_2$O$_7$ films,"The discovery of high critical-temperature $T_{\mathrm{c}}$ superconductivity in La$_3$Ni$_2$O$_7$ under high pressure has led to a rapid expansion of the $T_{\mathrm{c}}$ range through lanthanide $Ln$ substitution, and to ambient-pressure superconductivity in strained thin films, yet the exploration of new bilayer nickelates remains strongly constrained by thermodynamic stability. Beyond the difficulty of synthesis of bulk single-crystals, here we report on the pressure-induced high-$T_{\mathrm{c}}$ superconductivity in epitaxially-stabilized Pr$_3$Ni$_2$O$_7$ thin films. While the Pr$_3$Ni$_2$O$_7$ films exhibit insulating behaviour at ambient pressure regardless of ozone-annealing treatme",nickelate,synthesis,,
2601.07710,From perovskite to infinite-layer nickelates: hole concentration from x-ray absorption,"The difficulty of determining cation concentrations and oxygen stoichiometry in infinite-layer nickelate thin films has so far prevented clear experimental identification of the nickel electron configuration in the superconducting phase. We used soft x-ray absorption spectroscopy to study the successive changes in PrNiO$_x$ thin films at various intermediate stages of topotactic reduction with $x=2-3$. By comparing the Ni-$L$ edge spectra to single and double cluster ligand-field calculations, we find that none of our samples exhibit a pure $d^9$ configuration. Our quantitative analysis using the charge sum rule shows that even when films are maximally reduced, the averaged number of nickel ",nickelate,characterization,,
2306.07837,Effective bi-layer model Hamiltonian and density-matrix renormalization group study for the high-Tc superconductivity in La$_{3}$Ni$_{2}$O$_{7}$ under high pressure,"High-Tc superconductivity with possible $T_{c}\approx 80K$ has been reported in the single crystal of $\text{La}_{3}\text{Ni}_{2}\text{O}_{7}$ under high pressure. Based on the electronic structure given from the density functional theory calculations, we propose an effective bi-layer model Hamiltonian including both $3d_{z^{2}}$ and $3d_{x^{2}-y^{2}}$ orbital electrons of the nickel cations. The main feature of the model is that the $3d_{z^{2}}$ electrons form inter-layer $σ$-bonding and anti-bonding bands via the apical oxygen anions between the two layers, while the $3d_{x^{2}-y^{2}}$ electrons hybridize with the $3d_{z^{2}}$ electrons within each NiO$_2$ plane. The chemical potential dif",nickelate,theory,,
2410.21710,Spin phase regulated spin Josephson supercurrent in topological superconductor,"Without applied bias voltage, a superconducting phase difference can drive a charge Josephson supercurrent in a superconductor junction. In analogy, we here theoretically propose a spin phase that intrinsically generates spin Josephson supercurrent, and this spin Josephson effect is studied in a junction of superconducting nanowire (SNW). We show that spin-orbit coupling and magnetic field give rise to spin-triplet superconductivity in the SNW, thus allow the superfluid of both charge and spin. Next we introduce the concept of spin phase that can be generated by controls of spin current, magnetic field or electric field. By the analysis of pairing correlations and Ginzburg-Landau-type theory",topo,theory,,
2205.07397,Topological Superconductivity in Sn/Si(111) driven by non-local Coulomb interactions,"Superconductivity was recently observed in boron-doped ($\sqrt{3}\times\sqrt{3}$)Sn/Si(111). The material can be described by an extended Hubbard model on a triangular lattice. Here, we use the random-phase approximation to investigate the charge and spin fluctuations as well as the superconducting properties of the system with respect to filling and the relative strength of the extended versus the on-site Hubbard interactions. Our calculations reveal that near half-filling and weak extended Hubbard interactions, the superconducting ground state exhibits chiral $d$-wave pairing. Far from half-filling and for stronger nearest-neighbor Coulomb interactions, the system shows chiral $p$-wave (ho",topo,theory,,
2208.09609,Topological superconductivity in a topological insulator,"Topological superconductivity is an exotic quantum phenomenon with coupled nontrivial topological order and superconductivity together. A direct idea for producing topological superconductors is to create superconductivity based on the well recognized topological insulators. The topological insulating states in highly efficient thermoelectric materials Bi$_2$Te$_3$ and Bi$_2$Se$_3$ and their alloy Bi$_{2}$Te$_{3-x}$Se$_{x}$ have been established from angle-resolved photoemission and transport experiments. Superconductivity was also observed based on these popular topological insulators by the application of pressure chemical dopant and heterostructures. However, the experiments mainly focusi",topo,characterization,,
2603.07638,Signatures of Topological Superconductivity and Josephson Diode Effects on the Magnetocurrent-Phase Relation of Planar Josephson Junctions,"We present a theoretical study of proximitized planar Josephson junctions (JJs) with Rashba spin-orbit coupling (SOC) subject to an in-plane magnetic field and demonstrate that the magneto-current-phase relation (magneto-CPR) provides a powerful and unified probe of their microscopic and topological properties. By analyzing the full phase and Zeeman-field dependence of the supercurrent, we show that magneto-CPR measurements allow one to reconstruct the ground-state phase that minimizes the system's free energy in the absence of phase bias. This reconstructed phase generally displays 0-pi-like transitions as a function of the Zeeman energy, and we demonstrate that the magnitudes of the associ",topo,characterization,,
2606.07983,Equilibrium spin currents in altermagnet junctions: Josephson-like and anomalous transport,"Altermagnets (AMs) offer a compelling platform for exploring novel spin-dependent phenomena in materials with zero net macroscopic magnetization. In this work, we theoretically investigate the emergence of equilibrium spin currents (ESCs) in two-dimensional AM heterostructures using a tight-binding lattice model. We first study an AM-normal metal-AM (AM-NM-AM) junction and demonstrate that the $σ_y$-polarized ESC exhibits a characteristic Josephson-like behavior, fundamentally governed by the relative angle ($θ$) between the Néel vectors of the two AMs pointing in $xz$-plane. Crucially, we show that replacing the central normal metal with a $p$-wave magnet (PM) induces an anomalous ESC. Anal",topo,theory,,
2601.05123,A First-principles Study of Weyl Nodal Loop and Multiple Sets of Weyl Points in Trigonal PtBi$_2$,"Coexistence of surface superconductivity and Fermi arcs in trigonal $γ$-PtBi$_2$ has recently attracted attention for possible realization of topological superconductivity. The Fermi arcs on the two different (0001) surface terminations have been associated with the set of Weyl points just above the Fermi energy (E$_F$). Here using first-principles calculations to explore the band crossings over the full Brillouin zone between the nominally highest valence and lowest conduction bands in $γ$-PtBi$_2$, we find a Weyl nodal loop (WNL) and multiple sets of Weyl points (WPs). The main difference between the two reported experimental structural parameters is the magnitude of Bi-layer buckling. Whi",topo,abinitio,,
2308.10780,Superfluid weight in the isolated band limit within the generalized random phase approximation,"The superfluid weight of a generic lattice model with attractive Hubbard interaction is computed analytically in the isolated band limit within the generalized random phase approximation. Time-reversal symmetry, spin rotational symmetry, and the uniform pairing condition are assumed. It is found that the relation obtained in [https://link.aps.org/doi/10.1103/PhysRevB.106.014518] between the superfluid weight in the flat band limit and the so-called minimal quantum metric is valid even at the level of the generalized random phase approximation. For an isolated, but not necessarily flat, band it is found that the correction to the superfluid weight obtained from the generalized random phase ap",topo,theory,,
2401.02408,Proposal for Majorana Modes without a Magnetic Field in a semiconductor-superconductor sandwich structures,"We propose a planar Josephson junction setup to host Majorana modes where the semiconductor is sandwiched between superconductors on both surfaces. While the studied configuration is related to both devices proposed for use with topological insulators as well as other proposals for Majorana modes without applied magnetic fields, we find that placing the superconductor on both surfaces allows us to replace the topological insulator by a wider variety of spin-orbit coupled semiconductors. Application of an electric field in the junction together with appropriate superconducting phase differences allows different Fermi surfaces to be subject to different phase differences. We find that these co",topo,theory,,
2608.09207,Exchange-induced suppression of superconductivity in a nano-skyrmion lattice - superconductor hybrid,"Engineered magnet-superconductor hybrids have recently been identified as promising platforms for the investigation of topological superconductivity. Beyond ferro- and antiferromagnetic structures, coupling non-collinear spin textures, such as skyrmion lattices, to superconductors offers an exciting route for creating and manipulating unconventional superconducting states. In this work, by preparing monolayer Fe on Ir(111) thin films grown epitaxially on a Nb(110) surface, we realize a hybrid system of a nano-skyrmion lattice proximitized to a superconducting substrate. Scanning tunneling spectroscopy shows that superconductivity becomes suppressed by the Fe nano-skyrmion lattice, with both ",topo,synthesis,,
2608.19312,Interferometric Signatures of Zero Modes in Fractional Quantum Hall-Superconductor Heterostructures,"Fractional quantum Hall-superconductor (FQH-SC) heterostructures are predicted to host defect-bound parafermion zero modes (PZMs). We propose two related configurations to probe their fusion structure. In a Josephson junction coupled to a single quantum point contact (QPC), quasiparticle tunneling switches the defect fusion channel, producing stochastic transitions between branches of the fractional Josephson spectrum. Embedding the junction in a two-QPC Fabry-Pérot interferometer provides a complementary probe. Weak zero mode tunneling produces fusion-channel-dependent interference while strong tunneling makes the interferometer probe a superposition of fusion channels and strongly suppress",topo,characterization,,
2509.18441,Magnetic penetration depth in topological superconductors: Effect of Majorana surface states and application for UTe$_2$,"In this study, we examine how orbital degrees of freedom and Majorana surface states influence the magnetic penetration depth in the superconductor UTe$_2$. Using a two-orbital model, we analyze pairing states belonging to the irreducible representations of the $D_{2h}$ crystal symmetry: $A_u$, $B_{1u}$, $B_{2u}$, and $B_{3u}$. For bulk nodal states such as $B_{2u}$, we find that the penetration depth for screening currents along the antinodal direction and the cylindrical axis scales as $T^2$, in strong contrast to the conventional $T^4$ law. This behavior originates from quasiparticles near the point nodes contributing to the interorbital paramagnetic current. We further show that Majorana",topo,characterization,,
2111.05235,Quantum oscillations in Noncentrosymmetric Weyl semimetals RAlSi (R = Sm and Ce),"Weyl semimetal (WSM) as a new type of quantum state of matter hosting low energy relativistic quasiparticles, has attracted significant attention for both scientific community and potential quantum device applications. Here, we report a comprehensive investigation of the structural, magnetic and transport properties of noncentrosymmetric RAlSi (R = Sm, Ce), which have been predicted to be new magnetic WSM candidates. Both samples exhibit non-saturated magnetoresistance (MR), with ~ 900% for SmAlSi and 80% for CeAlSi at 1.8 K, 9 T. The carrier densities of SmAlSi and CeAlSi display remarkable change around magnetic transition temperatures, signifying that the electronic states are sensitive t",unconv_other,characterization,,
2112.11240,"Quasi-point versus point nodes in $Sr_2RuO_4$, the case of a flat tight binding $γ$ sheet","We perform a numerical study of the unitary regime as a function of disorder concentration in the imaginary part of the elastic scattering cross-section for the compound $Sr_2RuO_4$ in the flat band non-disperse limit. By using a self-consistent tight-binding (TB) method, we find a couple of families of Wigner probabilistic functions that help to explain macroscopically the distribution between Fermion dressed quasiparticles and Cooper pairs, and also the position of nodes in the order parameter for $Sr_2RuO_4$. Therefore, we are able to show that a TB model for the $γ$ sheet numerically shows 4 point nodes in a flat $γ$ sheet limit or 4 quasi-point nodes for strong dispersion $γ$ sheet limi",unconv_other,theory,,
2207.11180,Higher angular momentum pairing states in Sr$_2$RuO$_4$ in the presence of longer-range interactions,"The superconducting symmetry of Sr$_2$RuO$_4$ remains a puzzle. Time-reversal symmetry breaking $d_{x^2-y^2} + ig_{xy(x^2-y^2)}$ pairing has been proposed for reconciling multiple key experiments. However, its stability remains unclear. In this work, we theoretically study the superconducting instabilities in Sr$_2$RuO$_4$, including the effects of spin-orbit coupling (SOC), in the presence of both local and longer-range interactions within a random phase approximation. We show that the inclusion of second nearest neighbor repulsions, together with non-local SOC in the $B_{2g}$ channel or orbital-anisotropy of the non-local interactions, can have a significant impact on the stability of both",unconv_other,characterization,,
2308.05267,Absence of superconductivity in electron-doped chromium pnictides ThCrAsN$_{1-x}$O$_x$,"Theoretical studies predicted possible superconductivity in electron-doped chromium pnictides isostructural to their iron counterparts. Here, we report the synthesis and characterization of a new ZrCuSiAs-type Cr-based compound ThCrAsN, as well as its oxygen-doped variants. All samples of ThCrAsN$_{1-x}$O$_x$ show metallic conduction, but no superconductivity is observed above 30 mK even though the oxygen substitution reaches 75\%. The magnetic structure of ThCrAsN is determined to be G-type antiferromagnetic by magnetization measurements and first-principles calculations jointly. The calculations also indicate that the in-plane Cr--Cr direct interaction of ThCrAsN is robust against the heav",unconv_other,characterization,,
2209.14310,Multiband mean-field theory of the $d+ig$ superconductivity scenario in Sr$_2$RuO$_4$,"Many seemingly contradictory experimental findings concerning the superconducting state in Sr$_2$RuO$_4$ can be accounted for on the basis of a conjectured accidental degeneracy between two patterns of pairing that are unrelated to each other under the $(D_{4h})$ symmetry of the crystal: a $d_{x^2-y^2}$-wave $(B_{1g})$ and a $g_{xy(x^2-y^2)}$-wave $(A_{2g})$ superconducting state. In this paper, we propose a generic multi-band model in which the $g$-wave pairing involving the $xz$ and $yz$ orbitals arises from second-nearest-neighbor interactions. Even if time-reversal symmetry is broken in a $d+ig$ state, such a superconductor remains gapless with a Bogoliubov Fermi surface that approximate",unconv_other,theory,,
2502.06420,Odd-parity superconductivity underpinned by antiferromagnetism in heavy fermion metal YbRh$_2$Si$_2$,"Topological superconductors are essential elements of the periodic table of topological quantum matter. However, the relevant odd-parity spin-triplet superconductors are rare. We report high-resolution measurements of the complex electrical impedance of YbRh$_2$Si$_2$ down to 0.4 mK, that reveal the presence of several superconducting states, suppressed differently by magnetic field, both Pauli-limited and beyond the Pauli limit. Superconductivity is abruptly switched off at the critical field of the primary antiferromagnetic order. The onset of electro-nuclear spin density wave order enhances the superconductivity, which we account for by the simultaneous formation of a spin-triplet pair de",unconv_other,characterization,,
2601.09138,Vanishing Phase Stiffness and Fluctuation-Dominated Superconductivity: Evidence for Inter-Band Pairing in UTe$_2$,"Superconductivity in three dimensions is almost universally governed by Ginzburg-Landau mean field theory, with critical fluctuations typically confined to within a few percent of the transition temperature ($T_{\rm c}$). We report that the heavy-Fermion superconductor UTe$_2$ exhibits a fluctuation regime that extends over a temperature range as wide as $T_{\rm c}$ itself -- the largest observed for any three-dimensional superconductor. Through ultrasound measurements of the elastic moduli and sound attenuation, we find that UTe$_2$ transitions from a mean-field-like state at ambient pressure to a fluctuation dominated state at higher pressures. This regime is marked by elastic softening an",unconv_other,theory,,
2111.06228,The Superconductivity of Sr$_2$RuO$_4$ Under $c$-Axis Uniaxial Stress,"Applying in-plane uniaxial pressure to strongly correlated low-dimensional systems has been shown to tune the electronic structure dramatically. For example, the unconventional superconductor Sr$_2$RuO$_4$ can be tuned through a single Van Hove singularity which results in a strong enhancement of both $T_\text{c}$ and $H_\text{c2}$. Out-of-plane ($c$ axis) uniaxial pressure is expected to tune the quasi-two-dimensional structure even more strongly, causing it to approach two Van Hove singularities simultaneously. Here we achieve a record value of $3.2$ GPa compression along the $c$ axis of Sr$_2$RuO$_4$. Although the rise in $H_\text{c2}$ shows that we are indeed approaching the van Hove poi",unconv_other,characterization,,
2304.13697,Proximity-induced superconductivity in a 2D Kondo lattice of an f-electron-based surface alloy,"Realizing hybrids of low-dimensional Kondo lattices and superconducting substrates leads to fascinating platforms for studying the exciting physics of strongly correlated electron systems with induced superconducting pairing. Here, we report a scanning tunneling microscopy and spectroscopy study of a new type of two-dimensional (2D) La-Ce alloy grown epitaxially on a superconducting Re(0001) substrate. We observe the characteristic spectroscopic signature of a hybridization gap evidencing the coherent spin screening in the 2D Kondo lattice realized by the ultrathin La-Ce alloy film on normal conducting Re(0001). Upon lowering the temperature below the critical temperature of rhenium, a super",unconv_other,characterization,,
2208.08180,Counterpart of the Chandrasekhar-Kendall state in noncentrosymmetric superconductors,"We demonstrate that superconductors with broken inversion symmetry support a family of stable, spatially localized configurations of the self-knotted magnetic field. These solutions, that we term ``toroflux,'' are the superconducting counterparts of the Chandrasekhar-Kendall states (spheromaks) that appear in highly conducting, force-free astrophysical and nuclear-fusion plasmas. The superconducting torofluxes are solutions of superconducting models, in the presence of a parity-breaking Lifshitz invariant associated with the $O$ point-group symmetry. These solutions are characterized by a non-vanishing helicity of the magnetic field, and also by a toroidal dipole moment of the magnetic field",unconv_other,theory,,
2210.02136,Surface State of Inter-orbital Pairing State in Sr$_2$RuO$_4$ Superconductor,"We study the (001) surface state of a recently proposed $E_g$ symmetry inter-orbital-odd spin-triplet s-wave superconducting (SC) state in Sr$_2$RuO$_4$ (SRO). We confirm that this pair potential is transformed into a chiral $d$-wave pair potential and a pseudo-Zeeman field in the band basis for a low-energy range. Due to the chiral $d$-wave pair potential, the surface states appear near zero energy in the momentum range enclosed by the nodal lines of the chiral d-wave pair potential for each band at the (001) surface. Nevertheless, the pseudo-Zeeman field gives band splitting of the surface states, and its splitting energy is much smaller than the SC energy gap. The local density of states ",unconv_other,theory,,
2308.07345,Metallic states in Pb$_{10}$(PO$_4$)$_6$O induced by the Cu/O-insertions and carrier doping,"The reports of room-temperature superconductivity in Cu-doped Pb-apatite draw intense interests and debates. Herein, based on the density functional theory, we show that the Cu-insertion in Pb-apatite is thermodynamically stable and further carrier doping can convert the system CuPb$_{10}$(PO$_4$)$_6$O into metal. The electric conduction is mainly along the one-dimensional (1D) Cu-O chains in the c-axis (out-of-plane). The calculated conductance along the c-axis is larger than the in-plane ones by 2 magnitude orders, indicating the 1D conduction behavior. Moreover, the 1D Cu-O chain is an anti-ferromagnetic Mott insulator at zero-doping point due to the super-exchange. Further electron/hole-",cuprate,abinitio,,
2207.12443,Superconducting transition temperature of the Bose one-component plasma,"We present results of first principle numerical simulations of the Bose one-component plasma, i.e., a Bose gas with pairwise Coulomb interactions among particles and a uniform neutralizing background. We compute the superconducting transition temperature for a wide range of densities, in two and three dimensions, for both continuous and lattice versions of the model. Our results are of direct relevance to quantitative studies of bipolaron mechanisms of (high-temperature) superconductivity.",general,abinitio,,
2201.07403,Effects of anisotropy and disorder on the superconducting properties of Niobium,"We report results for the superconducting transition temperature and anisotropic energy gap for pure Niobium based on Eliashberg's equations and electron and phonon band structures computed from density functional theory. The electronic band structure is used to construct the Fermi surface and calculate the Fermi velocity at each point on the Fermi surface.The phonon bands are in excellent agreement with inelastic neutron scattering data. The corresponding phonon density of states and electron-phonon coupling define the electron-phonon spectral function, $α^2F({\bf p},{\bf p}';ω)$, and the corresponding electron-phonon pairing interaction, which is the basis for computing the superconducting",conv,abinitio,,
2308.03454,Metallization and Spin Fluctuations in Cu-doped Lead Apatite,"An electronic structure and magnetic properties analysis of the recently proposed Cu-doped lead apatite is performed. We show that electronic structures of differently Cu-substituted structures are characterized by localized molecular Cu-O bands at or near the Fermi level. The Cu substitutions can happen at both Pb1 and Pb2 sites, leading to metallic and semiconducting states differently. The electronic states in these bands are highly unstable magnetically and form clusters of rigidly ferromagnetically coupled magnetic moments on Cu and neighboring oxygen atoms with a total moment of about 1 $μ_B$. The ground state of uniformly Cu-doped lead apatite appears to be magnetic and semiconducting",general,abinitio,,
2605.08885,Compact SO(3) Equivariant Atomistic Foundation Models via Structural Pruning,"SO(3) equivariant graph neural networks have become the dominant paradigm for atomistic foundation models, achieving high accuracy and data efficiency by building rotational symmetry directly into the architecture. Yet the computational cost of their higher-order tensor operations creates a tough trade-off between model accuracy and inference efficiency. In this paper, we propose a structural pruning method for SO(3) equivariant atomistic foundation models to bridge this accuracy-efficiency gap. The pruning is applied along the channel and order dimensions, with each irreducible representation kept or removed as a complete block, thereby retaining SO(3) equivariance. Starting from a large ch",general,abinitio,,
2606.07184,Multiband superconductivity in the kagome-lattice superconductor Re2Zr,"We present a first-principles investigation of the electronic structure, lattice dynamics, electron-phonon coupling, and superconducting properties of the hexagonal kagome-lattice compound Re$_2$Zr, in which time-reversal symmetry breaking and unconventional pairing have recently been proposed. We examine whether superconductivity in Re$_2$Zr can be explained within a conventional phonon-mediated framework by performing fully ab initio calculations within the density functional theory for superconductors. The electronic structure is characterized by a mixture of seven two- and three-dimensional Fermi surface sheets, giving rise to multiband superconductivity with many overlapping superconduc",lowd,abinitio,,
2502.12252,Roadmap to fault tolerant quantum computation using topological qubit arrays,"We describe a concrete device roadmap towards a fault-tolerant quantum computing architecture based on noise-resilient, topologically protected Majorana-based qubits. Our roadmap encompasses four generations of devices: a single-qubit device that enables a measurement-based qubit benchmarking protocol; a two-qubit device that uses measurement-based braiding to perform single-qubit Clifford operations; an eight-qubit device that can be used to show an improvement of a two-qubit operation when performed on logical qubits rather than directly on physical qubits; and a topological qubit array supporting lattice surgery demonstrations on two logical qubits. Devices that enable this path require a",device,application,,
2607.07569,"Pressure-induced Structural Phase Transition, Metallization, and Superconductivity in layered metalloid dichalcogenide 1T-SiTe$_2$","Layered transition-metal dichalcogenides (TMDs) have attracted considerable attention as promising platforms for exploring emergent physics and potential device applications. In contrast, metalloid-based dichalcogenide counterparts remain largely underexplored. Here, we report the pressure-induced structural phase transition, metallization, and superconductivity in the layered metalloid dichalcogenide 1T-SiTe$_2$. At ambient pressure, 1T-SiTe$_2$ crystallizes in a trigonal crystal structure (space group: $P\bar{3}m1$) and exhibits intrinsic semiconducting transport characteristics. Upon pressurization, in concomitant with the suppression of semiconducting behavior in resistance, superconduct",lowd,application,,
2608.15911,Identification and electrothermal modeling of persistent current switch operating regimes in a Siemens MRI magnet using external electrical measurements,"The persistent current switch (PCS) closes the superconducting loop of an MRI magnet. During ramping it is commonly treated as a binary element: with the heater on, the PCS branch is assumed effectively open; after heater turn-off, it is assumed superconducting. Field measurements with an MPS2 service power supply (Digit Systems) on a Siemens MAGNETOM Avanto show that the PCS remains electrically active and that its resistive state can persist after heater turn-off through Joule self-heating. Dedicated maneuvers identified two resistive regimes. With the heater on, the low-voltage resistance is nearly constant; after heater turn-off, self-heating produces a power-law voltage dependence. Both",general,application,,
2212.02657,Superconducting diode from flux biased Josephson junction arrays,"We propose a realization of the superconducting diode effect in flux biased superconducting circuits of Josephson junctions. So far the observation of the superconducting diode effect has been limited to rather exotic material platforms. In theoretical proposals, it relied on a non-sinusoidal form of the current phase relation of Josephson junctions. Here, we show how the diode effect can be engineered in superconducting circuits without any such requirements. The only necessary ingredients are standard sinusoidal Josephson junctions and flux bias lines that are readily available in scalable industrial silicon-chip based superconducting design processes.",device,application,,
2509.22593,Investigation of Parasitic Two-Level Systems in Merged-Element Transmon Qubits,"In conventional transmon qubits, decoherence is dominated by a large number of parasitic two-level systems (TLS) residing at the edges of its large area coplanar shunt capacitor and junction leads. Avoiding these defects by improvements in design, fabrication and materials proved to be a significant challenge that so far led to limited progress. The merged-element transmon qubit (''mergemon''), a recently proposed paradigm shift in transmon design, attempts to address these issues by engineering the Josephson junction to act as its own shunt capacitor. With its energy mostly confined within the junctions, efforts required to improve qubit coherence can be concentrated on the junction barrier",device,application,,
2407.17988,Braiding Induced by Finite-Size Effect in One-Dimensional Topological Superconductors,"We investigate the transport properties of Majorana zero mode (MZM) and Majorana Kramers pair (MKP) in one-dimensional topological superconductors, respectively. An effective model is established for braiding of MZMs and MKPs. We employ the $d_{x^{2}-y^{2}}$-wave topological superconductors to embody the effective model for braiding of MKPs by utilizing finite-size effects and locally tunable coupling parameters. We show how to construct the state initialization and readout via gate control. We also use this method for braiding MZMs in s-wave topological superconductors. Our proposal presents a promising avenue for experimentally verifying the non-Abelian statistical properties of MZMs and M",topo,application,,
2403.17737,Dirac Dispersions and Fermi Surface Nesting in LaCuSb$_{2}$,"LaCuSb$_{2}$ is a superconductor with a transition temperature of about $T_\text{c} = 0.9$K and is a potential platform where Dirac fermions can be experimentally observed. In this paper, we report systematic high-resolution studies of its electronic structure using the angle-resolved photoemission spectroscopy (ARPES) technique supported by the DFT calculation. The Fermi surface consists of four branches, of which the two inner ones are more 3-dimensional and the theoretical calculations reproduce well the experiment. We observe several linear dispersions forming Dirac-like structures. The nodal lines are present in the system along ${\text{M}}$-${\text{A}}$ and ${\text{X}}$-${\text{R}}$ an",general,characterization,,
2311.04170,Buckyballs directly probe inter-valley coherence in moire heterostructures,"Moire materials like twisted bilayer graphene have emerged as a rich playground of strongly correlated physics, where the effect of interactions can be drastically enhanced by tuning the non-interacting density of states via twist angle. A key feature of bilayer graphene at small twist angles is that the two valleys of graphene are effectively decoupled at the non-interacting level, leading to an emergent U(1) symmetry corresponding to the conservation of valley-charge. Theoretical studies invariably find that short-ranged interactions tend to break this symmetry, leading to inter-valley coherence (IVC). Here, I propose an experimental signature of IVC order by coupling with a closely relate",lowd,characterization,,
2409.09836,Enhancing superconducting transition temperature of lanthanum superhydride by increasing hydrogen vacancy concentration,"Various clathrate superhydride superconductors have been found to possess hydrogen deficiency in experimental samples, while their impacts on superconductivity are often neglected. In this study, we investigate the superconductivity of lanthanum superhydride with hydrogen deficiency (LaH$_{10-δ}$) from first principles using path-integral approaches. Under the effects of thermal and quantum fluctuations, hydrogen vacancies are found to diffuse within the system, leading to modifications in ion vibrations, electronic structure and electron-phonon coupling. These changes result in a non-monotonic dependence of superconducting transition temperature ($T_c$) on the vacancy concentration ($δ$). B",conv,characterization,,
2305.17823,First Order Reversal Curve Analysis on Superconductors,"The magnetometric technique of First Order Reversal Curve (FORC) analysis, applicable to hysteretic systems, is introduced to the study of superconducting samples. Some typical superconducting structures in FORC diagram are identified, and the reversible and irreversible components are isolated, allowing the identification of typical magnetic features for superconductors and therefore extending the usefulness of the technique to more complex systems like hybrid S/N, S/F, and spin valves by improving the characterization of interactions among the components.",general,characterization,,
2302.05115,"Unidirectional electron-phonon coupling as a ""fingerprint'' of the nematic state in a kagome superconductor","Electronic nematicity has been commonly observed in juxtaposition with unconventional superconductivity. Understanding the nature of the nematic state, as well as its consequence on the electronic band structure and superconductivity, has become a pivotal focus in condensed matter physics. Here we use spectroscopic imaging-scanning tunneling microscopy to visualize how the interacting quasiparticles organize themselves in the nematic state of kagome superconductor CsV$_{3-x}$Ti$_x$Sb$_5$, in which twofold symmetric (C$_2$) quasiparticle scattering interference of the vanadium kagome bands emerges below the bulk nematic transition temperature (T$_{nem}$). Surprisingly, we find that the coupli",lowd,characterization,,
2402.12933,Enhancement of the critical current by surface irregularities in Fe-based superconductors,"The critical current $I_c$ of single crystals of the iron pnictide superconductor BaFe$_2$(As$_{1-x}$P$_x$)$_2$, has been studied through measurements of magnetic hysteresis cycles. We show that the introduction of surface irregularities in the $μ$m scale significantly increase $I_c$, primarily near the irreversibility magnetic field $H_{irr}$, where the surface currents are the main contribution to $I_c$. Such an increase is consistent with a theoretical estimate for the maximum non-dissipative current that a rough surface can sustain, based on Mathieu-Simon continuum theory for the vortex state.",febased,characterization,,
2204.05930,Room Temperature Superconductivity: the Roles of Theory and Materials Design,"For half a century after the discovery of superconductivity, materials exploration for better superconductors proceeded without knowledge of the underlying mechanism. The 1957 BCS theory cleared that up: the superconducting state occurs due to pairing of electrons over the Fermi surface. Over the following half century higher critical temperature T$_c$ was achieved only serendipitously as new materials were synthesized. Meanwhile the formal theory of phonon-coupled superconductivity at the material-dependent level became highly developed: given a known compound, its value of T$_c$, the superconducting gap function, and several other properties of the superconducting state became available in",conv,discovery,,
2311.08212,Observation of high-temperature superconductivity in the high-pressure tetragonal phase of La2PrNi2O7-δ,"The recent discovery of high-temperature superconductivity in the Ruddlesden-Popper phase La3Ni2O7 under high pressure marks a significant breakthrough in the field of 3d transition-metal oxide superconductors. For an emerging novel class of high-Tc superconductors, it is crucial to find more analogous superconducting materials with a dedicated effort toward broadening the scope of nickelate superconductors. Here, we report on the observation of high-Tc superconductivity in the high-pressure tetragonal I4/mmm phase of La2PrNi2O7 above ~10 GPa, which is distinct from the reported orthorhombic Fmmm phase of La3Ni2O7 above 14 GPa. For La2PrNi2O7, the onset and the zero-resistance temperatures o",nickelate,discovery,,
2602.21533,Reasoning-Driven Design of Single Atom Catalysts via a Multi-Agent Large Language Model Framework,"Large language models (LLMs) are becoming increasingly applied beyond natural language processing, demonstrating strong capabilities in complex scientific tasks that traditionally require human expertise. This progress has extended into materials discovery, where LLMs introduce a new paradigm by leveraging reasoning and in-context learning, capabilities absent from conventional machine learning approaches. Here, we present a Multi-Agent-based Electrocatalyst Search Through Reasoning and Optimization (MAESTRO) framework in which multiple LLMs with specialized roles collaboratively discover high-performance single atom catalysts for the oxygen reduction reaction. Within an autonomous design lo",general,discovery,,
2205.15004,"As-Li electrides under high pressure: superconductivity, plastic, and superionic states","Inorganic electrides are a new class of compounds catering to the interest of scientists due to the multiple usages exhibited by interstitial electrons in the lattice. However, the influence of the shape and distribution of interstitial electrons on physical properties and new forms of physical states are still unknown. In this work, crystal structure search algorithms are employed to explore the possibility of forming new electrides in the As-Li system, where interstitial electrons behave as 1D electron chains (1D electride) in Pmmm phase of AsLi$_7$ and transform into 0D electron clusters (0D electride) in P6/mmm phase at 80 GPa. The P6/mmm phase has relatively high superconductivity at 15",conv,discovery,,
2405.03680,AtomGPT: Atomistic Generative Pre-trained Transformer for Forward and Inverse Materials Design,"Large language models (LLMs) such as generative pretrained transformers (GPTs) have shown potential for various commercial applications, but their applicability for materials design remains underexplored. In this article, we introduce AtomGPT, a model specifically developed for materials design based on transformer architectures, to demonstrate the capability for both atomistic property prediction and structure generation. We show that a combination of chemical and structural text descriptions can efficiently predict material properties with accuracy comparable to graph neural network models, including formation energies, electronic bandgaps from two different methods and superconducting tra",general,discovery,,
2407.06061,Superconductivity up to 14.2 K in MnB$_4$ under pressure,"The discovery of superconductivity in 3$d$-transition metal compounds with strong magnetism is interesting but rare. Especially for Mn-based compounds, there exist only very limited materials that show superconductivity. Here, we report the discovery of superconductivity up to 14.2 K in a Mn-based material MnB$_4$. By applying high pressures, we found the continuous suppression of a weak insulating behavior and the occurrence of superconductivity after about 30 GPa. With further increasing pressure, $T_\text{c}$ is gradually enhanced and reaches the maximum value of about 14.2 K at 150 GPa with a Fermi-Liquid behavior in the normal states. The synchrotron X-ray diffraction data reveal the un",conv,discovery,,
2205.07679,Development of homogeneous and high-performance REBCO bulks with flexibility in shapes by the single-direction melt growth (SDMG) method,"We have developed a single-direction melt growth method in which REBCO melt-textured bulks grow only vertically from a seed plate utilizing the difference in peritectic temperatures of REBCO. Entirely c-grown YBCO, DyBCO and GdBCO bulks with various sizes and shapes were successfully fabricated with high reproducibility. Disk-shaped bulks showed high trapped fields with almost concentric field distributions, reflecting homogeneous and boundaryless bulky crystal. In particular, a YBCO bulk with a 32 mm diameter trapped a high field more than 1 T at 77 K. Furthermore, rectangular and joined hexagonal REBCO bulks were successfully fabricated, showing designed field-trapping distributions reflec",device,synthesis,,
2512.01826,Fabrication and Properties of NbN/NbNx/NbN and Nb/NbNx/Nb Josephson Junctions,"Increasing integration scale of superconductor electronics (SCE) requires employing kinetic inductors and self-shunted Josephson junctions (JJs) for miniaturizing inductors and JJs. We have been developing a ten-superconductor-layer planarized fabrication process with NbN kinetic inductors and searching for suitable self-shunted JJs to potentially replace high Josephson critical current density, Jc, Nb/Al-AlOx/Nb junctions. We report on the fabrication and electrical properties of NbN/NbNx/NbN junctions produced by reactive sputtering in Ar+N2 mixture on 200-mm wafers at 200 oC and incorporated into a planarized process with two Nb ground planes and Nb wiring layer. Here NbN is a stoichiomet",conv,synthesis,,
2212.08651,Dynamical vortex transitions in a gate-tunable Josephson junction array,"We explore vortex dynamics in a two-dimensional Josephson junction array of micron-size superconducting islands fabricated from an epitaxial Al/InAs superconductor-semiconductor heterostructure, with a global top gate controlling Josephson coupling and vortex pinning strength. With applied dc current, minima of differential resistance undergo a transition, becoming local maxima at integer and half-integer flux quanta per plaquette, $f$. The zero-field transition from the superconducting phase is split, but unsplit for the anomalous metal phase, suggesting that pinned vortices are absent or sparse in the superconducting phase, and abundant but frozen in the anomalous metal. The onset of the t",topo,synthesis,,
2212.02132,Proximity effect in PbTe-Pb hybrid nanowire Josephson junctions,"Semiconductor-superconductor hybrid nanowires are a leading material platform for the realization of Majorana zero modes. The semiconductors in previous studies are dominantly InAs or InSb. In this work, we show the induced superconductivity in a PbTe nanowire epitaxially coupled to a superconductor Pb. The Josephson junction device based on this hybrid reveals a gate-tunable supercurrent in the open regime and a hard superconducting gap in the tunneling regime. By demonstrating the superconducting proximity effect, our result can enable Majorana searches and other applications like gate-tunable qubits in a new semiconductor system.",conv,synthesis,,
2308.00714,Superconducting Polycrystalline Rhenium Films Deposited at Room Temperature,"We report on magnetron deposition of thin superconducting rhenium films on sapphire substrates. During the deposition, substrates were held at ambient temperature. Critical temperature of the films is Tc~3.6 K. Films have polycrystalline structure, and grazing incidence X-ray diffractometry indicates that crystalline lattice parameters are somewhat larger compared to the bulk ones. Magnetoresistive and AC/DC susceptibilities allowed us to determine $H_{c1}$ and $H_{c2}$ of these films, as well as estimate coherence length $ξ$(0) and magnetic penetration depth $λ_L$(0). We also provide information on surface morphology of these films.",general,synthesis,,
2512.20242,Effect of Underlayer Induced Charge Carrier Substitution on the Superconductivity of Ti40V60 Alloy Thin Films,"The influence of metallic and semiconducting (V, Al, and Si) under-layer induced charge carrier substitution on the superconducting properties of the Ti40V60 alloy thin films are studied and also compared with a pristine reference film without any under-layer. All the films exhibit metallic behavior in the normal state and a superconducting transition at low temperatures, where the superconducting transition temperature is tunable between 4.77 K and 5.73 K. Hall measurements on the films reveal that the under-layer strongly affects the charge carrier type and density, leading to a correlation between increasing carrier concentration and decreasing TC. The Si under-layer introduces the highes",general,synthesis,,
2505.03370,Effective Field Theory of Superconductivity,"A field theory of a Schrödinger type complex scalar field of Cooper pair, a U(1) gauge field of electromagnetism, and a neutral scalar field of gapless acoustic phonon is proposed for superconductivity of s-waves. Presence of the gapless neutral scalar field is justified as low energy residual acoustic phonon degrees in the context of effective field theory. The critical coupling of quartic self-interaction of complex scalar field is computed from a 1-loop level interaction balance between the repulsion mediated by massive degree of the U(1) gauge field and the attraction mediated by massive Higgs degree, in the static limit. The obtained net attraction or repulsion in perturbative regime ma",conv,theory,,
2510.06313,Superconductivity of Incoherent Electrons near the Relativistic Mott Transition in Twisted Dirac Materials,"We demonstrate that superconductivity driven by strong quantum-critical fluctuations can emerge near relativistic Mott transitions in twisted two-dimensional materials, taking on a remarkably rich character. In twisted double-bilayer WSe$_2$, all time-reversal-even, gap-opening collective modes promote pairing, whereas time-reversal-odd modes do not. In a Dirac model of twisted bilayer graphene, the Gross-Neveu transition into inter-valley-coherent insulators gives rise to a spectrum of degenerate and nearly degenerate superconducting states. More generally, we show that the richer the Dirac structure, the more readily pairs can form. A crucial ingredient of the theory is that critical fluct",lowd,theory,,
2206.01783,Odd-frequency pairing and time-reversal symmetry breaking for repulsive interactions,"We study the pairing of fermions by an interaction consisting of a Hubbard repulsion, mimicking a screened Coulomb potential, and a dynamical phonon-mediated attraction. For such interaction, the gap equation allows even- and odd-frequency solutions $Δ_e$ and $Δ_o$. We show that odd-frequency pairing does not develop within the Eliashberg approximation due to over-critical pair-breaking from the self-energy. When vertex corrections are included, the pairing interaction gets stronger, and $Δ_o$ can develop. We argue that even in this case keeping the self-energy is still a must as it cancels out the thermal piece in the gap equation. We further argue that $Δ_o$ is not affected by Hubbard repu",conv,theory,,
2504.20695,Inhomogeneous phase stiffness in two-dimensional $s$-wave disordered superconductors,"We investigate the effect of white-noise disorder on the local phase stiffness and thermodynamic properties of a two-dimensional $s$-wave superconductor. Starting from a local attractive model and using path-integral formalism, we derive an effective action by decoupling the superconducting order parameter into amplitude and phase components in a gauge-invariant manner. Perturbative techniques are applied to the phase fluctuation sector to derive an effective phase-only XY model for disordered superconducting systems. Solving the saddle-point Green's function using Bogoliubov-de Gennes theory, we calculate the distributions of nearest-neighbor couplings for various disorder strengths. A sing",general,theory,,
2505.02793,Coexistence of Nodal and Nodeless Pairing Symmetry in Superconducting 6R-SnNbSe2,"Majorana fermions, a fundamental idea to fault-tolerant quantum computing, can emerge in systems where superconductivity coexists with nontrivial band topology. One promising route to realizing such topological superconductors (TSCs) involves inducing superconductivity in topological materials, particularly in systems lacking inversion symmetry. In this study, we report the synthesis and detailed characterization of Sn-intercalated NbSe2, forming a new polytype, 6R-SnNbSe2. This compound crystallizes in the non-centrosymmetric space group R3m and exhibits bulk superconductivity below Tc around 4 K. Structural, electronic, and magnetic measurements confirm the emergence of a superconducting p",lowd,theory,,
2512.18636,$p$-wave superconductivity and Josephson current in $p$-wave unconventional magnet/$s$-wave superconductor hybrid systems,"We study the surface density of states in $p$-wave unconventional magnet-spin-singlet $s$-wave superconductor hybrid systems ($p$-wave unconventional magnetic superconductors). Owing to the noncollinear spin structure in $p$-wave unconventional magnets, the spin-singlet $s$-wave pair potential behaves as the spin-triplet $p$-wave superconductivity. As a result, zero-energy flat bands can emerge at the edge. Analyzing the pair amplitude at the edge, odd-frequency spin-triplet even-parity pairing is induced in the presence of zero-energy flat bands, while even-frequency spin-singlet even-parity remains. We also demonstrate the Josephson current in superconducting junctions with $p$-wave unconv",general,theory,,
2205.07506,Enhanced $2π$-periodic Aharonov-Bohm Effect as a Signature of Majorana Zero Modes Probed by Nonlocal Measurements,"We propose the $2π$-periodic Aharonov-Bohm (AB) effect as a nonlocal probe of Majorana zero modes (MZMs) without the restriction of fermion parity. We demonstrate the enhancement of the AB effect, where the topological protection of MZMs yields amplified and robust Andreev reflection mediated by MZMs at multiple superconductor-normal metal junctions. We investigate the influence of trivial bound states and show that a nonlocal index enables a more explicit distinction between the trivial and topological bound states than local probes.",topo,characterization,,
2411.00313,Optical absorption activated by an ultrashort half-cycle pulse in metallic and superconducting states of the Hubbard model,"The development of high-intensity ultrashort laser pulses unlocks the potential of pump-probe spectroscopy in sub-femtosecond timescale. Notably, subcycle pump pulses can generate electronic states unreachable by conventional multicycle pulses, leading to a phenomenon that we refer to as subcycle-pulse engineering. In this study, we employ the time-dependent density-matrix renormalization group method to unveil the transient absorption spectra of superconducting and metallic states in nearly half-filled one-dimensional and two-dimensional Hubbard models excited by an ultrashort half-cycle pulse, which can induce a current with inversion-symmetry breaking. In a superconducting state realized ",general,theory,,
2607.06430,Instabilities of Fermi Liquids with Arbitrary Forward Scattering: Exact Approach,"In this work, we consider $N$-fold degenerate $D$-dimensional electron gas with spherical Fermi surface and arbitrary forward-scattering density-density interaction transferring small momentum compared to the Fermi momentum $k_{\mathrm{F}}$. The dimensional reduction that is mathematically equivalent to the Haldane patch construction and similar multidimensional bosonization techniques, provides a natural map of two-point $D$-dimensional correlation functions (fermion Green function, susceptibilities etc.) onto effective one-dimensional (1D) correlators with the same diagrammatic structure, which can be evaluated exactly within a 1D bosonizable (Gaussian) theory. We then apply this formalism",general,theory,,
2510.20804,Anomalous Hall effect in rhombohedral graphene,"Motivated by recent experiments on rhombohedral stacked multilayer graphene and the observation of the anomalous Hall effect in a spontaneous spin-valley polarized quarter metal state, we calculate the anomalous Hall conductivity for this system in the presence of two types of impurities: weak and dense as well as sparse and strong. Our calculation of $σ_{xy}$ is based on the Kubo-Streda diagrammatic approach. In a model with Gaussian disorder applicable to weak dense impurities, this involves all non-crossing diagrams (intrinsic, side-jump and Gaussian skew-scattering contributions) and additionally diagrams with two intersecting impurities, X and $Ψ$, representing diffractive skew-scatteri",lowd,characterization,,
2210.03549,Colloquium: Spin-orbit effects in superconducting hybrid structures,"Spin-orbit coupling (SOC) relates to the interaction between an electron's motion and its spin, and is ubiquitous in solid-state systems. Although the effect of SOC in normal-state phenomena has been extensively studied, its role in superconducting hybrid structures and devices opens many unexplored questions. In conjunction with broken symmetries and material inhomogeneities within superconducting hybrid structures, SOC may have additional contributions, beyond its effects in homogenous materials. Remarkably, even with well-established magnetic or nonmagnetic materials and conventional s-wave spin-singlet superconductors, SOC leads to emergent phenomena including equal-spin triplet pairing ",topo,application,,
2402.12740,Molten Salt Flux Liquid Transport Method for Ultra Clean Single Crystals UTe2,"Various single crystal growth techniques are presented for the unconventional superconductor UTe2. The molten salt flux liquid transport (MSFLT) method is employed to grow high-quality and large single crystals, exhibiting a high residual resistivity ratio (RRR = 200-800). On the other hand, the Te self-flux and chemical vapor transport (CVT) method produces samples of lower quality. The MSFLT method is a hybrid approach that combines the molten salt flux (MSF) and CVT methods. One significant advantage is that the materials gradually crystallize at the relatively low temperature which is fixed during the main process. This might be crucial for preventing U deficiency and obtaining high-qual",unconv_other,characterization,,
2307.05583,Resistivity in Quantum Vortex Liquid of Clean Two-Dimensional Superconductor,"Motivated by a recent controversy on a possible quantum phase in thin films of relatively clean superconductors under an out-of-plane magnetic field, the quantum fluctuation effects on the phase diagram and the resistivity are reexamined. It is argued that most of features seen in the corresponding resistivity data in relatively clean systems reported recently are explained within the present theory, and that the fan-shaped resistivity curves, suggestive of the presence of a superconductor to insulator transition at zero temperature, in the vortex liquid regime is a consequence of the insulating behavior of the Aslamasov-Larkin fluctuation conductivity in the quantum regime.",lowd,characterization,,
2304.00928,DC transport in a dissipative superconducting quantum point contact,"We study the current-voltage characteristics of a superconducting junction with particle losses at the contacts. We adopt the Keldysh formalism to compute the steady-state current for varying transmission of the contact. In the low transmission regime, the dissipation leads to an enhancement of the current at low bias, a nonmonotonic dependence of current on dissipation, and the emergence of new structures in the current-voltage curves. The effect of dissipation by particle loss is found to be qualitatively different from that of a finite temperature and a finite inelastic scattering rate in the reservoirs.",general,characterization,,
2402.14051,Enhanced Superconductivity in SrTiO$_3$-based Interfaces via Amorphous Al2O3 Capping,"Oxide interfaces feature unique two-dimensional (2D) electronic systems with diverse electronic properties such as tunable spin-orbit interaction and superconductivity. Conductivity emerges in these interfaces when the thickness of an epitaxial polar layer surpasses a critical value, leading to charge transfer to the interface. Here, we show that depositing amorphous alumina on top of the polar oxide can reduce the critical thickness and enhance the superconducting properties for the (111) and the (100) SrTiO$_3$-based interfaces. A detailed transmission electron microscopy analysis reveals that the enhancement of the superconducting properties is linked to the expansion of the LaAlO$_3$ lat",general,synthesis,,
2211.04102,Hall Effect in Doped Mott-Hubbard Insulator,"We present theoretical analysis of Hall effect in doped Mott-Hubbard insulator, considered as a prototype of cuprate superconductor. We consider the standard Hubbard model within DMFT approximation. As a typical case we consider the partially filled (hole doping) lower Hubbard band. We calculate the doping dependence of both the Hall coefficient and Hall number and determine the value of carrier concentration, where Hall effect changes its sign. We obtain a significant dependence of Hall effect parameters on temperature. Disorder effects are taken into account in a qualitative way.We also perform a comparison of our theoretical results with some known experiments on doping dependence of Hall",cuprate,theory,,
2308.08458,"Comment on ""Origin of correlated isolated flat bands in copper-substituted lead phosphate apatite""","In this comment on ""Origin of correlated isolated flat bands in copper-substituted lead phosphate apatite"" (arXiv:2307.16892 [cond-mat.supr-con]), we discuss the flat half-occupied two-band manifold that appears in $\mathrm{Pb}_9\mathrm{Cu}(\mathrm{PO}_4)_6(\mathrm{OH})_2$ when using a semilocal DFT functional. We argue that the flat band is an artifact of the functional's overestimation of the energy of the oxygen p states in the valence band. When using the HSE hybrid functional, the energy of the oxygen p states is reduced, and the copper-derived manifold splits into one fully occupied and one empty band. While these results do not rule out the possibility of superconductivity in doped LK",general,abinitio,,
2410.23062,Photon-instanton scattering in a superconducting circuit: Beyond the very high impedance regime,"Instantons, semi-classical trajectories of quantum tunneling in imaginary time, have long been used to study thermodynamic and transport properties in a myriad of condensed matter and high energy systems. A recent experiment in superconducting circuits [Phys. Rev. Lett. 126, 197701, (2021)] provided first evidence for direct dynamical signatures of instantons (phase slips), manifested by order-unity inelastic decay probabilities for photons with which they interact, motivating the development of a scattering theory of instantons [Phys. Rev. Lett. 126, 137701, (2021)]. While this framework successfully predicted the measured inelastic decay rates of the photons for several experimental device",device,application,,
2512.16249,Beyond dpa: an atomistic framework for a quantitative description of radiation damage in YBa2Cu3O7,"Radiation damage in high-temperature cuprate superconductors represents one of the main technological challenges for their deployment in harsh environments, such as fusion reactors and accelerator facilities. Their complex crystal structure makes modeling irradiation effects in this class of materials a particularly demanding task, for which existing damage models remain inadequate. In this work, we develop an atomistic-based approach for describing primary radiation damage in YBa2Cu3O7, by coupling Molecular Dynamics and Binary Collision Approximation simulations in a way that makes them complementary. When integrated with Primary Knock-on Atom spectra obtained from Monte Carlo codes, our r",cuprate,application,,
2303.09787,Low-energy spin excitations in optimally doped CaFe$_{0.88}$Co$_{0.12}$AsF superconductor studied with inelastic neutron scattering,"There are few inelastic neutron scattering (INS) reports on the superconducting single crystals of FeAs-1111 system, even though it was first discovered in 2008, due to the extreme difficulty in large single crystal growth. In this paper, we have studied the low-energy spin excitations in the optimally electron-doped CaFe$_{0.88}$Co$_{0.12}$AsF single crystals with $T_\mathrm{c}$ = 21 K by INS. The resonance energy of the superconducting spin resonant mode with $E_\mathrm{r}$ = 12 meV amounts to 6.6 $k_\mathrm{B}$$T_\mathrm{c}$, which constitutes the largest $E_\mathrm{r}$/$k_\mathrm{B}$$T_\mathrm{c}$ ratio among iron-based superconductors reported to date. The large ratio implies a strong c",febased,characterization,,
2509.23476,Accelerating Crystal Structure Prediction Using Data-Derived Potentials: High-Pressure Binary Hydrides,"Crystal structures can be predicted from first-principles using ab initio random structure searching AIRSS and density functional theory (DFT). AIRSS provides a method to sample the potential energy landscape and DFT provides a robust and accurate description of that landscape. Classical interatomic potentials can describe energy landscapes at a significantly lower computational cost, typically at the expense of robustness and accuracy. Modern machine-learning interatomic potentials offer a compromise, with greater robustness and accuracy than classical potentials at a fraction of the computational cost of DFT. In this work, we use Ephemeral Data-Derived Potentials EDDPs to perform accelerat",conv,discovery,,
