arxiv_id,cluster
2109.00361,22
2109.00961,17
2109.00560,21
2109.00631,17
2109.00806,1
2109.00966,18
2109.00976,21
2109.01061,14
2109.01096,12
2109.01119,6
2109.01133,22
2109.01336,18
2109.01344,1
2109.01364,9
2109.01505,18
2109.01724,1
2109.01808,21
2109.01866,25
2109.01869,10
2109.01966,4
2109.02208,17
2109.02300,19
2109.02313,29
2109.02330,9
2109.02407,17
2109.02420,17
2109.02604,12
2109.02612,2
2109.02635,28
2109.02664,5
2109.02685,5
2109.03868,17
2109.02821,10
2109.02824,11
2109.02864,27
2109.02918,13
2109.03031,6
2109.03055,9
2109.03135,5
2109.03169,5
2109.08517,29
2109.03231,5
2109.03281,12
2109.03368,15
2109.03382,6
2109.03461,0
2109.03499,9
2109.03811,15
2109.03851,18
2109.03982,12
2109.04122,7
2109.04279,28
2109.04329,18
2109.04345,22
2109.04466,22
2109.04473,8
2109.04480,7
2109.04492,18
2109.04669,22
2109.04670,18
2109.04694,19
2109.04788,18
2109.04796,16
2109.04931,1
2109.05202,9
2109.05231,22
2109.05258,23
2109.05450,10
2109.05511,9
2109.05519,10
2109.05577,5
2109.05761,7
2109.05851,25
2109.05982,18
2109.06000,24
2109.06039,18
2109.06285,9
2109.06334,16
2109.06454,15
2109.06460,1
2109.06774,12
2109.06894,19
2109.06959,5
2109.06983,0
2109.07010,6
2109.07051,29
2109.07066,23
2109.07167,27
2109.07520,24
2109.07608,15
2109.07616,16
2109.07654,7
2109.07660,12
2109.07762,21
2109.07766,21
2109.07961,12
2109.08070,28
2109.08093,25
2109.08142,22
2109.08200,16
2109.08361,0
2109.08498,25
2109.08679,15
2109.08700,4
2109.08812,15
2109.08845,13
2109.09121,16
2109.09321,17
2109.09726,7
2109.09786,5
2109.09898,29
2109.09971,2
2109.09976,25
2109.10019,29
2109.10043,15
2109.10079,28
2109.10157,20
2109.10166,15
2109.10186,15
2109.10201,9
2109.10247,1
2109.10263,28
2109.10335,13
2109.10527,25
2109.10712,25
2109.10728,5
2109.10809,26
2109.10851,25
2109.10878,29
2109.11102,17
2109.11122,12
2110.09270,12
2109.11275,2
2109.11286,26
2109.11478,1
2109.11521,27
2109.11570,28
2109.11742,21
2109.11799,28
2109.11824,11
2109.11914,25
2109.11995,9
2109.12127,22
2109.12231,6
2109.12329,16
2109.12446,15
2109.12476,13
2109.12522,16
2109.12631,22
2109.12794,18
2109.12811,27
2109.12898,2
2109.13019,28
2109.13130,22
2109.13140,5
2109.13181,13
2109.13207,1
2109.13224,25
2109.13229,28
2109.13245,24
2109.13276,25
2109.13513,19
2109.13598,21
2109.13712,0
2109.13758,13
2109.13944,22
2109.14031,10
2109.14032,17
2109.14033,10
2109.14092,28
2109.14300,12
2109.14426,15
2109.14440,6
2109.14505,17
2109.14585,25
2109.14590,15
2109.14629,5
2109.14866,2
2109.14874,14
2109.14924,21
2109.14973,18
2109.15071,12
2109.15202,13
2109.15213,27
2109.15227,9
2109.15307,0
2109.15312,16
2110.00105,1
2110.00131,13
2110.00264,28
2110.00289,26
2110.00369,18
2110.00463,0
2110.00564,6
2110.00573,21
2110.00961,17
2110.01003,1
2110.01067,22
2110.01090,1
2110.01136,28
2110.01178,29
2110.01305,23
2110.01586,8
2110.01642,18
2110.01713,19
2110.01724,11
2110.01819,18
2110.01870,27
2110.02025,10
2110.02053,12
2110.02087,13
2110.02238,19
2110.02263,12
2110.02275,4
2110.02464,18
2110.02734,6
2110.02812,11
2110.02866,12
2110.02968,17
2110.03640,16
2110.03704,2
2110.03710,17
2110.03867,10
2111.06716,28
2110.04288,25
2110.04472,19
2110.04958,15
2110.05143,5
2110.05212,18
2110.05235,2
2110.05288,9
2110.05300,4
2110.05333,29
2110.05361,16
2110.05373,9
2110.05452,4
2110.05513,10
2110.05620,10
2110.05652,25
2110.05677,4
2110.05813,15
2110.05921,12
2110.06175,16
2110.06200,0
2110.06266,10
2110.06415,25
2110.06417,16
2110.06563,28
2110.06666,7
2110.06772,2
2110.06845,17
2110.06959,5
2110.07230,23
2110.07251,27
2110.07335,4
2110.07516,11
2110.07568,29
2110.07799,11
2110.12854,29
2110.07962,22
2110.07963,6
2110.07969,17
2110.07976,28
2110.08114,1
2110.08332,0
2110.08550,28
2110.08757,17
2110.08937,3
2110.09046,10
2110.09056,26
2110.09064,12
2110.09093,23
2110.09335,4
2110.09379,4
2110.09496,17
2110.09530,10
2110.09552,2
2110.09675,18
2110.09691,24
2110.09715,10
2110.09782,26
2110.09809,18
2110.09816,26
2110.09825,1
2110.10039,9
2110.10094,10
2110.10172,22
2110.10226,25
2110.10339,17
2110.10426,23
2110.10451,15
2110.10553,27
2110.10585,13
2110.10621,25
2110.10758,1
2110.10912,26
2110.11089,7
2110.11228,10
2110.11257,12
2110.11294,22
2110.11306,26
2110.11311,25
2110.11357,16
2110.11452,26
2110.11639,10
2110.11701,9
2110.11734,12
2110.12017,21
2110.12303,22
2110.12405,7
2110.12445,17
2110.12495,17
2110.12651,26
2110.12745,4
2110.12774,17
2110.12913,28
2110.12998,9
2110.13035,18
2110.13138,10
2110.13331,13
2110.13351,22
2110.13397,15
2110.13580,7
2110.13881,9
2110.13899,17
2110.13983,19
2110.13991,28
2110.14016,27
2110.14073,17
2110.14268,24
2110.14281,29
2110.14447,15
2110.14463,25
2110.14624,18
2110.14663,24
2110.14785,17
2111.04451,22
2110.14915,7
2110.14987,27
2110.15201,29
2110.15224,16
2110.15577,12
2110.15631,15
2110.15752,14
2111.00257,15
2111.00525,0
2111.00541,16
2111.00727,26
2111.00807,24
2111.00817,9
2111.01006,21
2111.01061,4
2111.01115,13
2111.01174,5
2111.01178,19
2111.01242,14
2111.01247,25
2111.01296,7
2111.01360,18
2111.01381,13
2111.01410,11
2111.01497,17
2111.01499,18
2111.01512,21
2111.01610,28
2111.01653,28
2111.01695,13
2111.01741,4
2111.01991,27
2111.02032,15
2111.02060,27
2111.02214,19
2111.02228,29
2111.02431,4
2111.02433,5
2111.02473,9
2111.02511,7
2111.02765,18
2111.02882,27
2111.02909,13
2111.03138,1
2111.03145,19
2111.03233,9
2111.03276,29
2111.03321,24
2111.03409,21
2111.03589,20
2111.03593,17
2111.03623,18
2111.03697,29
2111.03752,0
2111.03786,19
2111.03804,5
2111.03880,24
2111.04422,15
2111.04544,18
2111.04623,6
2111.04749,9
2111.05088,21
2111.05135,2
2111.05235,27
2111.05340,14
2111.05389,28
2111.05492,15
2111.05533,28
2111.05627,14
2111.05650,0
2111.05707,5
2111.05909,9
2111.06010,15
2111.06081,12
2111.06097,15
2111.06128,2
2111.06228,25
2111.06416,21
2111.06422,10
2111.06681,18
2111.06834,12
2111.07023,11
2111.07077,0
2111.07124,18
2111.07206,13
2111.07247,0
2111.07252,5
2111.07287,4
2111.07521,16
2111.07604,27
2111.07696,9
2111.11172,28
2111.08639,17
2111.08731,16
2111.08735,22
2111.08740,28
2111.08929,5
2111.08931,6
2111.08964,15
2111.09101,6
2111.09239,15
2111.09333,18
2111.09342,26
2111.09604,21
2111.09767,28
2111.09825,12
2111.09906,17
2111.10018,24
2111.10045,15
2111.10215,23
2111.10410,22
2111.10440,9
2111.10797,1
2111.10888,6
2111.11013,15
2111.11048,12
2111.11122,16
2111.11255,20
2111.11319,15
2111.11452,25
2111.11456,4
2111.11512,29
2111.11590,23
2111.11662,28
2111.11670,12
2111.11684,23
2111.11724,15
2111.11731,19
2111.11888,28
2111.11909,27
2111.11934,23
2111.12268,28
2111.12318,2
2111.12344,19
2111.12357,2
2111.12359,5
2111.12391,15
2111.12452,15
2111.12659,13
2111.12697,3
2111.12808,9
2111.12842,17
2111.12910,23
2111.13012,22
2111.13080,11
2111.13159,4
2111.13288,4
2111.13345,4
2111.13431,8
2111.13506,25
2111.13668,7
2111.13710,13
2111.13718,6
2111.13867,1
2111.13983,13
2111.14367,25
2111.14425,9
2111.14525,18
2111.14597,25
2111.14686,4
2111.14702,13
2111.14732,11
2111.14739,7
2111.14904,28
2111.14926,28
2111.15017,29
2111.15051,27
2111.15260,19
2111.15488,16
2111.15673,22
2112.00034,4
2112.00303,12
2112.00383,16
2112.00433,12
2112.00487,6
2112.00614,17
2112.00644,1
2112.00705,12
2112.00742,5
2112.00757,19
2112.00761,5
2112.00886,4
2112.00990,23
2112.01009,19
2112.01179,4
2112.01286,0
2112.01569,19
2112.01677,7
2112.01876,15
2112.01936,13
2112.01954,27
2112.02131,29
2112.02239,16
2112.02388,15
2112.02484,7
2112.02551,6
2112.02709,28
2112.02964,13
2112.03278,22
2112.03320,5
2112.03341,7
2112.03342,13
2112.03457,23
2112.03490,17
2112.03550,17
2112.03584,11
2112.03642,1
2112.03812,7
2112.03950,22
2112.03956,16
2112.04078,28
2112.04317,1
2112.04320,13
2112.04397,13
2112.04440,7
2112.04528,17
2112.04530,23
2112.04557,28
2112.04675,13
2112.04676,10
2112.04705,8
2112.04782,17
2112.05066,0
2112.05192,4
2112.05443,12
2112.05624,9
2112.05625,13
2112.05650,13
2112.05708,19
2112.05769,16
2112.05772,28
2112.05853,2
2112.05880,4
2112.05970,0
2112.06162,2
2112.06273,17
2112.06303,4
2112.06378,23
2112.06461,27
2112.06497,17
2112.06504,29
2112.06523,15
2112.06565,26
2112.06576,28
2112.06765,7
2112.06766,19
2112.06890,5
2112.06958,19
2112.06998,6
2112.07081,15
2112.07172,13
2112.07276,25
2112.07316,25
2112.07318,18
2112.07378,13
2112.07472,19
2112.07482,1
2112.07733,9
2112.07766,21
2112.07781,6
2112.07813,18
2112.07841,14
2112.07866,15
2112.07932,12
2112.08149,19
2112.08190,4
2112.08248,25
2112.08278,21
2112.08322,17
2112.08928,8
2112.08436,7
2112.08457,21
2112.08646,13
2112.08667,4
2112.08732,27
2112.08819,23
2112.08901,0
2112.08983,9
2112.09115,14
2112.09149,15
2112.09187,28
2112.09270,22
2112.09421,12
2112.09464,25
2112.09667,13
2112.09731,17
2112.09735,25
2112.09751,1
2112.09785,21
2112.09862,29
2112.09936,5
2112.09980,16
2112.10045,0
2112.10090,1
2112.10188,24
2112.10240,5
2112.10397,17
2112.10595,28
2112.10687,1
2112.10758,7
2112.10760,22
2112.10840,18
2112.10870,13
2112.10907,23
2112.10965,6
2112.11047,27
2112.11240,24
2112.11261,9
2112.11285,14
2112.11469,18
2112.11615,10
2112.11804,23
2112.11951,21
2112.12123,2
2112.12146,18
2112.12267,18
2112.12352,16
2112.12396,27
2112.12556,25
2112.12613,7
2112.12627,21
2112.12634,15
2112.12687,1
2112.12710,2
2112.12775,20
2112.12797,18
2112.12825,4
2112.12893,25
2112.12902,16
2112.13201,28
2112.13231,13
2112.13401,24
2112.13468,15
2112.13688,17
2112.14027,0
2112.14068,15
2112.14167,16
2112.14348,29
2112.14439,27
2112.14623,23
2112.14635,4
2112.14744,6
2112.14750,18
2112.15018,2
2112.15040,25
2112.15288,26
2201.00088,25
2201.00130,29
2201.00273,9
2201.00298,25
2201.00340,25
2201.00465,25
2201.00831,14
2201.00905,13
2201.00990,23
2201.01152,18
2201.01206,1
2201.01220,6
2201.01317,2
2201.01373,13
2201.01656,22
2201.01750,9
2201.01776,21
2201.01775,14
2201.01860,29
2201.02095,16
2201.02138,15
2201.02156,17
2201.02294,15
2201.02512,4
2201.02561,23
2201.02643,26
2201.02667,16
2201.02671,21
2201.02852,7
2201.02918,5
2201.03031,17
2201.03091,1
2201.03259,5
2201.03300,15
2201.03415,28
2201.03453,13
2201.03613,7
2201.03687,9
2201.03994,15
2201.04044,2
2201.04081,21
2201.04147,25
2201.04160,22
2201.04184,18
2201.04340,28
2201.04390,12
2201.04524,13
2201.04602,13
2201.04635,2
2201.04660,21
2201.04858,10
2201.05027,28
2201.05045,16
2201.05114,11
2201.05137,29
2201.05160,11
2201.05211,26
2201.05335,5
2201.05444,13
2201.05495,7
2201.05894,1
2201.05988,16
2201.06016,12
2201.06053,27
2201.06060,18
2201.06075,0
2201.06228,23
2201.06265,18
2201.06400,15
2201.06477,26
2201.06583,13
2201.06660,21
2201.06950,6
2201.07023,5
2201.07260,5
2201.07297,23
2201.07382,17
2201.07397,18
2201.07403,1
2201.07455,15
2201.07578,5
2201.07593,16
2201.07635,27
2201.07641,12
2201.07686,29
2201.07697,13
2201.07731,2
2201.07747,12
2201.07780,26
2201.07854,28
2201.08090,17
2201.08108,1
2201.08123,7
2201.08532,28
2201.08573,9
2201.08801,13
2201.08892,12
2201.08917,18
2201.08918,18
2201.09185,13
2201.09188,23
2201.09260,25
2201.09374,11
2201.09428,15
2201.09500,29
2201.09515,2
2201.09779,12
2201.09800,15
2201.09840,10
2201.09894,17
2201.10038,7
2201.10088,26
2201.10089,5
2201.10178,1
2201.10216,4
2201.10352,10
2201.10425,11
2201.10564,11
2201.10615,22
2201.10701,17
2201.10719,15
2201.10971,13
2201.11180,13
2201.11421,2
2201.11453,13
2201.11469,7
2201.11514,13
2201.11614,17
2201.11686,1
2201.11688,4
2201.11702,16
2201.11719,28
2201.11723,9
2201.11883,25
2201.11943,7
2201.12008,16
2203.13198,13
2201.12486,5
2201.12551,15
2201.12721,25
2201.12882,28
2201.12967,7
2201.12969,12
2201.12971,7
2201.12999,11
2201.13032,7
2201.13062,22
2201.13109,9
2201.13213,18
2201.13276,22
2201.13336,27
2201.13363,15
2202.00077,16
2202.00227,5
2202.00460,23
2202.00485,16
2202.00687,23
2202.00852,20
2202.00906,10
2202.00991,0
2202.01051,29
2202.01231,5
2202.01320,17
2202.01435,11
2202.01452,29
2202.01520,18
2202.01583,2
2202.01776,11
2202.01791,4
2202.01902,26
2202.02014,12
2202.02117,24
2202.02121,13
2202.02159,9
2202.02227,16
2202.02260,2
2202.02269,0
2202.02353,22
2202.02589,28
2202.02739,15
2202.02754,17
2202.02761,17
2202.03171,0
2202.03479,3
2202.03608,16
2202.03623,17
2202.03664,15
2202.03686,28
2202.04071,10
2202.03781,12
2202.03873,17
2202.03910,18
2202.04227,8
2202.04254,15
2202.04338,18
2202.04408,12
2202.04493,27
2202.04784,20
2202.04797,18
2202.04838,25
2202.04846,13
2202.05363,17
2202.05366,17
2202.05450,17
2202.05462,15
2202.05561,0
2202.05588,10
2202.05663,22
2202.05665,21
2202.05740,29
2202.05781,17
2202.05824,21
2202.05850,17
2202.05851,2
2202.05968,23
2202.05970,9
2202.05974,11
2202.05842,17
2202.06011,4
2202.06029,27
2202.06032,6
2202.06107,23
2202.06244,27
2202.06309,1
2202.06310,23
2202.06329,12
2202.06378,4
2202.06998,25
2202.07019,23
2202.07034,11
2202.07044,12
2202.07083,25
2202.07103,27
2202.07639,17
2202.07640,24
2202.07658,5
2202.07713,0
2202.07725,1
2202.07794,25
2202.08039,13
2202.08049,27
2202.08110,23
2202.08283,13
2202.08525,16
2202.08570,26
2202.08597,1
2202.08729,21
2202.08790,22
2202.08845,6
2202.08878,4
2202.08989,18
2202.09031,9
2202.09067,12
2202.09098,18
2202.09227,19
2202.09281,17
2202.09560,5
2202.09658,15
2202.09775,17
2202.09965,18
2202.10128,28
2202.10176,0
2202.10230,23
2202.10237,9
2202.10327,13
2202.10475,9
2202.10490,4
2202.10577,6
2202.10664,15
2202.10711,15
2202.10859,15
2202.11003,25
2202.11008,13
2202.11135,7
2202.11232,17
2202.11310,21
2202.11355,29
2202.11521,26
2202.11656,21
2202.11657,16
2202.11674,16
2202.11732,0
2202.11773,29
2203.08718,17
2202.11876,0
2202.11904,7
2202.11933,16
2202.12072,28
2202.12080,2
2202.12091,25
2202.12178,0
2202.12388,17
2202.12462,28
2202.12516,15
2202.12590,1
2202.12667,15
2202.12754,13
2202.12952,28
2202.13397,21
2202.13435,16
2202.13674,4
2202.13811,6
2202.13858,2
2202.13917,11
2203.00104,18
2203.00282,6
2203.00493,25
2203.00505,9
2203.00542,28
2203.00558,28
2203.00617,4
2203.00678,16
2203.00773,19
2203.00908,25
2203.00989,2
2203.01058,24
2203.01226,6
2203.01242,2
2203.01273,16
2203.01275,15
2203.01393,25
2203.01405,23
2203.01558,25
2203.01617,15
2203.01660,18
2203.01702,5
2203.01705,20
2203.01804,2
2203.06984,17
2203.02341,6
2203.02448,21
2203.02451,6
2203.02580,7
2203.02598,29
2203.02879,5
2203.02934,25
2203.03082,1
2203.03184,15
2203.03337,5
2203.03499,5
2203.03510,4
2203.03524,10
2203.03793,10
2203.03901,15
2203.03909,16
2203.03948,12
2203.04104,6
2203.04164,11
2203.04217,28
2203.04265,28
2203.04471,5
2203.04534,23
2203.04599,10
2203.04624,16
2203.04669,22
2203.04843,17
2203.04867,28
2203.05000,18
2203.05001,10
2203.05035,28
2203.05055,26
2203.05171,25
2203.05172,6
2203.05255,19
2203.05278,12
2203.05336,18
2203.05478,17
2203.05480,22
2203.05530,21
2203.05650,25
2203.05669,6
2203.05770,26
2203.05817,10
2203.05867,18
2203.05894,9
2203.05895,13
2203.05934,19
2203.06036,29
2203.06140,6
2203.06192,2
2203.06432,25
2203.06500,15
2203.06532,9
2203.06538,17
2203.06586,11
2203.06655,25
2203.06769,28
2203.06879,15
2203.06893,0
2203.06946,1
2203.06971,28
2203.07010,15
2203.07203,9
2203.07295,21
2203.07365,26
2203.07380,1
2203.07394,25
2203.07432,25
2203.07445,21
2203.07453,24
2203.07551,12
2203.07575,28
2203.07842,12
2203.08186,4
2203.08250,10
2203.08587,13
2203.08598,15
2203.08752,11
2203.08872,28
2203.09060,5
2203.09083,22
2203.09244,4
2203.10943,4
2203.09386,26
2203.09417,17
2203.09593,26
2203.09660,21
2203.09662,10
2203.09688,7
2203.09951,18
2203.09987,28
2203.10564,12
2203.11133,24
2203.11388,17
2203.17244,21
2203.11451,11
2203.11566,27
2203.11583,4
2203.11922,7
2203.11984,17
2203.12004,5
2203.12058,21
2203.12103,17
2203.12194,5
2203.12317,26
2203.12716,23
2203.12844,17
2203.12887,28
2203.12934,15
2203.13003,12
2203.13232,1
2203.13388,12
2203.13646,5
2203.14017,19
2205.01518,10
2203.14083,23
2203.14353,29
2203.14421,9
2203.14433,6
2203.14586,8
2203.15011,9
2203.15057,10
2203.15311,10
2203.15432,25
2203.15495,17
2203.15527,12
2203.15608,14
2203.15648,1
2203.15669,25
2203.15801,2
2203.15944,2
2203.15957,27
2203.16208,20
2203.16235,15
2203.16299,17
2203.16458,0
2203.16698,19
2203.16943,27
2203.16986,7
2203.17060,19
2203.17108,25
2203.17151,13
2203.17186,8
2203.17199,12
2204.00151,25
2204.00341,15
2204.00389,15
2204.00407,15
2204.00438,9
2204.00553,10
2204.00568,8
2204.00648,10
2204.01195,12
2204.01246,15
2204.01356,9
2204.01423,1
2204.01554,23
2204.01606,17
2204.01921,29
2204.02158,5
2204.02214,17
2204.02248,1
2204.02304,10
2204.02355,16
2204.02430,9
2204.02449,0
2204.02880,18
2204.02888,12
2204.02996,17
2204.02994,24
2204.03023,7
2204.03165,6
2204.03175,19
2204.03202,13
2204.03242,9
2204.03347,11
2204.03464,28
2204.03491,27
2204.03496,18
2204.03590,17
2204.03729,15
2204.03735,16
2204.03833,17
2204.03928,16
2204.03937,13
2204.03981,1
2204.04073,13
2204.04203,2
2204.04249,5
2204.04365,15
2204.04402,5
2204.04463,15
2204.04536,23
2204.04593,15
2204.04623,29
2204.04649,15
2204.04697,16
2204.04863,1
2204.05029,26
2204.05078,19
2204.05179,27
2204.05190,22
2204.05242,4
2204.05504,17
2204.05619,13
2204.05654,2
2204.05671,5
2204.05686,16
2204.05708,29
2204.05715,21
2204.05719,25
2204.05930,29
2204.06163,15
2204.06467,4
2204.06567,23
2204.06565,9
2204.06573,6
2204.06599,28
2204.06888,13
2204.07244,22
2204.07260,4
2204.07400,28
2204.07477,17
2204.07522,27
2204.07635,15
2204.10284,28
2204.07740,15
2204.07847,12
2204.07975,15
2204.07993,15
2204.08047,13
2204.08050,7
2204.08082,5
2204.08258,16
2204.08650,17
2204.08658,15
2204.08712,25
2204.08749,28
2204.08904,15
2204.09094,17
2204.09103,15
2204.09255,12
2204.09503,28
2204.09567,28
2204.09665,8
2204.09807,29
2204.09811,22
2204.09923,13
2204.10133,21
2204.10500,13
2204.10657,7
2204.10665,19
2204.10925,15
2204.11043,29
2204.11178,5
2204.11204,16
2208.08363,18
2208.08412,13
2204.11737,5
2204.11818,19
2204.11880,9
2204.11928,25
2204.11930,17
2208.08364,18
2204.12094,15
2204.12107,5
2204.12118,15
2204.12163,17
2204.12213,16
2204.12229,17
2204.12252,15
2205.01534,18
2204.12342,17
2204.12391,5
2204.12434,25
2204.12579,22
2204.12606,7
2204.12610,17
2204.12887,18
2204.12961,25
2204.12989,2
2204.13116,25
2204.13264,7
2204.13473,15
2204.13529,17
2204.13579,15
2204.13588,4
2204.13623,13
2204.13633,13
2204.13720,17
2204.13927,12
2204.14083,18
2205.00060,1
2205.00116,25
2205.00157,5
2205.00239,7
2205.00437,4
2205.00899,28
2205.01111,12
2205.01410,11
2205.01702,28
2205.01719,25
2205.01843,28
2205.01844,28
2205.02198,25
2205.02280,16
2205.02554,29
2205.02806,5
2205.02812,20
2205.02878,1
2205.03002,4
2205.03217,13
2205.10352,6
2205.03458,18
2205.03528,23
2205.03575,17
2205.03603,19
2205.03632,18
2205.03682,28
2205.03795,10
2205.03941,21
2205.03964,6
2205.04030,28
2205.04045,17
2205.04057,19
2205.04394,4
2205.04441,12
2205.04458,22
2205.04469,14
2205.04524,15
2205.04588,15
2205.04902,26
2205.04907,26
2205.04975,23
2205.04991,23
2205.05087,22
2205.05225,22
2205.05233,28
2205.05491,23
2205.05906,29
2205.06056,13
2205.06171,9
2205.06189,17
2205.06276,17
2205.06286,6
2205.06317,26
2205.06442,1
2205.06500,27
2205.06524,27
2205.06542,13
2205.06610,1
2205.06626,27
2205.06816,22
2205.06826,2
2205.07007,25
2205.07067,4
2205.07094,25
2205.07235,6
2205.07247,29
2205.07389,24
2205.07397,6
2205.07465,25
2205.07489,17
2205.07506,19
2205.07665,17
2205.07679,12
2205.07718,16
2205.07785,9
2205.07928,2
2205.07934,21
2205.07955,1
2205.08259,17
2205.08563,5
2205.08727,17
2205.08732,2
2205.08828,25
2205.09001,17
2205.09207,18
2205.09276,14
2205.09358,29
2205.09419,13
2205.09582,9
2205.09609,0
2205.09740,17
2205.09767,11
2205.09798,27
2205.09915,19
2205.09975,25
2205.10002,19
2205.10062,9
2205.10069,5
2205.10073,9
2205.10346,19
2205.10903,17
2205.11000,17
2205.11037,15
2205.11123,17
2205.11462,25
2205.11569,29
2205.11818,25
2205.11848,0
2205.11950,6
2205.11959,0
2205.11975,18
2205.12196,14
2206.02533,9
2205.12347,4
2205.13353,22
2205.12444,28
2205.12483,25
2205.12547,6
2205.12687,28
2205.12837,13
2205.12864,12
2205.12939,14
2205.12951,10
2205.12987,17
2205.13177,14
2205.13397,5
2205.13529,18
2205.13663,16
2205.13918,5
2205.13929,13
2205.13951,5
2205.14075,18
2205.14113,13
2205.14227,4
2205.14242,28
2205.14373,23
2205.14422,16
2205.14445,2
2205.14490,8
2205.14580,18
2205.14773,15
2205.14791,27
2205.14800,17
2205.14930,9
2205.14993,13
2205.15000,12
2205.15002,27
2205.15004,29
2205.15010,18
2205.15355,7
2205.15690,9
2205.15766,12
2205.15789,15
2205.15995,2
2206.00081,13
2206.00143,18
2206.00281,10
2206.00483,14
2206.00584,15
2206.00715,11
2206.01063,28
2206.01110,5
2206.01119,6
2206.01213,22
2206.01283,17
2206.01301,28
2206.01304,22
2206.01348,28
2206.01363,25
2206.01593,1
2206.01783,0
2206.02251,19
2206.02315,10
2206.02364,27
2206.02444,15
2206.02484,29
2206.02489,5
2206.02513,13
2206.02515,15
2206.02580,26
2206.02698,22
2206.03335,18
2206.03384,4
2206.03405,25
2206.03486,6
2206.03705,1
2206.03850,18
2206.03910,10
2206.04065,18
2206.04080,22
2206.04146,29
2206.04288,15
2206.04309,5
2206.04322,18
2206.04474,0
2206.04512,19
2206.04704,25
2206.04735,0
2206.04830,9
2206.04862,19
2206.04876,0
2206.05326,17
2206.05342,17
2206.05347,13
2206.05599,22
2206.05635,25
2206.05680,18
2206.05686,12
2206.05757,23
2206.05770,18
2206.06085,6
2206.06310,15
2206.06338,17
2206.06503,1
2206.06508,15
2206.06521,8
2206.06621,27
2206.06645,18
2206.06695,28
2206.06781,16
2206.06816,12
2206.06884,28
2206.06893,15
2206.06985,7
2206.07014,14
2206.07046,19
2206.07121,2
2206.07216,11
2206.07439,29
2206.07539,7
2206.07574,17
2206.07575,17
2206.07730,25
2206.07752,4
2206.07812,28
2206.07911,18
2206.07914,17
2206.08045,19
2206.08163,11
2206.08471,14
2206.08562,15
2206.08695,11
2206.08866,15
2206.09162,17
2206.10600,13
2206.09598,1
2206.09718,12
2206.09850,29
2206.09922,22
2206.10072,27
2206.10094,7
2206.10215,17
2206.10361,15
2206.10512,21
2206.10651,24
2206.10859,15
2206.10940,12
2206.11028,7
2206.11213,11
2206.11452,2
2206.11665,10
2206.11690,16
2206.11712,28
2206.11754,6
2206.11757,18
2206.11945,16
2206.12122,16
2206.12203,15
2206.12226,17
2206.12462,15
2206.12599,17
2206.12823,5
2207.02123,24
2206.13484,13
2206.13519,6
2206.13526,23
2206.13537,0
2206.13584,28
2206.13682,24
2206.13987,28
2206.14083,28
2206.14108,29
2206.14499,20
2206.14828,19
2206.14937,22
2206.14994,18
2206.15196,19
2206.15324,19
2206.15346,15
2207.00145,15
2207.00266,7
2207.00339,12
2207.00483,2
2207.00617,9
2207.00628,28
2207.00676,28
2207.00783,28
2207.00791,17
2207.00829,6
2207.01161,19
2207.01191,18
2207.01226,12
2207.01243,6
2207.01423,5
2207.01515,9
2207.01541,29
2207.01669,17
2207.01774,9
2207.01825,1
2207.01904,17
2207.01953,11
2207.02075,29
2207.02203,5
2207.02240,28
2207.02294,10
2207.02407,1
2207.02408,17
2207.02462,10
2207.02503,28
2207.02579,15
2207.02806,5
2207.03011,28
2207.03141,20
2207.03161,16
2207.03260,22
2207.03289,10
2207.03326,17
2207.03633,14
2207.03907,18
2207.03918,29
2207.04094,25
2207.04205,6
2207.04388,25
2207.04405,28
2207.04414,15
2207.04504,19
2207.04541,20
2207.04619,11
2207.04714,16
2207.04960,4
2207.05012,1
2207.05238,17
2207.05313,18
2207.05343,23
2207.05400,18
2207.05534,21
2207.05593,29
2207.05741,18
2207.05782,13
2207.05786,9
2207.05958,2
2207.06059,13
2207.06099,25
2207.06152,13
2207.06457,23
2207.06480,9
2207.06629,23
2207.06747,15
2207.06751,18
2207.06933,9
2207.06942,25
2207.07131,17
2207.07191,10
2207.07266,15
2207.07424,28
2207.07637,29
2207.07962,28
2207.08062,2
2207.08809,17
2207.08068,26
2207.08131,5
2207.08243,1
2207.08261,15
2207.08442,5
2207.08493,16
2207.08528,17
2207.08589,25
2207.08594,18
2207.08772,14
2207.08876,13
2207.08908,22
2207.09017,5
2207.09149,29
2207.09381,13
2207.09443,1
2207.09491,10
2207.09494,9
2207.09841,6
2207.10103,19
2207.10113,19
2207.10134,1
2207.10166,28
2207.10595,13
2207.10608,26
2207.10687,9
2207.10847,17
2207.10863,1
2207.10932,28
2207.10981,16
2207.11064,15
2207.11180,0
2207.11281,22
2207.11298,10
2207.11323,17
2207.11468,10
2207.11555,6
2207.11616,23
2207.11794,25
2207.11829,4
2207.11845,15
2207.11928,19
2207.12031,25
2207.12060,8
2207.12275,24
2207.12307,17
2207.12361,2
2207.12410,25
2207.12414,18
2207.12425,16
2207.12443,17
2207.12495,23
2207.12516,21
2207.12595,28
2207.12811,12
2207.12820,26
2207.13125,23
2207.13194,27
2207.13201,2
2207.13221,15
2207.13257,12
2207.13272,27
2207.13293,25
2207.13633,28
2207.13725,15
2207.13889,5
2207.14022,9
2207.14038,28
2207.14050,9
2207.14092,8
2207.14236,23
2207.14359,7
2207.14395,23
2207.14416,23
2207.14596,6
2207.14661,13
2207.14697,27
2207.14773,15
2208.00190,12
2208.00243,17
2208.00317,21
2208.00642,4
2208.00718,25
2208.00854,12
2208.00933,5
2208.00936,28
2208.00938,25
2208.01499,26
2208.01570,11
2208.01577,29
2208.01652,5
2208.01774,17
2208.01803,19
2208.01831,16
2208.02013,21
2208.02078,14
2208.02155,15
2208.02285,24
2208.02392,1
2208.02456,10
2208.02739,17
2208.02790,11
2208.02830,6
2208.03021,1
2208.03047,13
2208.03507,18
2208.03628,1
2208.03640,28
2208.03654,17
2208.03709,26
2208.03714,18
2208.03762,17
2208.03919,9
2208.03962,18
2208.03995,4
2208.04338,15
2208.04407,17
2208.04474,6
2208.04544,15
2208.04562,7
2208.04584,17
2208.04677,18
2208.04834,15
2208.04864,5
2208.05044,8
2208.05154,9
2208.05191,29
2208.05199,29
2208.05372,17
2208.05493,17
2208.05614,7
2208.05674,8
2208.05712,23
2208.05749,5
2208.05811,13
2208.05816,27
2208.05832,25
2208.05948,17
2208.05979,9
2208.05985,2
2208.06108,19
2208.06657,18
2208.06669,4
2208.06706,4
2208.07019,15
2208.07036,6
2208.07071,1
2208.07079,15
2208.07139,22
2208.07320,17
2208.07512,13
2208.07888,17
2208.07964,5
2208.08115,9
2208.08180,0
2208.08336,19
2208.08375,7
2208.08427,14
2208.08428,13
2208.08463,20
2208.08575,25
2208.08634,28
2208.09084,13
2208.09114,17
2208.09144,28
2208.09314,9
2208.09409,18
2208.09429,29
2208.09475,25
2208.09523,16
2208.09609,5
2208.09804,26
2208.09831,25
2208.10094,11
2208.10101,21
2208.10225,5
2208.10517,6
2208.10519,28
2208.10645,0
2208.10678,23
2208.10856,13
2208.11085,7
2208.11142,22
2208.11198,9
2208.11227,13
2208.11320,27
2208.11421,28
2208.11541,9
2208.11880,15
2208.11971,17
2208.12018,5
2208.12039,22
2208.12200,7
2208.12202,25
2208.14981,17
2208.12379,12
2208.12384,16
2208.12855,29
2208.13038,13
2208.13248,12
2208.13339,13
2208.13379,21
2208.13521,26
2208.13577,15
2208.13678,1
2208.13711,23
2208.13798,15
2208.13888,17
2208.13918,28
2208.14025,16
2208.14041,0
2208.14107,21
2208.14289,5
2208.14442,15
2208.14454,12
2208.14474,8
2208.14556,7
2208.14663,25
2209.00007,24
2209.00022,5
2209.00298,12
2209.00300,25
2209.00452,9
2209.00539,16
2209.00600,17
2209.00758,17
2209.00816,5
2209.00833,6
2209.00910,9
2209.01089,26
2209.01294,26
2209.01324,15
2209.01342,4
2209.01361,1
2209.01626,23
2209.01633,20
2209.01903,29
2209.01905,27
2209.01973,1
2209.02053,15
2209.02094,19
2209.02117,12
2209.02351,26
2209.02688,27
2209.02721,11
2209.02733,17
2209.02794,26
2209.03187,15
2209.03202,11
2209.03267,16
2209.03332,12
2209.03391,17
2209.03444,29
2209.03515,14
2209.03520,14
2209.03544,10
2209.03577,15
2209.03699,0
2209.03840,26
2209.03896,0
2209.04004,0
2209.04217,29
2209.04592,10
2209.04743,9
2209.04776,16
2209.04940,17
2209.04982,16
2209.05014,29
2209.05151,6
2209.05198,1
2209.05510,2
2209.05671,5
2209.05754,14
2209.07990,13
2209.06149,17
2209.06198,21
2209.06205,25
2209.06206,17
2209.06400,7
2209.06524,24
2209.06646,16
2209.06817,24
2209.07017,15
2209.07085,20
2209.07188,27
2209.07280,16
2209.07287,17
2209.07314,15
2209.07340,10
2209.07343,9
2209.07726,16
2209.07732,28
2209.07757,21
2209.07913,19
2209.08082,19
2209.08238,16
2209.08493,4
2209.08506,2
2209.08683,16
2209.08766,19
2209.08998,13
2209.09247,12
2209.09057,6
2209.09254,10
2209.09308,18
2209.09599,9
2209.09852,0
2209.09966,27
2209.10172,17
2209.10534,12
2209.10560,18
2209.10568,17
2209.10570,26
2209.10593,17
2209.10605,11
2209.10673,24
2209.10744,16
2209.10859,10
2209.11077,0
2209.11080,22
2209.11126,11
2209.11273,2
2209.11528,10
2209.11547,4
2209.11656,26
2209.11688,0
2209.11752,2
2209.11800,25
2209.11926,25
2209.12059,5
2209.12115,12
2209.12421,17
2209.12646,14
2209.12787,7
2209.12932,9
2209.13076,18
2209.13299,27
2209.13506,15
2209.13745,10
2209.13881,15
2209.13905,17
2209.13987,14
2209.14006,19
2209.14080,12
2209.14266,14
2209.14296,23
2209.14310,0
2209.14347,19
2209.14469,10
2209.14556,26
2209.14636,15
2209.14656,28
2209.14668,15
2209.14773,29
2209.14820,4
2209.15057,0
2209.15231,15
2209.15241,27
2209.15366,12
2209.15508,22
2209.15526,16
2210.00021,5
2210.00023,26
2210.00112,12
2210.00318,13
2210.00351,24
2210.00366,13
2210.00496,5
2210.00554,18
2210.00742,13
2210.00745,1
2210.00936,13
2210.01037,13
2210.01114,2
2210.01151,1
2210.01305,16
2210.01399,0
2210.01518,29
2210.01519,9
2210.01646,17
2210.01714,11
2210.01830,25
2210.01983,20
2210.02028,25
2210.02058,25
2210.02124,25
2210.02136,25
2210.02252,4
2210.02321,6
2210.02322,6
2210.02378,22
2210.02452,19
2210.02632,21
2210.02644,14
2210.02810,18
2210.02954,25
2210.03059,18
2210.03125,22
2210.03156,4
2210.03191,13
2210.03276,6
2210.03420,15
2210.03549,18
2210.03633,6
2210.03889,17
2210.04046,28
2210.04159,15
2210.04327,20
2210.04408,13
2210.04538,8
2210.04558,13
2210.04830,25
2210.04842,9
2210.04908,19
2210.04918,6
2210.05024,5
2210.05042,29
2210.05275,24
2210.05388,13
2210.05525,9
2210.05753,1
2210.05909,15
2210.06231,17
2210.06273,0
2210.06348,28
2210.06371,29
2210.06502,13
2210.06508,17
2210.06523,26
2210.06550,4
2210.06569,20
2210.06617,8
2210.06674,6
2210.06847,6
2210.06869,13
2211.15403,28
2211.11547,18
2210.06912,9
2210.06914,8
2210.07042,17
2210.07070,15
2210.07151,13
2210.07175,10
2210.07205,29
2210.07265,5
2210.07319,12
2210.07512,25
2210.07585,26
2210.07633,10
2210.07647,25
2210.07718,17
2210.08048,9
2210.08146,16
2210.08539,20
2210.08660,17
2210.08733,18
2210.08790,4
2210.08921,16
2210.09288,6
2210.09325,18
2210.09346,14
2210.09488,4
2210.09533,16
2210.09562,0
2210.09610,5
2210.09627,4
2210.09829,2
2210.09855,17
2210.09999,12
2210.10201,28
2210.10312,16
2210.10361,13
2210.10371,17
2210.10437,26
2210.10521,28
2210.10645,23
2210.10705,23
2210.10766,29
2210.10866,17
2210.10987,7
2210.11254,8
2210.11256,14
2210.11345,12
2210.11361,12
2210.11587,19
2210.11688,12
2210.11712,12
2210.11738,18
2210.11769,15
2210.11955,5
2210.12119,13
2210.12189,15
2210.12248,17
2210.12337,11
2210.12439,5
2210.12627,15
2210.12718,13
2210.12819,7
2210.12901,13
2210.12934,10
2210.12999,12
2210.13250,26
2210.13280,16
2210.13408,7
2210.13478,17
2210.13551,6
2210.13896,10
2210.13976,22
2210.14113,1
2210.14182,11
2210.14183,17
2210.14197,6
2210.14236,1
2210.15600,29
2210.14591,23
2210.14681,2
2210.14953,13
2210.15065,23
2210.15215,8
2210.15293,13
2210.15307,8
2210.15404,9
2210.15582,5
2210.15660,22
2210.15661,0
2210.15693,17
2210.15864,15
2210.15995,28
2210.16198,10
2210.16235,16
2210.16293,0
2210.16324,10
2210.16321,6
2210.16615,12
2210.16890,10
2210.16958,19
2210.17005,29
2210.17023,7
2210.17058,6
2210.17369,13
2210.17503,9
2211.00124,15
2211.00400,28
2211.00462,8
2211.00561,19
2211.00663,6
2211.00679,17
2211.00682,5
2211.00823,25
2211.00843,15
2211.00958,15
2211.00975,27
2211.01020,12
2211.01024,28
2211.01054,1
2211.01286,12
2211.11537,14
2211.01376,5
2211.01388,26
2211.01400,17
2211.01609,13
2211.01707,19
2211.01733,28
2211.02002,6
2211.02031,6
2211.02236,17
2211.02361,27
2211.02454,9
2211.02492,22
2211.02564,20
2211.02649,18
2211.02668,17
2211.02745,5
2211.02880,22
2211.03075,29
2211.03083,28
2211.03084,0
2211.03085,18
2211.03265,29
2211.03778,6
2211.04035,17
2211.04102,28
2211.04216,26
2211.04276,4
2211.04288,13
2211.04290,15
2211.04570,26
2211.04751,10
2211.04833,28
2211.04870,7
2211.05001,23
2211.05045,4
2211.05056,18
2211.05078,9
2211.05129,5
2211.05146,18
2211.05254,1
2211.05305,16
2211.05317,5
2211.05355,16
2211.05373,15
2211.05393,23
2211.05578,22
2211.05660,13
2211.06174,12
2211.06185,1
2211.06322,6
2211.06498,6
2211.08354,15
2211.06667,11
2211.06702,13
2211.06709,18
2211.06961,2
2211.07127,21
2211.12435,13
2211.07299,13
2211.07370,10
2211.07406,18
2211.07423,6
2211.07676,5
2211.07745,18
2211.07858,13
2211.07920,19
2211.08050,12
2211.08171,13
2211.08271,4
2211.08625,18
2211.08759,13
2211.09836,17
2211.09143,6
2211.09483,24
2211.09846,24
2211.09999,5
2211.10101,5
2211.10120,18
2211.10256,15
2211.10273,13
2211.10289,27
2211.10294,27
2211.10302,5
2211.10383,11
2211.10572,14
2211.10637,25
2211.10722,4
2211.10786,27
2211.10852,11
2211.10905,5
2211.10947,2
2211.10975,17
2211.11016,23
2211.11372,5
2211.11389,22
2211.11422,17
2211.11632,1
2211.11640,24
2211.11778,22
2211.12015,1
2211.12127,14
2211.12264,26
2211.12452,12
2211.12834,17
2211.12894,12
2211.13338,28
2211.13340,14
2211.13531,4
2211.13584,18
2211.13833,13
2211.13886,16
2211.13947,15
2211.14192,28
2211.14283,14
2211.14626,14
2211.14846,22
2211.15001,18
2211.15035,19
2211.15083,25
2211.15102,10
2211.15189,16
2211.15433,13
2211.15529,17
2211.15545,25
2211.15704,5
2211.15711,6
2211.15855,4
2211.16127,18
2211.16449,22
2211.16477,10
2211.16602,26
2211.16651,22
2211.16765,9
2211.16941,15
2211.16948,21
2212.00580,17
2211.17184,2
2212.00346,18
2212.00407,5
2212.00645,4
2212.00657,9
2212.00854,17
2212.00925,18
2212.01065,11
2212.01084,25
2212.01137,12
2212.01170,17
2212.01183,15
2212.03274,12
2212.01634,10
2212.01726,17
2212.01831,18
2212.01849,17
2212.01862,4
2212.01980,14
2212.02022,16
2212.02034,25
2212.02074,18
2212.02132,13
2212.02183,14
2212.02274,9
2212.02356,17
2212.02358,15
2212.02389,22
2212.02394,5
2212.02396,22
2212.02615,13
2212.02657,14
2212.02756,0
2212.02844,5
2212.02899,26
2212.03115,11
2212.03206,12
2212.03337,16
2212.03472,16
2212.03543,15
2212.03554,13
2212.03583,15
2212.03584,28
2212.04210,12
2212.04432,14
2212.04447,26
2212.04571,9
2212.04591,18
2212.04775,5
2212.04992,17
2212.05350,4
2212.05550,18
2212.05625,13
2212.05685,10
2212.05737,6
2212.05839,17
2212.06061,19
2212.06071,29
2212.06128,27
2212.06170,10
2212.06171,4
2212.06196,16
2212.06197,5
2212.06237,29
2212.06245,25
2212.06443,13
2212.06502,5
2212.06627,11
2212.06703,25
2212.06790,27
2212.06824,27
2212.06866,13
2212.06930,18
2212.06979,11
2212.07134,7
2212.07185,13
2212.07251,18
2212.07322,15
2212.07381,6
2212.09531,13
2212.07419,17
2212.07445,18
2212.07461,2
2212.07596,18
2212.07958,16
2212.08000,15
2212.08091,9
2212.08107,18
2212.08117,1
2212.08125,15
2212.08155,2
2212.08156,0
2212.08351,4
2212.08563,21
2212.08573,23
2212.08651,13
2212.09207,0
2212.09211,14
2212.09217,19
2212.09333,12
2212.09480,4
2212.09786,0
2212.09789,29
2212.09878,25
2212.10109,23
2212.10175,9
2212.10241,9
2212.10410,17
2212.10972,6
2212.11081,12
2212.11161,5
2212.11164,9
2212.11226,18
2212.11332,9
2212.11520,5
2212.11602,17
2212.11615,2
2212.11628,25
2212.11633,17
2212.11651,11
2212.11655,27
2212.11757,13
2212.11855,29
2212.11964,10
2212.11973,6
2212.12068,9
2212.12118,25
2212.12128,10
2212.12234,21
2212.12382,22
2212.12520,17
2212.12638,23
2212.12775,13
2212.13102,14
2212.13314,23
2212.13319,26
2212.13334,18
2212.13339,28
2212.13458,4
2212.13460,14
2212.13515,0
2212.13526,24
2212.13580,17
2212.13603,16
2212.13657,11
2212.13692,17
2212.13722,2
2212.13739,27
2212.13752,17
2212.13784,7
2212.13826,9
2212.13865,16
2212.14038,19
2212.14184,1
2212.14313,17
2301.01626,17
2301.00670,17
2212.14656,6
2212.14711,6
2212.14869,27
2212.14880,17
2301.00086,13
2301.00110,21
2301.00480,6
2301.00756,23
2301.01115,13
2301.01120,27
2301.01344,0
2301.01402,25
2301.01467,0
2301.01633,25
2301.01669,23
2301.01873,17
2301.01881,14
2301.02037,23
2301.02254,4
2301.02270,13
2301.02274,6
2301.02404,5
2301.02501,15
2301.02706,14
2301.02666,11
2301.02765,19
2301.02892,17
2301.02929,9
2301.03031,17
2301.03240,27
2301.03263,18
2301.03357,29
2301.03473,25
2301.03507,19
2301.03603,13
2301.03838,28
2301.03937,19
2301.03967,9
2301.03968,13
2301.04175,4
2301.04184,7
2301.04276,11
2301.04329,27
2301.05559,17
2301.04411,21
2301.04557,16
2301.04580,6
2301.04703,5
2301.04730,21
2301.04801,15
2301.04832,2
2301.04984,27
2301.05081,14
2301.05148,29
2301.05312,19
2301.05322,17
2301.05340,9
2301.05446,13
2301.05621,17
2301.05622,19
2301.05684,17
2301.05696,11
2301.06137,9
2301.06185,16
2301.06261,19
2301.11652,5
2301.06336,16
2301.06357,22
2301.06425,2
2301.06523,28
2301.06756,1
2301.06810,0
2301.07121,14
2301.07299,28
2301.07374,26
2301.07553,22
2301.07604,17
2301.07606,0
2301.07637,10
2301.07648,23
2301.07764,17
2301.07864,22
2301.07909,22
2301.08033,1
2301.08116,6
2301.08176,6
2301.08239,11
2301.08415,28
2301.08426,6
2301.08466,19
2301.08550,6
2301.08631,25
2301.08633,2
2301.09032,29
2301.09035,15
2301.09050,27
2301.09641,27
2301.09114,9
2301.09644,13
2301.09151,15
2301.09377,6
2301.09628,0
2301.09678,15
2301.10116,25
2301.10306,23
2301.10474,29
2301.10524,0
2301.10755,6
2301.10826,9
2301.11027,18
2301.11212,8
2301.11261,16
2301.11348,5
2301.11425,25
2301.11458,18
2301.11523,2
2301.11543,11
2301.11614,5
2301.11633,13
2301.11708,6
2301.11840,6
2301.11853,6
2301.11876,6
2301.11951,17
2301.12034,26
2301.12049,10
2301.12320,29
2301.12324,1
2301.12368,4
2301.12431,4
2301.12432,4
2301.12442,9
2301.12552,13
2301.12716,1
2302.10097,2
2301.12979,1
2301.12991,21
2301.13024,22
2301.13153,4
2301.13488,1
2301.13520,1
2301.13564,14
2301.13679,17
2301.13697,1
2301.13740,14
2301.13795,17
2302.00024,13
2302.00475,0
2302.00682,22
2302.00686,22
2302.00844,15
2302.00966,9
2302.01122,27
2302.01209,5
2302.01258,9
2302.01462,8
2302.01549,0
2302.01741,24
2302.02054,12
2302.02362,13
2302.02604,15
2302.02610,15
2302.02621,29
2302.02705,13
2302.02763,15
2302.02906,26
2302.02933,8
2302.03155,11
2302.03365,15
2302.03381,7
2302.03402,15
2302.03446,17
2302.03812,4
2302.03944,15
2302.04267,13
2302.04277,14
2302.04385,28
2302.04489,5
2302.04550,23
2302.04617,17
2302.04698,6
2302.04710,19
2302.04717,15
2302.04758,25
2302.04762,13
2302.04889,19
2302.05078,0
2302.05100,4
2302.05115,26
2302.05145,15
2302.05227,10
2302.05263,29
2302.05373,4
2302.05434,2
2302.06036,15
2302.06151,15
2302.06211,26
2302.06250,24
2302.06329,4
2302.06575,14
2302.06645,13
2302.06718,12
2302.06753,12
2302.06756,12
2302.08979,12
2302.06765,6
2302.07827,12
2302.07826,12
2302.07825,12
2302.06823,19
2302.06830,23
2302.06897,29
2302.06956,29
2302.06999,1
2302.07015,28
2302.07094,9
2302.07113,27
2302.07201,12
2302.07246,9
2302.07451,5
2302.07790,15
2302.07885,6
2302.08075,0
2302.08188,15
2302.08356,28
2302.08367,6
2302.08517,6
2302.08622,29
2302.08828,13
2302.08968,25
2302.09192,13
2302.09242,23
2302.09337,4
2302.09588,28
2302.09627,23
2302.09702,16
2302.09858,0
2302.09876,11
2302.10422,16
2302.10583,9
2302.10677,2
2303.00926,17
2302.10705,21
2302.10710,15
2302.10744,9
2302.11144,14
2303.06054,24
2302.11664,22
2302.11724,19
2302.11762,26
2302.11879,25
2302.12033,10
2302.12280,13
2302.12377,25
2302.12630,9
2302.12731,5
2302.12732,8
2302.12988,29
2302.13134,17
2302.13138,17
2302.13169,6
2302.13185,18
2302.13476,5
2302.13561,17
2302.13712,4
2302.13734,12
2302.13821,12
2302.13864,9
2302.13936,27
2302.14050,9
2302.14214,2
2302.14272,15
2302.14274,15
2302.14283,7
2302.14316,23
2302.14378,27
2302.14410,23
2302.14535,13
2302.14612,0
2302.14672,17
2302.14729,7
2302.14767,16
2302.14802,9
2302.14855,28
2303.00090,20
2303.00134,24
2303.00185,18
2303.00390,25
2303.00623,0
2303.00625,11
2303.00653,10
2303.00685,16
2303.00717,7
2303.00741,1
2303.00742,22
2303.00761,19
2303.00846,4
2303.00875,26
2303.00903,19
2303.00966,16
2303.01026,21
2303.01062,27
2303.01079,21
2303.01225,26
2303.01228,21
2303.01340,15
2303.01441,29
2303.01699,2
2303.01811,23
2303.01901,15
2303.01902,14
2303.01961,28
2303.02152,15
2303.02176,2
2303.02221,13
2303.02406,9
2303.02670,22
2303.02865,7
2303.02908,15
2303.03145,28
2303.03173,8
2303.03252,21
2303.03288,2
2303.03473,15
2303.03624,17
2303.03784,9
2303.03874,26
2303.03938,5
2303.04004,6
2303.04139,28
2303.04176,22
2303.04252,5
2303.04344,9
2303.04371,9
2303.04499,1
2303.04512,12
2303.04586,18
2303.04663,11
2303.05013,1
2303.05017,22
2303.05041,13
2303.05094,7
2303.05117,27
2303.05175,2
2303.05254,28
2303.05301,9
2303.05377,25
2303.05609,21
2303.05716,28
2303.05721,29
2303.05926,7
2303.05951,13
2303.05959,19
2303.05987,29
2303.06059,9
2303.06220,1
2303.06339,15
2303.06520,25
2303.06540,17
2303.06672,28
2303.06718,27
2303.06750,2
2303.06915,26
2303.06989,12
2303.07173,16
2303.07254,10
2303.07491,21
2303.07602,23
2303.07698,5
2303.07701,14
2303.07738,22
2303.07962,29
2303.07993,18
2303.08009,8
2303.08136,5
2303.08247,25
2303.08376,6
2303.08520,15
2303.08592,4
2303.08759,29
2303.09052,14
2303.09918,15
2303.09108,15
2303.09747,15
2303.09787,16
2303.09805,29
2303.10080,26
2303.10169,2
2303.10212,17
2303.10265,0
2303.10468,18
2303.10529,17
2303.10540,13
2303.10639,23
2303.10685,21
2303.10698,16
2303.10716,16
2303.10939,17
2303.11063,29
2303.11072,10
2303.11178,25
2303.11179,25
2303.11202,8
2303.11213,17
2303.11254,4
2303.11345,5
2303.11401,4
2303.11598,15
2303.11600,20
2303.11601,12
2303.11622,28
2303.11683,29
2303.11729,5
2303.11975,14
2303.12315,4
2303.12568,15
2303.12575,29
2303.18235,28
2303.12833,10
2303.12977,1
2303.13049,14
2303.13098,9
2303.13328,25
2303.13394,2
2303.13498,6
2303.13704,26
2303.13910,25
2303.13922,13
2303.13928,8
2303.14034,29
2303.14122,12
2303.14225,18
2303.14236,9
2303.14339,15
2303.14385,13
2303.14466,25
2303.14673,4
2303.14823,14
2303.14842,13
2303.14909,29
2303.15018,28
2303.15077,18
2303.15257,21
2303.15355,2
2303.15504,24
2303.15551,22
2303.15622,29
2303.15912,4
2303.15914,21
2303.15968,9
2303.15980,12
2303.16007,5
2303.16029,13
2303.16238,14
2303.16745,27
2303.16883,13
2303.16888,17
2303.16916,17
2303.16931,14
2303.17211,11
2303.17286,22
2303.17348,13
2303.17353,17
2303.17365,16
2303.17453,27
2303.17492,13
2303.17529,22
2303.17587,29
2303.17631,10
2303.17656,24
2303.17685,17
2303.17861,8
2303.17902,25
2303.17953,5
2303.18145,18
2303.18212,13
2304.00090,5
2304.00190,29
2304.00535,17
2304.00558,15
2304.00799,21
2304.00914,9
2304.00928,9
2304.01024,4
2304.01084,26
2304.01122,26
2304.01127,25
2304.01427,16
2304.01444,15
2304.01588,13
2304.01631,0
2304.01740,26
2304.01827,5
2304.02115,28
2304.02243,25
2304.02341,17
2304.02586,25
2304.02635,25
2304.02749,13
2304.02940,17
2304.02955,9
2304.03028,28
2304.03062,5
2304.03074,18
2304.03100,29
2304.03231,1
2304.03303,14
2304.03409,0
2304.03591,23
2304.03599,1
2304.03613,24
2304.03759,25
2304.03963,6
2304.04263,7
2304.04310,29
2304.06726,1
2304.04378,21
2304.04426,25
2304.04447,29
2304.04533,16
2304.04825,22
2304.04841,1
2304.04993,15
2304.05030,10
2304.05086,11
2304.05113,15
2304.05234,18
2304.05356,5
2304.05424,5
2304.05443,22
2304.05806,13
2304.05851,23
2304.05854,16
2304.05971,18
2304.05987,9
2304.06069,9
2304.06171,12
2304.06260,11
2304.06284,19
2304.07222,21
2304.06426,12
2304.06431,10
2304.06685,29
2304.06691,17
2304.06980,21
2304.07024,12
2304.07084,12
2304.07100,5
2304.07117,17
2304.07182,25
2304.07224,28
2304.07318,24
2304.07326,29
2304.07432,2
2304.07490,6
2304.07678,15
2304.07960,15
2304.07966,29
2304.08080,10
2304.08102,13
2304.08142,5
2304.08214,25
2304.08294,15
2304.08428,28
2304.08446,29
2304.08633,10
2304.08675,20
2304.08683,6
2304.08792,28
2304.08992,29
2304.08997,21
2304.09011,27
2304.09066,25
2304.09111,13
2304.09360,12
2304.09812,17
2304.10032,15
2304.10390,17
2304.10483,17
2304.10583,25
2304.10741,9
2304.10766,4
2304.10874,28
2304.10926,4
2304.11242,15
2304.11245,17
2304.11305,20
2304.11311,28
2304.11382,13
2304.11457,13
2304.11536,18
2304.11807,22
2304.11933,5
2304.11939,9
2304.11944,17
2304.12116,13
2304.12230,25
2304.12392,15
2304.12456,13
2304.12472,7
2304.12485,10
2304.12619,5
2304.12689,13
2304.13083,6
2304.13093,4
2304.13257,11
2304.13367,21
2304.13642,29
2304.13697,25
2304.13741,17
2304.13914,1
2304.14196,7
2304.14426,18
2304.14254,10
2304.14448,9
2304.14453,25
2304.14650,17
2304.14682,1
2304.14805,25
2304.14816,2
2304.14822,26
2304.14849,18
2304.14928,17
2305.00444,29
2305.00549,14
2305.00589,0
2305.00958,23
2305.00990,17
2305.01003,14
2305.01200,15
2305.01218,15
2305.01682,6
2305.01740,2
2305.01766,13
2305.01872,21
2305.01882,6
2305.01926,16
2305.02006,15
2305.02040,19
2305.02129,12
2305.02216,18
2305.02340,1
2305.02345,11
2305.02418,12
2305.02467,23
2305.02548,17
2305.02625,25
2305.02838,15
2305.02900,5
2305.03035,16
2305.03265,20
2305.03278,0
2305.03404,10
2305.05373,4
2305.03705,29
2305.03856,9
2305.04219,14
2305.04262,12
2305.04424,16
2305.04482,4
2305.04491,23
2305.04515,15
2305.04610,23
2305.04758,9
2305.04875,29
2305.05021,11
2305.05114,23
2305.05407,1
2305.05502,21
2305.05593,15
2305.05715,20
2305.05831,17
2305.06015,18
2305.06084,23
2305.06103,27
2305.06201,2
2305.06546,4
2305.06596,13
2305.06694,10
2305.06751,29
2305.06760,6
2305.06957,10
2305.06989,6
2305.07263,1
2305.07607,21
2305.07718,17
2305.07746,23
2305.07923,14
2305.08038,24
2305.08058,29
2305.08314,10
2305.08315,17
2305.08332,12
2305.08406,27
2305.08577,15
2305.08603,3
2305.08669,15
2305.08690,17
2305.11179,5
2305.09332,17
2305.09437,18
2305.09530,5
2305.09541,29
2305.09586,27
2305.09767,17
2305.10034,27
2305.10039,0
2305.10271,3
2305.10295,4
2305.10303,14
2305.10479,5
2305.10707,10
2305.10956,13
2305.10957,23
2305.11156,15
2305.11678,29
2305.11688,10
2305.12035,23
2305.12065,15
2305.12721,15
2305.12762,1
2305.12882,4
2305.12977,29
2305.13017,15
2305.13217,16
2305.13357,17
2305.13355,6
2305.13564,18
2305.13952,4
2305.14114,9
2305.14175,8
2305.14438,22
2305.14510,10
2305.14643,21
2305.14665,6
2305.14743,27
2305.14887,18
2305.15029,13
2305.15190,21
2305.15345,25
2305.15373,16
2305.15472,0
2305.15564,3
2305.15569,18
2305.15619,1
2305.15763,17
2305.15931,23
2305.16062,10
2305.16113,5
2305.16276,21
2305.16499,10
2305.16605,7
2305.16732,15
2305.16973,23
2305.17264,17
2305.17381,15
2305.17669,24
2305.17823,0
2305.17840,15
2305.17980,8
2305.17991,10
2305.17999,1
2305.18018,18
2305.18083,25
2305.18087,26
2305.18093,26
2305.18196,29
2305.18525,18
2305.18763,16
2305.18918,0
2305.19033,15
2305.19188,2
2305.19253,15
2305.19317,14
2305.19622,27
2305.19970,9
2305.19996,13
2306.00072,2
2306.00146,13
2306.00193,14
2306.00259,15
2306.00261,15
2306.00405,18
2306.00529,9
2306.00556,25
2306.00587,11
2306.00626,1
2306.00685,21
2306.00803,1
2306.00866,13
2306.01057,17
2306.01202,5
2306.01228,4
2306.01239,1
2306.01514,13
2306.01555,4
2306.01686,16
2306.01700,18
2306.02008,1
2306.02127,17
2306.02269,29
2306.02356,21
2306.02375,1
2306.02397,9
2306.02441,9
2306.02545,12
2306.02621,28
2306.02809,7
2306.02818,28
2306.02861,2
2306.02906,18
2306.03017,13
2306.03122,29
2306.03231,3
2306.03370,25
2306.03654,1
2306.03681,28
2306.03706,3
2306.03803,17
2306.03814,1
2306.03890,2
2306.04081,19
2306.04112,21
2306.04157,7
2306.04238,25
2306.04302,29
2306.04312,10
2306.04439,29
2306.04559,12
2306.04852,27
2306.04977,2
2306.05034,5
2306.05055,18
2306.05121,3
2306.05149,22
2306.05159,23
2306.05177,21
2306.05467,13
2306.05485,22
2306.05489,17
2306.05512,16
2306.05758,9
2306.05763,20
2306.05824,17
2306.05926,28
2306.05927,28
2306.06039,3
2306.06242,10
2306.06301,29
2306.06612,18
2306.06659,18
2306.06708,25
2306.06711,4
2306.06907,5
2306.06915,23
2306.06996,13
2306.07081,12
2306.07275,3
2306.07313,17
2306.07366,24
2306.07468,5
2306.07696,9
2306.07746,29
2306.07837,3
2306.07869,28
2306.07871,4
2306.08043,18
2306.08112,20
2306.08338,27
2306.08347,1
2306.08703,16
2306.08820,25
2306.09092,28
2306.09113,14
2306.09413,19
2306.09420,2
2306.09423,10
2306.09440,13
2306.09473,8
2306.09500,4
2306.09669,7
2306.09810,4
2306.09868,29
2306.10244,11
2306.10438,15
2306.10894,6
2306.11005,18
2306.11063,1
2306.11145,14
2306.11200,0
2306.11218,10
2306.11225,2
2306.11266,23
2306.11373,18
2306.11462,23
2306.11463,28
2306.11674,22
2306.11935,14
2306.12034,23
2306.12207,15
2306.12220,22
2306.12295,13
2306.12312,22
2306.12335,20
2306.12373,23
2306.12473,19
2306.12483,5
2306.12486,22
2306.12492,12
2306.12493,24
2306.12641,17
2306.12684,23
2306.12710,12
2306.12765,14
2306.12784,28
2306.12875,17
2306.12905,20
2306.13071,12
2306.13124,14
2306.13235,17
2306.13251,28
2306.13291,19
2306.13297,26
2306.13393,2
2306.13574,21
2306.13632,18
2306.13654,23
2306.13737,25
2306.13981,29
2306.14270,27
2306.14365,1
2306.14427,2
2306.14438,28
2306.14481,23
2306.14493,9
2306.14494,17
2306.14500,17
2306.14794,28
2306.14841,3
2306.14964,9
2306.14980,0
2306.15086,7
2306.15141,12
2306.15528,4
2306.15650,28
2306.15655,6
2306.15892,16
2306.16235,17
2306.16270,29
2306.16273,15
2306.16289,19
2306.16300,13
2306.16343,26
2306.16561,28
2306.16570,10
2306.16611,2
2306.16689,16
2306.16853,9
2306.17094,28
2306.17503,5
2306.17549,15
2306.17616,26
2306.17739,16
2306.17785,2
2306.17835,25
2307.00180,15
2307.00201,29
2307.00204,2
2307.00208,18
2307.00448,17
2307.00568,25
2307.00993,20
2307.01042,26
2307.01250,21
2307.01261,14
2307.01433,12
2307.01476,16
2307.01505,21
2307.01853,21
2307.01958,15
2307.01976,15
2307.02020,25
2307.02360,6
2307.02681,6
2307.02685,4
2307.02821,23
2307.02950,3
2307.02989,27
2307.03031,19
2307.03304,29
2307.03314,2
2307.03456,18
2307.03773,19
2307.03861,25
2307.03931,27
2307.03946,0
2307.03954,18
2307.05583,4
2307.04637,27
2307.04660,27
2307.04830,13
2307.04835,13
2307.04903,17
2307.04919,25
2307.04922,18
2307.05009,17
2307.05024,29
2307.05098,9
2307.05112,16
2307.05662,6
2307.05671,28
2307.05724,12
2307.05904,16
2307.05957,12
2307.06045,28
2307.06365,5
2307.06375,20
2307.06383,13
2307.06486,7
2307.06715,13
2307.06718,11
2307.06806,3
2307.06839,13
2307.07154,3
2307.07202,2
2307.07348,6
2307.07581,12
2307.07684,28
2307.07751,13
2307.07905,2
2307.07996,12
2307.08181,16
2307.08385,27
2307.08437,23
2307.08560,1
2307.08578,5
2307.08611,17
2307.08808,17
2307.09078,23
2307.09094,23
2307.09187,16
2307.09431,24
2307.15078,21
2307.09500,6
2307.09534,9
2307.09791,24
2307.09833,9
2307.09865,27
2307.09935,17
2307.10006,25
2307.10076,25
2307.10144,3
2307.10374,15
2307.10377,16
2307.10389,0
2307.10604,16
2307.10699,29
2307.10722,18
2307.10723,18
2307.10724,15
2307.10728,29
2307.10786,29
2307.10809,6
2307.10938,0
2307.10979,10
2307.10989,13
2307.11338,6
2307.11354,1
2307.11645,13
2307.11646,6
2307.11667,23
2307.11742,15
2307.11820,10
2307.11970,4
2307.12008,29
2307.12020,7
2307.12037,29
2307.12206,4
2307.12223,17
2307.12372,10
2307.12389,12
2307.12404,29
2307.12610,1
2307.12857,17
2307.12861,26
2307.12879,25
2307.13030,22
2307.13053,12
2307.13067,29
2307.13312,5
2307.13313,29
2307.13366,19
2307.13534,17
2307.13575,8
2307.13740,28
2307.13990,25
2307.13993,24
2307.13997,9
2307.14144,5
2307.14196,5
2307.14258,6
2307.14533,18
2307.14698,14
2307.14819,27
2307.14835,6
2307.14838,5
2307.14891,15
2307.14965,3
2307.15162,13
2307.15219,13
2307.15276,3
2307.15386,14
2307.15472,13
2307.15619,17
2307.15629,27
2307.15654,11
2307.15695,11
2307.15706,3
2307.15784,15
2307.16313,23
2307.16320,18
2307.16384,16
2307.16402,29
2307.16404,12
2307.16438,15
2307.16472,18
2307.16602,23
2307.16623,15
2307.16697,3
2307.16800,12
2307.16802,20
2308.00714,23
2307.16873,3
2307.16892,24
2308.00201,1
2308.00248,18
2308.00333,25
2308.00470,12
2308.00676,25
2308.00698,24
2308.00737,6
2308.00748,22
2308.00775,2
2308.02547,11
2308.00838,2
2308.00839,13
2308.00893,14
2308.00905,25
2308.00912,12
2308.00930,19
2308.00953,13
2308.02402,5
2308.01021,5
2308.01061,14
2308.01079,19
2308.01081,5
2308.01116,27
2308.01135,25
2308.01159,18
2308.01176,3
2308.01192,29
2308.01229,26
2308.01932,29
2308.01307,28
2308.01315,24
2308.01367,12
2308.01494,6
2308.01516,29
2308.01678,9
2308.01693,13
2308.01723,29
2308.01786,2
2308.01961,1
2308.01995,13
2308.02079,11
2308.02128,12
2308.02211,17
2308.02303,23
2308.02617,18
2308.02469,6
2308.02475,10
2308.02646,18
2308.02977,29
2308.03110,15
2308.03153,1
2308.03808,12
2308.03218,25
2308.03401,1
2308.03454,25
2308.03544,25
2308.03619,29
2308.03668,18
2308.03691,10
2308.03823,29
2308.03701,13
2308.03721,10
2308.03836,5
2308.03835,28
2308.03948,6
2308.04081,27
2308.04301,25
2308.04344,25
2308.04353,15
2308.04377,27
2308.04480,25
2308.04427,25
2308.04508,24
2308.04547,6
2308.05124,24
2308.04737,17
2308.04738,17
2308.04817,14
2308.04862,28
2308.04915,15
2308.05134,18
2308.04976,25
2308.05001,29
2308.05143,29
2308.05150,17
2308.05155,17
2308.05222,29
2308.05267,16
2308.05285,28
2308.05290,28
2308.05300,27
2308.05313,28
2308.05325,15
2308.05377,15
2308.05776,29
2308.05528,6
2308.05778,15
2308.05686,24
2308.05786,27
2308.05791,17
2308.05919,23
2308.06000,23
2308.06170,5
2308.06222,1
2308.06240,23
2308.06256,15
2308.06349,29
2308.06589,29
2308.06684,20
2308.06704,2
2308.06757,28
2308.06771,3
2308.07345,28
2308.06875,28
2308.06881,25
2308.06988,0
2308.07115,17
2308.07143,13
2308.07226,18
2308.07261,25
2308.07941,29
2308.07376,0
2308.07383,18
2308.07386,3
2308.07400,22
2308.07423,13
2308.07482,26
2308.07651,3
2308.07674,5
2308.08458,24
2308.07800,29
2308.07849,21
2308.07888,13
2308.08454,25
2308.07961,19
2308.08248,24
2308.08395,10
2308.08435,12
2308.08606,18
2308.08609,6
2308.08633,16
2308.08679,10
2308.08686,12
2308.11768,15
2308.08814,25
2308.08894,4
2308.09044,3
2308.09116,17
2308.09136,4
2308.09172,12
2308.09335,12
2308.09528,28
2308.09541,9
2308.11766,25
2308.09698,3
2308.09707,19
2308.09756,10
2308.09773,0
2308.09859,21
2308.09900,25
2308.09925,18
2308.09995,13
2308.10065,17
2308.10129,26
2308.10492,12
2308.10530,22
2308.10659,7
2308.10663,15
2308.10669,25
2308.10780,24
2308.10939,18
2308.10938,22
2308.10935,6
2308.11101,10
2308.11160,29
2308.11195,3
2308.11270,12
2308.11414,10
2308.11614,3
2308.11811,19
2308.11930,29
2308.11996,13
2308.12040,11
2308.12055,19
2308.12090,8
2308.12398,11
2308.12414,15
2308.12474,13
2308.12618,29
2308.12631,15
2308.12703,5
2308.12750,7
2308.12812,4
2308.12931,5
2308.12995,11
2308.13180,23
2308.13275,25
2308.13400,24
2308.13427,1
2308.13597,13
2308.13601,5
2308.13824,19
2308.13831,19
2308.13885,29
2308.13938,29
2308.14062,5
2308.14170,0
2308.14227,18
2308.14294,1
2308.14345,10
2308.14564,5
2308.14612,15
2308.14672,29
2308.14751,19
2308.14795,5
2308.14801,12
2308.14849,2
2308.14892,25
2308.15031,29
2308.15064,0
2308.15228,8
2308.15258,0
2308.15523,18
2308.15535,0
2308.15540,15
2308.15631,8
2308.15722,16
2308.15869,15
2308.16072,13
2308.16101,19
2308.16420,29
2308.16423,17
2308.16507,1
2308.16564,3
2308.16657,18
2308.16746,25
2308.16786,27
2308.16908,0
2309.00105,15
2309.00118,19
2309.00261,27
2309.00264,14
2309.00346,22
2309.00469,5
2309.00495,14
2309.00601,11
2309.00679,28
2309.00747,17
2309.01148,25
2309.01295,0
2309.01355,9
2309.01403,15
2309.01410,2
2309.01563,2
2309.01634,17
2309.01649,28
2309.01651,27
2309.01856,9
2309.01942,15
2309.02146,0
2309.02178,22
2309.02222,10
2309.02241,16
2309.02249,12
2309.02419,25
2309.02537,25
2309.02655,11
2309.02683,29
2309.02695,17
2309.02714,1
2309.02728,13
2309.02827,15
2309.02918,18
2309.03153,17
2309.03170,7
2309.03285,5
2309.03407,11
2309.03416,22
2309.03760,22
2309.03935,25
2309.04050,19
2309.04155,19
2309.04237,16
2309.04308,15
2309.04359,17
2309.04531,4
2310.08594,29
2309.04847,28
2309.05034,13
2309.05243,6
2309.05313,25
2309.05403,17
2309.05486,7
2309.05623,9
2309.05664,18
2309.05711,28
2309.05726,3
2309.05880,5
2309.05895,25
2310.05957,17
2309.05983,28
2309.05984,6
2309.06069,2
2309.06173,3
2309.06303,17
2309.07928,29
2309.06385,23
2309.06732,25
2309.06839,12
2309.06984,12
2309.07211,5
2309.07292,12
2309.07336,11
2309.07827,15
2309.07997,25
2309.08062,12
2309.08246,16
2309.08292,17
2309.08308,25
2309.08329,17
2309.08582,18
2309.08668,15
2309.08758,19
2309.08921,28
2309.09008,9
2309.09160,8
2309.09255,15
2309.09260,28
2309.09368,5
2309.09462,3
2309.09494,15
2309.09829,17
2309.09903,23
2309.10025,4
2309.10145,11
2309.10208,28
2309.10274,29
2309.10407,12
2309.10446,4
2309.10540,17
2309.10571,25
2309.10637,18
2309.10705,15
2309.10720,9
2309.10888,19
2309.10897,13
2309.10905,10
2309.10923,12
2309.11055,15
2309.11098,13
2309.11149,19
2309.11328,9
2309.11440,24
2309.11501,14
2309.11541,29
2309.11556,28
2309.11607,19
2309.11670,17
2309.11786,6
2309.11874,28
2309.12133,4
2309.12313,11
2309.12457,0
2309.12520,23
2309.12535,20
2309.12615,16
2309.12674,17
2309.12836,12
2309.12840,7
2309.12923,5
2309.13040,6
2309.13131,12
2309.13301,6
2309.13514,26
2309.13868,28
2309.13919,29
2309.14077,2
2309.14133,23
2309.14262,0
2309.14411,19
2309.14427,18
2309.14448,18
2309.14479,17
2309.14574,26
2309.14665,12
2309.14767,22
2309.14812,26
2309.14851,28
2309.14909,17
2309.14952,12
2309.15078,3
2309.15095,3
2309.15567,14
2309.15652,13
2309.15688,17
2309.15745,3
2309.15843,3
2309.15894,0
2309.15989,20
2309.16013,20
2309.16151,25
2309.16191,17
2309.16341,6
2309.16502,26
2309.16814,20
2309.16890,8
2309.16917,1
2309.16982,0
2309.16985,26
2309.17279,3
2309.17362,17
2309.17378,27
2309.17408,20
2310.00056,1
2310.00128,20
2310.00282,16
2310.00499,25
2310.00573,12
2310.00838,18
2310.00945,12
2310.01722,4
2310.01952,3
2310.02539,14
2310.02586,7
2310.02589,7
2310.02761,28
2310.02910,9
2310.02915,3
2310.02933,13
2310.03082,24
2310.03102,13
2310.03138,12
2310.03170,23
2310.03296,13
2310.06866,18
2310.03484,12
2310.03489,21
2310.03531,27
2310.03609,15
2310.03723,1
2310.03810,19
2310.03818,27
2310.03950,2
2310.04033,27
2310.04040,28
2310.04105,25
2310.04325,24
2310.04375,23
2310.04379,22
2310.06869,29
2310.04806,17
2310.04938,15
2310.05138,0
2310.05376,17
2310.05603,28
2310.05663,9
2310.05716,4
2310.10674,17
2310.06024,20
2310.06030,9
2310.06102,26
2310.06108,12
2310.06190,18
2310.06220,17
2310.06411,17
2310.06443,17
2310.06589,24
2310.06621,11
2310.06672,9
2310.06797,23
2310.06804,29
2310.09305,29
2310.07562,29
2310.07696,28
2310.07791,11
2310.07824,11
2310.07993,17
2310.08154,17
2310.08162,2
2310.08462,25
2310.08642,5
2310.08698,21
2310.08736,27
2310.11463,8
2310.09063,17
2310.09097,17
2310.09174,6
2310.09190,5
2310.09258,5
2310.09324,18
2310.09526,15
2310.09557,4
2310.09816,10
2310.11236,28
2310.10153,6
2310.10201,5
2310.10279,2
2310.10337,14
2310.10491,27
2310.10923,21
2310.11051,29
2310.11195,24
2310.11298,4
2310.11484,11
2310.11497,6
2310.12002,0
2310.12117,17
2310.12194,17
2310.12223,5
2310.12250,7
2310.12252,5
2310.12259,20
2310.12414,28
2310.12824,27
2310.12849,27
2310.12850,27
2310.12890,10
2310.13058,11
2310.13163,16
2310.13214,28
2310.13282,11
2310.13363,4
2310.13475,12
2310.13491,12
2310.13741,4
2310.13857,13
2310.13945,29
2310.13986,1
2310.14024,17
2310.14035,5
2310.14057,29
2310.14254,27
2310.14271,27
2310.14284,20
2310.14800,24
2310.15103,22
2310.15260,16
2310.15331,25
2310.15381,28
2310.15558,24
2310.15606,8
2310.15864,17
2310.15892,28
2310.15995,11
2310.16075,6
2310.16051,21
2310.16272,14
2310.16486,4
2310.16529,21
2310.16543,13
2310.16623,0
2310.16785,11
2310.16815,2
2310.16881,0
2310.17088,19
2310.17148,2
2310.17244,5
2310.17301,9
2310.17464,15
2310.17465,3
2310.17691,6
2310.17706,6
2310.17728,16
2310.17847,5
2310.17858,16
2310.17871,3
2310.17992,5
2310.18083,19
2310.18132,18
2310.18134,19
2310.18147,23
2310.18157,0
2310.18175,18
2310.18218,28
2310.18232,12
2310.18245,25
2310.18302,20
2310.18524,4
2310.18675,10
2310.18800,25
2310.18994,16
2310.19002,29
2310.19003,15
2310.19016,25
2310.19082,25
2310.19241,15
2310.19279,13
2310.19875,17
2310.19907,10
2310.20017,12
2310.20084,18
2310.20108,11
2310.20306,6
2310.20385,6
2310.20576,5
2310.20640,0
2311.00069,4
2311.00178,10
2311.00195,15
2311.00228,8
2311.00266,0
2311.00324,25
2311.00479,17
2311.00540,17
2311.00597,13
2311.00602,23
2311.00841,15
2311.00909,15
2311.00930,4
2311.00937,12
2311.00948,9
2311.01019,15
2311.01037,25
2311.01318,4
2311.01413,20
2311.01502,14
2311.01656,29
2311.01670,21
2311.01880,19
2311.02005,16
2311.02165,5
2311.02207,0
2311.02336,12
2311.02403,9
2311.02494,22
2311.02824,24
2311.02946,4
2311.03104,1
2311.03126,17
2311.03193,19
2311.03208,19
2311.03302,7
2311.03349,3
2311.03558,29
2311.03605,19
2311.03640,25
2311.03649,1
2311.03717,9
2311.03752,4
2311.03931,28
2311.04170,22
2311.04188,15
2311.04445,9
2311.04506,12
2311.04605,19
2311.04629,18
2311.04757,13
2311.05035,0
2311.05156,26
2311.05453,3
2311.05455,27
2311.05491,3
2311.05578,4
2311.05814,19
2311.05946,26
2311.06075,1
2311.06097,0
2311.06195,7
2311.06709,27
2311.06710,17
2311.06804,4
2311.06841,15
2311.06925,21
2311.06988,0
2311.07136,27
2311.07153,25
2311.07262,1
2311.07316,3
2311.07353,3
2311.07359,19
2311.07405,22
2311.07423,27
2311.07571,19
2311.07667,6
2311.07697,16
2311.07787,11
2311.07865,29
2311.07882,28
2311.07943,16
2311.08056,5
2311.08070,29
2311.08212,27
2311.08281,4
2311.08771,19
2311.08928,17
2311.09009,14
2311.09177,12
2311.09186,27
2311.09310,2
2311.09347,18
2311.09368,5
2311.09588,1
2311.09664,5
2311.09742,19
2311.09772,23
2311.09970,3
2311.10030,17
2311.10066,3
2311.10338,15
2311.10499,11
2311.10676,1
2311.10942,6
2311.11087,14
2311.11402,1
2311.11447,17
2311.11540,28
2311.11561,6
2311.11615,4
2311.11684,5
2311.11867,13
2311.11954,9
2311.12094,6
2311.12116,18
2311.12222,0
2311.12361,27
2311.12769,3
2311.12783,13
2311.12797,17
2311.12964,13
2311.13116,18
2311.13150,21
2311.13228,27
2311.13308,10
2311.13312,27
2311.13345,2
2311.13440,6
2311.13674,1
2311.13908,23
2311.14119,23
2311.14154,8
2311.14170,18
2311.14297,13
2311.14355,25
2311.14472,5
2311.14503,14
2311.14559,16
2311.14860,14
2311.14914,17
2311.15079,19
2311.15092,6
2311.15126,17
2311.15132,27
2311.15338,13
2311.15371,13
2311.15560,13
2311.15574,18
2311.15577,13
2311.15613,13
2311.15684,9
2311.15708,0
2311.15717,3
2311.15733,4
2311.15814,5
2311.15834,10
2311.15835,5
2311.15911,4
2311.16033,17
2311.16329,25
2311.16449,2
2311.16489,13
2311.16553,6
2311.16590,5
2311.16641,12
2311.16763,27
2311.16767,1
2311.16794,11
2311.16815,13
2311.17000,8
2311.17158,13
2311.17328,29
2311.17501,23
2311.17506,23
2311.17511,24
2311.17513,17
2311.17534,18
2311.17694,25
2311.18019,6
2311.18325,5
2311.18442,15
2311.18478,29
2311.18507,15
2311.18544,13
2312.00187,9
2312.00515,28
2312.00652,20
2312.00748,21
2312.00749,17
2312.00754,16
2312.09421,1
2312.01038,23
2312.01108,19
2312.01290,29
2312.01363,1
2312.01439,20
2312.01914,15
2312.01927,17
2312.01972,28
2312.02410,17
2312.02655,5
2312.02692,14
2312.02785,21
2312.02893,15
2312.02961,18
2312.02978,28
2312.02982,28
2312.03215,15
2312.03448,15
2312.03456,13
2312.03605,6
2312.03650,28
2312.03819,22
2312.03825,5
2312.03844,1
2312.04034,17
2312.04207,20
2312.04211,11
2312.04268,23
2312.04304,3
2312.04331,21
2312.04353,5
2312.04401,7
2312.04415,14
2312.04488,19
2312.04495,29
2312.04650,14
2312.04892,2
2312.05008,14
2312.05129,15
2312.05130,25
2312.05378,28
2312.07567,17
2312.05892,11
2312.05893,6
2312.06011,17
2312.06045,25
2312.06073,29
2312.06081,27
2312.06090,29
2312.06183,6
2312.06321,17
2312.06407,10
2312.06411,11
2312.06421,2
2312.06529,23
2312.06774,18
2312.06816,23
2312.14955,27
2312.07053,18
2312.07238,27
2312.07256,0
2312.07310,1
2312.07341,3
2312.07354,23
2312.07653,25
2312.11516,24
2312.08099,0
2312.08112,13
2312.08116,27
2312.08243,17
2312.08260,7
2312.08296,21
2312.08354,11
2312.08439,19
2312.08552,5
2312.10021,17
2312.08638,2
2312.08693,17
2312.09014,25
2312.09017,24
2312.09124,17
2312.09153,5
2312.09200,3
2312.09204,14
2312.09386,11
2312.09637,5
2312.09728,15
2312.09729,15
2312.09984,23
2312.09991,17
2312.10313,25
2312.10354,25
2312.10368,23
2312.10391,4
2312.10408,23
2312.10453,5
2312.10489,27
2312.10492,29
2312.14174,13
2312.10597,12
2312.10609,11
2312.10723,16
2312.10805,4
2312.10886,15
2312.10901,16
2312.10912,2
2312.10955,4
2312.11002,15
2312.11155,19
2312.11162,15
2312.11248,9
2312.11310,17
2312.11464,0
2312.11628,28
2312.11844,3
2312.12187,1
2312.12546,17
2312.12694,29
2312.12706,29
2312.12749,16
2312.12755,21
2312.13059,1
2312.13145,9
2312.13348,6
2312.13367,22
2312.13368,19
2312.13391,2
2312.13392,17
2312.13475,13
2312.13733,5
2312.13785,2
2312.13829,9
2312.13833,9
2312.13857,14
2312.14084,14
2312.14236,25
2312.14156,6
2312.14251,3
2312.14283,25
2312.14624,21
2312.14729,0
2312.14754,13
2312.14780,27
2312.14784,27
2312.15074,25
2312.15155,10
2312.15515,2
2312.15688,18
2312.15724,17
2312.15727,28
2312.15932,15
2312.15951,17
2312.15961,18
2312.16029,17
2312.16042,22
2312.16130,28
2312.16164,9
2312.16280,6
2312.16372,17
2312.16402,20
2312.16444,7
2312.16484,27
2312.16632,28
2312.17064,3
2312.17208,10
2312.17213,0
2312.17305,13
2312.17366,17
2312.17498,27
2312.17703,13
2401.00088,29
2401.00118,28
2401.00321,0
2401.00372,17
2401.00389,20
2401.00410,26
2401.00506,13
2401.00530,19
2401.00712,4
2401.00804,3
2401.00823,20
2401.00999,12
2401.01051,19
2401.01115,20
2401.01205,1
2401.01266,12
2401.01413,20
2401.01547,6
2401.01602,5
2401.01778,17
2401.02079,15
2401.02131,1
2401.02140,16
2401.02237,16
2401.02259,5
2401.02310,1
2401.02372,15
2401.02408,5
2401.02512,9
2401.02642,29
2401.03130,25
2401.03348,1
2401.03471,12
2401.04106,22
2401.04163,24
2401.04202,17
2401.04219,13
2401.04258,3
2401.04275,17
2401.04333,0
2401.04426,5
2401.04479,28
2401.04493,17
2401.04532,4
2401.04546,0
2401.04684,9
2401.04793,12
2401.04870,15
2401.05092,16
2401.05213,28
2401.05333,23
2401.05488,5
2401.05486,1
2401.05503,2
2401.05685,18
2401.05697,5
2401.10277,23
2401.05801,21
2401.05847,5
2401.05954,17
2401.06054,17
2401.06079,17
2401.06219,5
2401.06355,5
2401.06599,13
2401.06639,4
2401.07129,7
2401.07350,3
2401.07397,4
2401.07407,15
2401.07415,13
2401.08927,12
2401.07566,12
2401.07610,15
2401.07614,0
2401.07878,17
2401.08005,13
2401.08279,16
2401.08380,10
2401.08576,19
2401.08746,6
2401.08753,17
2401.08762,11
2401.09288,22
2401.09349,28
2401.09573,11
2401.09592,27
2401.09625,27
2401.09661,22
2401.10650,6
2401.10707,25
2401.10769,16
2401.10876,13
2401.11028,18
2401.11121,27
2401.11149,4
2401.11510,19
2401.11577,18
2401.11689,6
2401.11989,11
2401.12037,15
2401.12106,11
2401.12307,7
2401.12313,17
2401.12320,18
2401.12355,17
2401.12545,21
2401.12551,4
2401.12607,21
2401.12628,23
2401.12635,3
2401.12647,28
2401.12657,3
2401.12682,29
2401.12705,5
2401.12750,5
2401.12758,23
2401.12910,3
2401.13072,18
2401.13106,17
2401.13211,29
2401.13291,15
2401.13485,0
2401.13526,10
2401.15097,3
2401.13958,29
2401.14165,28
2401.14365,18
2401.14501,5
2401.14597,13
2401.14764,21
2401.14896,5
2401.15015,18
2401.15224,20
2401.15918,4
2401.15979,7
2401.15980,7
2401.16151,3
2401.16163,1
2401.16262,14
2401.16346,2
2401.16611,1
2401.16724,25
2401.16877,17
2401.16935,18
2401.16980,15
2401.17024,29
2401.17079,20
2401.17488,6
2401.17506,12
2401.17601,23
2401.17670,13
2401.17903,4
2402.00577,17
2402.00198,12
2402.00317,14
2402.00387,4
2402.00547,28
2402.00556,5
2402.00579,2
2402.00643,19
2402.00644,9
2402.00817,14
2402.00869,22
2402.00936,11
2402.01280,9
2402.01347,23
2402.01815,11
2402.02040,17
2402.02120,2
2402.02351,3
2402.02472,14
2402.02508,28
2402.02532,24
2402.02581,3
2402.02747,17
2402.02785,28
2402.02810,18
2402.03005,5
2402.03073,8
2402.03143,7
2402.03238,20
2402.03537,28
2402.03889,21
2402.03952,27
2402.04024,23
2402.04034,12
2402.18588,25
2402.04771,12
2402.05085,3
2402.05104,7
2402.05285,3
2402.05361,11
2402.05447,3
2402.06175,2
2402.06248,26
2402.06427,8
2402.06432,15
2402.06450,3
2402.06454,24
2402.06796,27
2402.06850,15
2402.07044,21
2402.07122,28
2402.07128,7
2402.07143,3
2402.07184,18
2402.07196,3
2402.07449,6
2402.07490,9
2402.07580,15
2402.07592,8
2402.07801,8
2402.07902,3
2402.07973,23
2402.08263,9
2402.08330,9
2402.08394,25
2402.08603,21
2402.08677,25
2402.08730,17
2402.08895,9
2402.09093,12
2402.09208,23
2402.09349,23
2402.09502,6
2402.09506,24
2402.09517,2
2402.09525,19
2402.10096,25
2402.10266,18
2402.10276,21
2402.10330,13
2402.10458,26
2402.10485,3
2402.10775,21
2402.10844,28
2402.10878,28
2402.11007,6
2402.11130,0
2402.11204,29
2402.11255,6
2402.11603,13
2402.11606,17
2402.11720,21
2402.11916,6
2402.12117,0
2402.12586,21
2402.12740,15
2402.12758,4
2402.12783,15
2402.12933,16
2402.12941,25
2402.13074,2
2402.13238,6
2402.13313,18
2402.13862,19
2402.13880,13
2402.13886,1
2402.14051,23
2402.14061,18
2402.14071,14
2402.14088,17
2402.14436,16
2402.14451,9
2402.14534,26
2402.14559,7
2402.14673,14
2402.15251,18
2402.15459,18
2402.15471,11
2402.15500,12
2402.15801,5
2402.16022,16
2402.16089,26
2402.16099,13
2402.16219,0
2402.16258,15
2402.16384,11
2402.16411,4
2402.16427,27
2402.17305,6
2402.17315,27
2402.17328,10
2402.17367,12
2402.17395,11
2402.17458,12
2402.17731,27
2402.17945,16
2402.18082,16
2402.18357,9
2402.18564,15
2402.18626,28
2402.18627,4
2402.18735,15
2402.18763,15
2402.18767,28
2402.19353,15
2402.19382,19
2402.19384,29
2402.19398,21
2402.19454,23
2402.19478,22
2403.00156,10
2403.00286,21
2403.00316,5
2403.00359,9
2403.00419,19
2403.00493,7
2403.00494,0
2403.00503,21
2403.00615,16
2403.00630,14
2403.00706,11
2403.00723,23
2403.00738,29
2403.00903,22
2403.00933,15
2403.00960,7
2403.01080,24
2403.01111,10
2403.01350,29
2403.01455,22
2403.01502,9
2403.01589,2
2403.01597,21
2403.01625,13
2403.01688,29
2403.01696,0
2403.01719,4
2403.01796,7
2403.01806,13
2403.01949,9
2403.02036,5
2403.02049,22
2403.02073,6
2403.02117,17
2403.02143,13
2403.02266,19
2403.02320,22
2403.02322,10
2403.02453,6
2403.02481,19
2403.02535,15
2403.02819,18
2403.03025,17
2403.03036,1
2403.03169,26
2403.04802,16
2403.03324,25
2403.03351,11
2403.03621,13
2403.03729,4
2403.03800,13
2403.03803,13
2403.03946,27
2403.03980,2
2403.04097,25
2403.04136,20
2403.04270,24
2403.04391,26
2403.04421,14
2403.04538,2
2403.04623,13
2403.04624,13
2403.04851,18
2403.05012,1
2403.05051,18
2403.05115,15
2403.05227,15
2403.05867,22
2403.05889,28
2403.05903,22
2403.05915,4
2403.05917,0
2403.06046,10
2403.06085,26
2403.06157,17
2403.09710,17
2403.06215,19
2403.06229,13
2403.06231,9
2403.06232,5
2403.06325,17
2403.06380,1
2403.06476,15
2403.06650,27
2403.06778,12
2403.07117,9
2403.07176,7
2403.07215,11
2403.07299,8
2403.07344,7
2403.07370,13
2403.07448,7
2403.07452,28
2403.07504,26
2403.07525,28
2403.07580,27
2403.07584,29
2403.07666,12
2403.07737,6
2403.07740,17
2403.07999,18
2403.08028,9
2403.08188,13
2403.08347,21
2403.08468,23
2403.08655,21
2403.08734,2
2403.08889,5
2403.08905,12
2403.09241,20
2403.09395,2
2403.09569,17
2403.09602,19
2403.09765,6
2403.09826,27
2403.10456,18
2403.11126,15
2403.11218,6
2403.11224,6
2403.11354,21
2403.11455,10
2403.11685,4
2403.11713,3
2403.11839,2
2403.12164,23
2403.12597,0
2403.12656,2
2403.12831,3
2403.12889,13
2403.13202,17
2403.13496,29
2403.13526,13
2403.13552,13
2403.13627,29
2403.13669,9
2403.14012,19
2403.14057,25
2403.14075,27
2403.14277,19
2403.14400,3
2403.14568,27
2403.14620,18
2403.14756,18
2403.14851,0
2403.14891,4
2403.14970,9
2403.14992,4
2403.15177,4
2403.15196,1
2403.15283,29
2403.15310,11
2404.02914,6
2403.16025,12
2403.16119,26
2403.16279,23
2403.16496,18
2403.16969,7
2403.17050,6
2403.17152,23
2403.17482,9
2403.17499,17
2403.17519,25
2403.17560,9
2404.02916,28
2403.17671,4
2403.17737,25
2403.17894,14
2403.18022,15
2403.18150,21
2403.18244,0
2403.18701,2
2403.18897,0
2404.02918,1
2403.19125,5
2403.19182,20
2403.19331,17
2403.19422,12
2403.19445,14
2403.19469,5
2403.19614,13
2403.19617,7
2403.19745,25
2403.19877,5
2403.19981,12
2403.19984,12
2403.20119,14
2403.20121,4
2403.20125,4
2403.20210,12
2403.20277,27
2404.00719,1
2404.00963,26
2404.01117,6
2404.01262,17
2404.01373,13
2404.01389,6
2404.01429,14
2404.01979,6
2404.02200,28
2404.02219,28
2404.02549,21
2404.02633,18
2404.02748,1
2404.02863,1
2404.02989,11
2404.03020,0
2404.03461,15
2404.03638,3
2404.03731,0
2404.03846,16
2404.04154,28
2404.04329,25
2404.04489,23
2404.04602,6
2404.04701,26
2404.04777,6
2404.05382,20
2404.05485,18
2404.05521,14
2404.05798,18
2404.05890,13
2404.06146,27
2404.06147,4
2404.06262,17
2404.06532,17
2404.06592,19
2404.06677,19
2404.06899,13
2404.07423,17
2404.10785,21
2404.07506,5
2404.07633,0
2404.08122,1
2404.08405,14
2404.08527,9
2404.08897,23
2404.08962,14
2404.09162,3
2404.09199,12
2404.09211,24
2404.09517,19
2404.09527,17
2404.09662,0
2404.09784,13
2404.09855,17
2404.09909,22
2404.10038,18
2404.10046,10
2404.10402,9
2404.10434,8
2404.10519,2
2404.10835,26
2404.11001,3
2404.11026,19
2404.11043,6
2404.11115,15
2404.11131,10
2405.01570,29
2404.11300,25
2404.11342,12
2404.11369,3
2404.11491,4
2404.11528,1
2404.11657,13
2404.11702,19
2404.11820,1
2404.11950,6
2404.12151,4
2404.12207,19
2404.12641,0
2404.12708,19
2404.12767,13
2404.12950,18
2404.12993,24
2404.13333,12
2404.13708,13
2404.13932,27
2404.13976,13
2404.14182,27
2404.14566,14
2404.14726,12
2404.14773,15
2404.14790,26
2404.14796,15
2404.14899,19
2404.14900,19
2404.15039,6
2404.15553,19
2404.15728,17
2404.15969,13
2404.15994,25
2404.16264,18
2404.16276,12
2404.16330,6
2404.16469,23
2404.16513,9
2404.16593,9
2404.16600,3
2404.16683,10
2404.16738,9
2404.16998,4
2404.17072,14
2404.17239,0
2404.17320,18
2404.17363,15
2404.17501,14
2404.17795,7
2404.17827,23
2404.17920,13
2404.18019,12
2404.18131,5
2404.18366,26
2404.18472,26
2404.18511,5
2404.18578,19
2404.18616,18
2404.18774,11
2404.18899,12
2404.19049,4
2404.19237,22
2404.19269,5
2404.19278,15
2404.19365,25
2404.19410,28
2404.19606,25
2404.19678,3
2405.00091,5
2405.00092,3
2405.00409,18
2405.00787,28
2405.00848,20
2405.01831,15
2405.01850,12
2405.01914,5
2405.02013,11
2405.03704,23
2405.02186,7
2405.02276,23
2405.02519,1
2405.02613,17
2405.02908,9
2405.02975,9
2405.03137,25
2405.03336,6
2405.03454,13
2405.03499,15
2405.03521,11
2405.03647,17
2405.03748,16
2405.03757,5
2405.03928,10
2405.04037,1
2405.04184,15
2405.04340,3
2405.04426,8
2405.04479,22
2405.04689,20
2405.04751,14
2405.05168,0
2405.05306,0
2405.05451,12
2405.05456,4
2405.05660,13
2405.05893,16
2405.06111,18
2405.06215,24
2405.06272,20
2405.06320,0
2405.06334,18
2405.06449,27
2405.06619,18
2405.06630,19
2405.06793,22
2405.06858,15
2405.08823,29
2405.07377,11
2405.07388,23
2405.07462,13
2405.07466,12
2405.07470,13
2405.07575,25
2405.07593,5
2405.07630,13
2405.07632,1
2405.07659,9
2405.07927,5
2405.08189,27
2405.08274,12
2405.08320,10
2405.08438,6
2405.08551,18
2405.08571,17
2405.08633,15
2405.08684,29
2405.08802,3
2405.08874,17
2405.08817,28
2405.09015,18
2405.09129,27
2405.09170,21
2405.09180,21
2405.09450,17
2405.09451,26
2405.09616,22
2405.09671,4
2405.09840,5
2405.09988,11
2405.10085,12
2405.10090,17
2405.10200,4
2405.10245,17
2405.10411,28
2405.10415,23
2405.10482,16
2405.10524,1
2405.10583,26
2405.10656,13
2405.10838,18
2405.10863,22
2405.12243,17
2405.11187,12
2405.11260,24
2405.11445,6
2405.11854,29
2405.11882,21
2405.12086,27
2405.12127,4
2405.12141,26
2405.12178,5
2405.12192,19
2405.12298,0
2405.12417,23
2405.12548,10
2405.12554,1
2405.12592,26
2405.12600,23
2405.12650,20
2405.12879,25
2405.12935,13
2405.13106,25
2405.13164,6
2405.13405,17
2405.13507,4
2405.13752,29
2405.14165,5
2405.14181,13
2405.14216,2
2405.14218,2
2405.14350,18
2405.14615,12
2405.14661,22
2405.14662,22
2405.14673,5
2405.14695,13
2405.14784,22
2405.14926,25
2405.14940,19
2405.15348,4
2405.15654,16
2405.15770,9
2405.15981,5
2405.16135,9
2405.16138,1
2405.16366,21
2405.17500,29
2405.16523,25
2405.16778,28
2405.16910,16
2405.17036,5
2405.17269,14
2405.17550,9
2405.17561,24
2405.17683,28
2405.18150,25
2405.18309,11
2405.18519,28
2405.18544,29
2405.18561,28
2406.00051,16
2405.19161,3
2405.19777,14
2405.19788,25
2405.19853,27
2405.19880,27
2405.20187,21
2405.20226,24
2405.20290,9
2405.20517,23
2405.20742,13
2405.20828,11
2405.20911,13
2405.20922,13
2406.00289,17
2406.00358,1
2406.00557,4
2406.00731,7
2406.00817,23
2406.00850,9
2406.00900,17
2406.01089,5
2406.01185,21
2406.01207,13
2406.01263,15
2406.01408,24
2406.01877,22
2406.01980,6
2406.02022,25
2406.02455,21
2406.02656,6
2406.02521,22
2406.02947,22
2406.03013,12
2406.03418,22
2406.03525,22
2406.03538,10
2406.03566,15
2406.03598,14
2406.03615,13
2406.03670,4
2406.03700,25
2406.03740,25
2406.03904,27
2406.04168,19
2406.04445,25
2406.04447,18
2406.04665,4
2406.04717,0
2406.04837,3
2406.04891,11
2406.04931,9
2406.05230,0
2406.05351,4
2406.05554,29
2406.05693,10
2406.05789,19
2406.05829,13
2406.06112,23
2406.06410,9
2406.06676,22
2406.07027,4
2406.07238,29
2406.07260,5
2406.07608,17
2406.07939,5
2406.08025,1
2406.08066,21
2406.08114,25
2406.08129,29
2406.08131,6
2406.08157,14
2406.08264,6
2406.08265,13
2406.08563,5
2406.08669,14
2406.08706,2
2406.08780,6
2406.08789,3
2406.08871,12
2406.09505,22
2406.09538,29
2406.09558,21
2406.09607,23
2406.09878,25
2406.09930,11
2406.09944,17
2406.09987,14
2406.10193,15
2406.10597,11
2406.11127,14
2406.11211,9
2406.11329,23
2406.11344,29
2406.11447,10
2406.12939,11
2406.11951,5
2406.11991,19
2406.12012,21
2406.12153,11
2406.12310,6
2406.12453,3
2406.12705,16
2406.12820,11
2406.12850,5
2406.12964,4
2406.13047,17
2406.13076,6
2406.13102,12
2406.13164,26
2406.13178,29
2406.13541,1
2406.13634,6
2406.13648,28
2406.13740,24
2406.13742,22
2406.13819,13
2406.13900,25
2406.14070,17
2406.14158,17
2406.14323,9
2406.14523,22
2406.14524,29
2406.14612,14
2406.14948,11
2406.15040,1
2406.15062,28
2406.15174,29
2406.15239,16
2406.15273,26
2406.15350,13
2406.15553,28
2406.15908,15
2406.15984,10
2406.16014,18
2406.16157,15
2406.16398,26
2406.16482,17
2406.16492,23
2406.16520,23
2406.16575,15
2406.16584,4
2406.16621,23
2406.17029,18
2406.17036,18
2406.17046,14
2406.17050,27
2406.17108,16
2406.17187,10
2406.17239,20
2406.17369,10
2406.17508,19
2406.17511,23
2406.17525,12
2406.17558,28
2406.17769,26
2406.17920,5
2406.18090,15
2406.18093,15
2406.18153,24
2406.18165,25
2407.07112,1
2406.18291,1
2406.18513,22
2406.18704,23
2406.18896,15
2406.18974,19
2406.19024,12
2406.19139,29
2406.19348,22
2406.19553,15
2406.19682,9
2406.19894,18
2406.20082,13
2407.00158,19
2407.00405,4
2407.00536,25
2407.00796,17
2407.01135,19
2407.01182,11
2407.01223,5
2407.01261,10
2407.01319,18
2407.01513,14
2407.01681,14
2407.01699,13
2407.01847,13
2407.01895,4
2407.01924,0
2407.02059,18
2407.02114,25
2407.02314,23
2407.02383,9
2407.02393,22
2407.02654,25
2407.02761,5
2407.02865,18
2407.06208,17
2407.03147,26
2407.03189,26
2407.03293,22
2407.03407,17
2407.03556,29
2407.03587,15
2407.03602,1
2407.03867,0
2407.03928,13
2407.04468,28
2407.04501,23
2407.04643,15
2407.05171,11
2407.05243,17
2407.05457,2
2407.05493,4
2407.05548,16
2407.05670,14
2407.05681,27
2407.05798,25
2407.06061,27
2407.06308,16
2407.06425,11
2407.06925,19
2407.06993,0
2407.07022,6
2407.07050,19
2407.07144,18
2407.07255,6
2407.07305,9
2407.07501,25
2407.07569,22
2407.18254,5
2407.08000,12
2407.08318,11
2407.08449,24
2407.08547,4
2407.08601,3
2407.08677,12
2407.08736,5
2407.08784,6
2407.08856,23
2407.09075,9
2407.09347,29
2407.09599,24
2407.09612,22
2407.09740,23
2407.09880,1
2407.09908,25
2407.09916,21
2407.09923,13
2407.10268,15
2407.10269,17
2407.10352,18
2407.10415,11
2407.10444,6
2407.10498,18
2407.10889,29
2407.11332,16
2407.11369,9
2407.11586,16
2407.11731,17
2407.11900,4
2407.12088,19
2407.12092,22
2407.12285,1
2407.12455,14
2407.12559,24
2407.12615,16
2407.12698,18
2407.12744,28
2407.12918,4
2407.12922,1
2407.12958,19
2407.13121,25
2407.13686,13
2407.13737,3
2407.13886,7
2407.13956,17
2407.14004,6
2407.14171,8
2407.14189,20
2407.14310,16
2407.14363,21
2407.14391,26
2407.14409,3
2407.14580,1
2407.19068,28
2407.14661,10
2407.14852,14
2407.14919,24
2407.15000,15
2407.15422,6
2407.15750,28
2407.15790,25
2407.15834,4
2407.16042,25
2407.16056,1
2407.16227,23
2407.16325,6
2407.16350,17
2407.16495,3
2407.16535,13
2407.16662,23
2407.19069,28
2407.16848,12
2407.17015,26
2407.17102,20
2407.17290,29
2407.17337,10
2407.17375,25
2407.17567,4
2407.17988,19
2407.18473,3
2407.18610,4
2407.18623,19
2407.18701,5
2407.19213,3
2407.19334,2
2407.19413,13
2407.19545,28
2407.19555,18
2407.19588,10
2408.01463,21
2407.19766,17
2407.19799,18
2407.20081,15
2407.20132,4
2407.20168,17
2407.20231,5
2407.20334,5
2407.20418,11
2407.20504,17
2407.20759,5
2407.20771,16
2407.20780,4
2407.20783,19
2407.20940,9
2407.21232,23
2407.21302,1
2407.21427,10
2407.21461,7
2408.00202,5
2408.00216,15
2408.00234,29
2408.00320,18
2408.00334,2
2408.00401,1
2408.00469,16
2408.00528,17
2408.00548,24
2408.00576,28
2408.00623,8
2408.00689,17
2408.00763,5
2408.12675,12
2408.01042,13
2408.01113,6
2408.01232,9
2408.01281,9
2408.01289,13
2408.01493,3
2408.01521,20
2408.01685,28
2408.01717,13
2408.01901,14
2408.02008,5
2408.02031,6
2408.02094,20
2408.02105,5
2408.02120,18
2408.02511,16
2408.02610,4
2408.02890,10
2408.02896,10
2408.02898,0
2408.03352,10
2408.03056,10
2408.03071,19
2408.03080,20
2408.03266,1
2408.03288,17
2408.03411,20
2408.03750,26
2408.03763,28
2408.03857,1
2408.03927,1
2408.03931,17
2408.03999,18
2408.04002,6
2408.04008,13
2408.04151,17
2408.04233,0
2408.04438,25
2408.04516,8
2408.04578,22
2408.04956,1
2408.04970,27
2408.05115,9
2408.05153,12
2408.05572,18
2408.05578,6
2408.05583,16
2408.05621,23
2408.05714,22
2408.05718,0
2408.05726,27
2408.05878,8
2408.05902,4
2408.05913,28
2408.05925,0
2408.06119,13
2408.06128,27
2408.06174,10
2408.06178,0
2408.06209,4
2408.06284,15
2408.06319,10
2408.06420,13
2408.06424,15
2408.06462,13
2408.06813,15
2408.07035,9
2408.07342,5
2408.07451,27
2408.07477,29
2408.07682,25
2408.07690,3
2408.07747,14
2408.07829,13
2408.07861,21
2408.07901,10
2408.08117,26
2408.08151,18
2408.08275,21
2408.08362,13
2408.10526,26
2408.08842,26
2408.08966,17
2408.09073,29
2408.09090,15
2408.09388,16
2408.09421,3
2408.09541,5
2408.09610,19
2408.09774,3
2408.09812,18
2408.09906,22
2408.09925,13
2408.10030,19
2408.10158,15
2408.10309,22
2408.10335,22
2408.10465,24
2408.10625,29
2408.10638,3
2408.10719,23
2408.11169,1
2408.11337,26
2408.11387,15
2408.11883,18
2408.11704,9
2408.11900,11
2408.12160,29
2408.12242,1
2408.12297,29
2408.12383,21
2408.12584,5
2408.12707,16
2408.12782,23
2408.12985,7
2408.13051,23
2408.13419,29
2408.13551,13
2408.13584,17
2408.13604,25
2408.13663,17
2408.13857,1
2408.13886,10
2408.14294,3
2408.14295,17
2408.14334,27
2408.14409,19
2408.14619,15
2408.14655,23
2408.14818,7
2408.14824,4
2408.14858,17
2408.14912,4
2408.14985,4
2408.15080,19
2408.15319,17
2408.15463,4
2408.15477,23
2408.15500,25
2408.15661,14
2408.15820,1
2408.15902,20
2408.15933,6
2408.15959,8
2408.16075,22
2408.16146,18
2409.08289,20
2408.16466,19
2408.16499,5
2408.16598,16
2408.16660,11
2408.16676,17
2408.16869,21
2408.17033,15
2408.17218,11
2408.17256,23
2408.17260,13
2408.17281,9
2408.17405,6
2408.17416,27
2409.00223,14
2409.00373,15
2409.00532,1
2409.00533,17
2409.02121,1
2409.00660,10
2409.01008,9
2409.01320,17
2409.01376,12
2409.01565,17
2409.01569,12
2409.01624,29
2409.01715,14
2409.02380,0
2409.02558,21
2409.02619,8
2409.02737,17
2409.02794,14
2409.02992,17
2409.03210,3
2409.03356,21
2409.03409,27
2409.03448,13
2409.03809,27
2409.03592,27
2409.03719,2
2409.04036,28
2409.04093,14
2409.04096,1
2409.04121,28
2409.04149,18
2409.04203,2
2409.04211,25
2409.04227,18
2409.04317,17
2409.04389,6
2409.04594,22
2409.04800,25
2409.04848,13
2409.04917,24
2409.04943,18
2409.05031,29
2409.05233,9
2409.05266,0
2409.05649,27
2409.05670,17
2409.05707,13
2409.05758,9
2409.05842,5
2409.06358,27
2409.06511,11
2409.06701,22
2409.06779,22
2409.06935,3
2409.07418,13
2409.07532,13
2409.07612,11
2409.07660,17
2409.07668,15
2409.07711,4
2409.07721,25
2409.07816,25
2409.08009,19
2409.08065,29
2409.08137,21
2409.08408,20
2409.12201,23
2409.08683,19
2409.08866,4
2409.08891,25
2409.08972,18
2409.09308,18
2409.09321,3
2409.09419,25
2409.09579,5
2409.09835,13
2409.09836,29
2409.09938,14
2409.10220,4
2409.10712,18
2409.10780,23
2409.10891,24
2409.10894,15
2409.10941,0
2409.10975,8
2409.11095,17
2409.11647,2
2409.11791,5
2409.11834,1
2409.12211,12
2409.12052,1
2409.12157,9
2409.12254,24
2409.12351,29
2409.12451,4
2409.12494,18
2409.12847,16
2409.12901,17
2409.13027,19
2409.13384,25
2409.13408,24
2409.13417,21
2409.13653,12
2409.13829,22
2409.14725,9
2409.14921,24
2409.15111,10
2409.15266,5
2409.15424,6
2409.15619,28
2409.15738,10
2409.15928,28
2409.16043,20
2409.16050,8
2409.16070,29
2409.16097,11
2409.16114,22
2409.16642,4
2409.16758,12
2409.16804,17
2409.16930,14
2409.16975,29
2409.17008,11
2409.17240,19
2409.17297,24
2409.17307,8
2409.17366,8
2409.17586,25
2409.17712,4
2409.17733,12
2409.17813,19
2409.17820,14
2409.17861,3
2409.18050,6
2409.18067,5
2409.18191,9
2410.12580,13
2409.18258,7
2409.18323,17
2409.18441,1
2409.18515,28
2409.18833,6
2409.19052,5
2409.19086,13
2409.19137,13
2409.19265,1
2410.03722,24
2409.19837,13
2409.19887,15
2409.20221,15
2409.20285,5
2409.20312,16
2409.20336,4
2409.20497,28
2409.20567,10
2410.00144,7
2410.00372,13
2410.00488,13
2410.00512,28
2410.00552,11
2410.00658,19
2410.00851,7
2410.00955,6
2410.00962,17
2410.01040,4
2410.01236,5
2410.01247,10
2410.01412,7
2410.01641,29
2410.01705,6
2410.01913,13
2410.01936,12
2410.01937,17
2410.01940,12
2410.02007,7
2410.02104,29
2410.02171,18
2410.02300,28
2410.02397,12
2410.02633,17
2410.02689,5
2410.02900,15
2410.03009,13
2410.03121,16
2410.03433,14
2410.03526,18
2410.03840,25
2410.03956,16
2410.04230,27
2410.04382,17
2410.04516,15
2410.04569,15
2410.04781,0
2410.05137,15
2410.05179,4
2410.05216,4
2410.14704,17
2410.05381,5
2410.05384,22
2410.05387,22
2410.05671,4
2410.05908,18
2410.05950,23
2410.06085,13
2410.06159,16
2410.06523,17
2410.06548,15
2410.06602,27
2410.06659,17
2410.06830,4
2410.06831,17
2410.06838,14
2410.06891,7
2410.14711,17
2410.07337,14
2410.07344,13
2410.07373,19
2410.07653,6
2410.07660,17
2410.13885,12
2410.07835,13
2410.07853,17
2410.07861,3
2410.08398,13
2410.08606,29
2410.08730,12
2410.08758,18
2410.08761,18
2410.08878,8
2410.09148,10
2410.09197,12
2410.09376,12
2410.09849,28
2410.09889,5
2410.09915,12
2410.09919,12
2410.09946,12
2410.10019,20
2410.10038,18
2410.10275,27
2410.10317,13
2410.10443,1
2410.10666,27
2410.10795,2
2410.11018,13
2410.11057,13
2410.11258,28
2410.11326,25
2410.11556,23
2410.11721,21
2410.12254,24
2410.12276,26
2410.12392,12
2410.12429,13
2410.12482,17
2410.12587,26
2410.12624,14
2410.12919,12
2410.13160,11
2410.13200,10
2410.13270,13
2410.13319,16
2410.13327,16
2410.14213,24
2410.14280,6
2410.14341,7
2410.14344,12
2410.14424,17
2410.14469,13
2410.14503,5
2410.14887,9
2410.14909,15
2410.15099,1
2410.15452,29
2410.15649,3
2410.15680,18
2410.16054,9
2410.16147,7
2410.16610,1
2410.16614,28
2410.16684,15
2410.16685,4
2410.17076,5
2410.17461,9
2410.17571,25
2410.17588,23
2410.17652,23
2410.17669,18
2410.17671,16
2410.17733,27
2410.18020,12
2410.18028,12
2410.18175,6
2410.18365,12
2410.18405,1
2410.18438,2
2410.18594,22
2410.18679,2
2410.18771,17
2410.18802,21
2410.18840,3
2410.18872,5
2410.19065,18
2410.19433,1
2410.19577,16
2410.19668,17
2410.20078,4
2410.20114,29
2410.20177,5
2410.20368,18
2410.20744,1
2410.20835,24
2410.20921,10
2410.21363,2
2410.21496,2
2410.21678,26
2410.21682,18
2410.21689,15
2410.21692,9
2410.21703,19
2410.21710,18
2410.21725,19
2410.21769,1
2410.21773,19
2410.21775,1
2410.21941,8
2410.21945,17
2410.22167,21
2410.22195,12
2410.22433,8
2410.22636,6
2410.22704,23
2410.22769,14
2410.22823,27
2410.23044,16
2410.23062,17
2410.23121,24
2410.23221,6
2410.23269,21
2410.23352,14
2410.23468,10
2410.24004,21
2410.24093,16
2411.00162,21
2411.00313,6
2411.01130,25
2411.01149,27
2411.01167,18
2411.01170,13
2411.01232,0
2411.01519,27
2411.01585,19
2411.01907,28
2411.01935,3
2411.02011,9
2411.02178,21
2411.02489,18
2411.02503,22
2411.02679,13
2411.02698,15
2411.02749,12
2411.03437,24
2411.03676,17
2411.03777,7
2411.03822,29
2411.03824,25
2411.03971,25
2411.04045,12
2411.04407,27
2411.04848,26
2411.04871,23
2411.04896,7
2411.05071,24
2411.16685,12
2411.05112,6
2411.05381,8
2411.05434,5
2411.05551,4
2411.05611,26
2411.05668,18
2411.06127,17
2411.06492,13
2411.06537,1
2411.06603,28
2411.06673,25
2411.06734,1
2411.06758,13
2411.06932,0
2411.07068,19
2411.07119,6
2411.07201,6
2411.07292,6
2411.07338,5
2411.07427,26
2411.07624,25
2411.07657,5
2411.08005,5
2411.08142,28
2411.08192,1
2411.08200,10
2411.08391,17
2411.18629,17
2411.08539,3
2411.08649,12
2411.08677,27
2411.08942,4
2411.08969,4
2411.08980,18
2411.09196,24
2411.09239,18
2411.09429,25
2411.09494,8
2411.09664,24
2411.09793,15
2411.09907,25
2411.09925,1
2411.09966,1
2411.09985,5
2411.10331,29
2411.10335,13
2411.10410,23
2411.10522,29
2411.10631,28
2411.10644,23
2411.10688,6
2411.10774,11
2411.10786,15
2411.10851,5
2411.10852,2
2411.10931,10
2411.11040,10
2411.11561,4
2411.11570,14
2411.11674,29
2411.11724,4
2411.11981,19
2411.12219,15
2411.12231,15
2411.12236,17
2411.12261,16
2411.12349,3
2411.12486,4
2411.12836,28
2411.12991,1
2411.13301,20
2411.13355,9
2411.13399,6
2411.13554,3
2411.13650,2
2411.13651,17
2411.14011,16
2411.14114,6
2411.14144,19
2411.14549,15
2411.14600,3
2411.14682,5
2411.14734,1
2412.05291,29
2411.14782,17
2411.14831,5
2411.14903,5
2411.15048,13
2411.15058,21
2411.15333,15
2411.15510,17
2411.15683,29
2411.15807,13
2411.15870,13
2411.15916,10
2411.16037,13
2411.16047,3
2411.16399,9
2411.16614,1
2411.16625,15
2411.16970,11
2411.17001,10
2411.17097,9
2411.17352,18
2411.17357,15
2411.17504,15
2412.07792,12
2411.17815,24
2411.17818,10
2411.17964,0
2411.18045,15
2411.18227,9
2411.18315,1
2411.18325,14
2411.18446,20
2411.18536,10
2411.18540,15
2411.18542,28
2411.18744,26
2411.18781,2
2411.19014,29
2411.19028,29
2412.05111,17
2411.19338,14
2411.19396,17
2411.19656,28
2411.19912,13
2411.19932,15
2412.00203,12
2412.00273,25
2412.00391,13
2412.00701,20
2412.00935,4
2412.01394,14
2412.01577,22
2412.01578,22
2412.01679,12
2412.01702,9
2412.01749,19
2412.02469,10
2412.02473,18
2412.13209,12
2412.02677,16
2412.02822,10
2412.03087,2
2412.03524,28
2412.03544,4
2412.03646,1
2412.03650,11
2412.03698,17
2412.03720,28
2412.03793,19
2412.03899,12
2412.03994,18
2412.04084,18
2412.04098,4
2412.04159,23
2412.04379,6
2412.04391,3
2412.04556,13
2412.04790,28
2412.05016,8
2412.16169,16
2412.16170,12
2412.16171,16
2412.05118,4
2412.05209,13
2412.05374,17
2412.05420,2
2412.05459,27
2412.05465,12
2412.05869,19
2412.06150,5
2412.06156,10
2412.06377,19
2412.06562,11
2412.06569,2
2412.06612,5
2412.06710,0
2412.06941,17
2412.07008,16
2412.07071,13
2412.07145,22
2412.07178,7
2412.07190,26
2412.07364,21
2412.07529,18
2412.07887,27
2412.07993,5
2412.08113,12
2412.08119,1
2412.08213,28
2412.08269,27
2412.08335,0
2412.08361,15
2412.08450,15
2412.08451,18
2412.08569,21
2412.08839,9
2412.08991,15
2412.08994,0
2412.09003,3
2412.09093,27
2412.09098,1
2412.09257,25
2412.09340,29
2412.09354,14
2412.09375,27
2412.09384,29
2412.09457,13
2412.09514,15
2412.09736,15
2412.09866,29
2412.10148,15
2412.10179,2
2412.10227,13
2412.10236,18
2412.10818,27
2412.11129,25
2412.11280,21
2412.11305,1
2412.11429,3
2412.11727,29
2412.11782,11
2412.11784,14
2412.11895,16
2412.11922,28
2412.12258,15
2412.12263,25
2412.12279,5
2412.12344,14
2412.12758,12
2412.12795,15
2412.13042,5
2412.13186,6
2412.13431,29
2412.13517,29
2412.13680,16
2412.13687,17
2412.16221,13
2412.13830,2
2412.14000,17
2412.14245,18
2412.14255,19
2412.14296,22
2412.14381,10
2412.14408,28
2412.14439,18
2412.14534,18
2412.14610,14
2412.14627,17
2412.14662,12
2412.14691,12
2412.14876,0
2412.14927,2
2412.14958,12
2412.15003,17
2412.15103,0
2412.15203,18
2412.15488,29
2412.15741,12
2412.15850,12
2412.15903,23
2412.16045,21
2412.16099,21
2412.16103,16
2412.16116,11
2412.16279,8
2412.16569,14
2412.16622,27
2412.16760,5
2412.16804,11
2412.16870,25
2412.17020,10
2501.14752,3
2412.17367,23
2412.17453,3
2412.17550,13
2412.17576,21
2412.17722,25
2412.17760,20
2412.17905,17
2412.17926,11
2412.18220,18
2412.18240,12
2412.18251,17
2412.18341,29
2412.18343,3
2412.18399,18
2412.18446,26
2412.18469,3
2412.18754,4
2412.18787,16
2412.18864,6
2412.18892,6
2412.19096,16
2412.19298,12
2412.19493,23
2412.19565,17
2412.19617,3
2412.19687,25
2412.19894,24
2412.19919,26
2412.20054,24
2501.01978,12
2412.20465,3
2412.20647,10
2412.20837,27
2412.20855,22
2412.20896,12
2412.20944,29
2412.21019,3
2412.21150,3
2501.00088,18
2501.00098,24
2501.00100,24
2501.00325,12
2501.00386,12
2501.00410,5
2501.00447,17
2501.00554,25
2501.01466,29
2501.00699,20
2501.00812,23
2501.00835,14
2501.00960,5
2501.01155,3
2501.01185,21
2501.01501,14
2501.01734,12
2501.01838,25
2501.01842,13
2501.01852,16
2501.01883,8
2501.01887,15
2501.02171,10
2501.02185,10
2501.02231,7
2501.02351,28
2501.02425,14
2501.02455,15
2501.02500,4
2501.02818,0
2501.02876,15
2501.03011,11
2501.10409,3
2501.03317,27
2501.03343,13
2501.03385,13
2501.03801,4
2501.03868,5
2501.03962,23
2501.04915,6
2501.05010,19
2501.05164,29
2501.05254,3
2501.05317,5
2501.05451,5
2501.05562,10
2501.05671,14
2501.06272,5
2501.16189,12
2501.05797,13
2501.05980,27
2501.06288,19
2501.06460,24
2501.06516,27
2501.06845,13
2501.06875,25
2501.07780,23
2501.07982,9
2501.08012,25
2501.08022,3
2501.08140,1
2501.08204,3
2501.08216,2
2501.08400,25
2501.08536,3
2501.08564,19
2501.08635,27
2501.08646,18
2501.08687,16
2501.08867,15
2501.08986,17
2501.09226,14
2501.09255,25
2501.09449,11
2501.09675,25
2501.09721,25
2501.10085,0
2501.10287,6
2501.10296,6
2501.10503,11
2501.10619,2
2501.10804,12
2501.10960,18
2501.10998,26
2501.11248,3
2501.11377,3
2501.11751,14
2501.11783,24
2501.11907,3
2501.11936,0
2501.11966,12
2501.12024,9
2501.12068,29
2501.12129,5
2501.12141,13
2501.12222,1
2501.12232,14
2501.12435,22
2501.12609,12
2501.12646,26
2501.12647,3
2501.12730,0
2501.12889,28
2501.12908,4
2501.13168,5
2501.13178,15
2501.13269,4
2501.13322,28
2501.13511,27
2501.13547,15
2501.13722,2
2501.13759,21
2501.13783,9
2501.13791,8
2501.14057,9
2501.14138,10
2501.14202,27
2501.14254,25
2501.14378,25
2501.14420,29
2501.14504,27
2501.14563,5
2501.14584,27
2501.14665,3
2501.14876,15
2501.14965,8
2502.07079,6
2501.15178,6
2501.15428,6
2501.15512,12
2501.15518,27
2501.15709,6
2501.15771,2
2501.15800,28
2501.15871,12
2501.15882,22
2501.15912,19
2501.15929,27
2501.16183,4
2501.18631,17
2501.16636,9
2501.16699,17
2501.16856,2
2501.16869,18
2501.16872,11
2501.16957,18
2501.16965,24
2501.17017,18
2501.17230,1
2501.17314,24
2501.17316,13
2501.17369,18
2501.17451,27
2501.17465,4
2501.17623,9
2501.17641,14
2501.17709,27
2501.17724,10
2501.17924,14
2501.18242,5
2501.18573,0
2501.18591,6
2501.18694,5
2501.18885,3
2502.00237,12
2502.00255,13
2502.00566,15
2502.00701,3
2502.00804,21
2502.00889,19
2502.00913,15
2502.01018,27
2502.01169,17
2502.01501,27
2502.01624,27
2502.01793,0
2502.01838,16
2502.01881,27
2502.01955,27
2502.02053,24
2502.02105,5
2502.02192,4
2502.02252,1
2502.02665,1
2502.02706,12
2502.06821,29
2502.02923,26
2502.02931,25
2502.02947,28
2502.03178,3
2502.03299,23
2502.03326,18
2502.03873,7
2502.03986,20
2502.04196,9
2502.04231,13
2502.04255,3
2502.04439,17
2502.04647,17
2502.04739,0
2502.04785,22
2502.05481,16
2502.05828,17
2502.05914,2
2502.06063,15
2502.06420,15
2502.06569,5
2502.06700,29
2502.06962,12
2502.06992,4
2502.07043,11
2502.07089,19
2502.07446,5
2502.07475,5
2502.07533,5
2502.07955,15
2502.08270,17
2502.08425,3
2502.08459,23
2502.08527,14
2502.08589,11
2502.08699,28
2502.08704,1
2502.08708,6
2502.08915,1
2502.08928,14
2502.09195,3
2502.09397,13
2502.09421,14
2502.09868,2
2502.09878,25
2502.09945,16
2502.09964,13
2502.10737,20
2502.10911,18
2502.10962,3
2502.11035,1
2502.11204,10
2502.11527,6
2502.11601,1
2502.11624,17
2502.11693,16
2502.11709,10
2502.11717,14
2502.12076,1
2502.12144,7
2502.12252,11
2502.12265,0
2502.12416,27
2502.13264,15
2502.13265,17
2502.13307,9
2502.13351,28
2502.13354,3
2502.13391,14
2502.13454,6
2502.13608,26
2502.13612,28
2502.13690,1
2502.13857,23
2502.14085,23
2502.14324,3
2502.14347,26
2502.14410,27
2502.14423,15
2502.14601,3
2502.14633,7
2502.14635,4
2502.14843,17
2502.15373,2
2502.15400,18
2502.15445,25
2502.15590,29
2502.15930,9
2502.16013,28
2502.16258,17
2502.16415,18
2502.16558,29
2502.16657,0
2502.16729,5
2502.16784,23
2502.17005,4
2502.17063,16
2502.17127,4
2502.17247,11
2502.17555,19
2502.17745,23
2502.17831,3
2502.17833,15
2502.17892,7
2502.17970,21
2502.17998,18
2502.18068,25
2502.18075,18
2502.18133,12
2502.18281,29
2503.00041,1
2502.18723,23
2502.18989,23
2502.19162,0
2502.19267,19
2502.19270,10
2502.19371,14
2502.19483,6
2502.19501,3
2502.19560,9
2502.19599,18
2502.19664,27
2502.19733,25
2502.19826,10
2502.19840,3
2502.19841,19
2502.19882,5
2502.20276,20
2502.20283,13
2502.20394,6
2502.20450,3
2502.20721,29
2502.20733,10
2502.20735,10
2502.20796,25
2502.20911,24
2502.20921,19
2502.21016,3
2502.21124,16
2502.21230,5
2503.00169,8
2503.00233,23
2503.00473,17
2503.01204,25
2503.01337,25
2503.01519,28
2503.01673,18
2503.02216,29
2503.02489,21
2503.02779,1
2503.02811,4
2503.02929,26
2503.03168,23
2503.03281,27
2503.03419,25
2503.03441,14
2503.03447,15
2503.03473,16
2503.03477,6
2503.03559,1
2503.03608,21
2503.03815,4
2503.03937,17
2503.03958,6
2503.04179,9
2503.04186,9
2503.04334,28
2503.04336,29
2503.04400,3
2503.04560,1
2503.04890,17
2503.04955,28
2503.05075,3
2503.05124,23
2503.05176,3
2503.05184,23
2503.05287,27
2503.05494,2
2503.05624,22
2503.05697,22
2503.05863,22
2503.06018,1
2503.06391,2
2503.06560,3
2503.06584,5
2503.06642,18
2503.06679,17
2503.06735,19
2503.06753,6
2503.06835,15
2503.06850,13
2503.07015,10
2503.07024,15
2503.07042,29
2503.07162,4
2503.07229,5
2503.07354,11
2503.07443,21
2503.07688,17
2503.07726,28
2503.07744,9
2503.07747,6
2503.07750,17
2503.07810,6
2503.07861,3
2503.07929,3
2503.07948,18
2503.08318,14
2503.10680,17
2503.08570,25
2503.08645,11
2503.08682,3
2503.08767,11
2503.08841,25
2503.08901,0
2503.08944,9
2503.09109,15
2503.09175,13
2503.09216,10
2503.09236,28
2503.09554,11
2503.09709,24
2503.09800,19
2503.09821,5
2503.09872,23
2503.10040,9
2503.10085,24
2503.10131,4
2503.10146,2
2503.10372,1
2503.10770,19
2503.10874,13
2503.10902,3
2503.10909,21
2503.10942,16
2503.10943,1
2503.10975,11
2503.11079,6
2503.11228,27
2503.11306,7
2503.11333,5
2503.11362,15
2503.11437,13
2503.11456,5
2503.11476,9
2503.11502,5
2503.11603,25
2503.11873,27
2503.11886,25
2503.11925,21
2503.12064,4
2503.12099,11
2503.12245,15
2503.12412,3
2503.12650,0
2503.12710,18
2503.12817,13
2503.12925,10
2503.13104,28
2503.13143,4
2503.13197,3
2503.13259,21
2503.13321,21
2503.13406,19
2503.13600,28
2503.13725,13
2503.13944,10
2503.13968,1
2503.14128,3
2503.14335,15
2503.14423,13
2503.14424,11
2503.14457,4
2503.14589,2
2503.14593,6
2503.14616,4
2503.14721,24
2503.15025,16
2503.15038,3
2503.15115,14
2503.15266,27
2503.15384,13
2503.15471,0
2503.15623,13
2503.15643,2
2503.15646,28
2503.15767,22
2503.15862,9
2503.16168,25
2503.16224,15
2503.16295,9
2503.16384,0
2503.16391,14
2503.16410,22
2503.16704,13
2503.16705,17
2503.16812,23
2503.16923,22
2503.17054,9
2503.17098,22
2503.17121,26
2503.17124,25
2503.17146,8
2503.17223,3
2503.17241,11
2503.17345,12
2503.17450,4
2503.17582,28
2503.17596,28
2503.18969,4
2503.17729,15
2503.17761,25
2503.17762,25
2503.17901,10
2503.18323,18
2503.18346,7
2503.18362,19
2503.18439,15
2503.18877,3
2503.18902,9
2503.18946,22
2503.19376,14
2503.19436,9
2503.19761,10
2503.19891,13
2503.20005,29
2503.20022,21
2503.20070,7
2503.20169,28
2503.20347,17
2503.20361,15
2503.20389,24
2503.20426,6
2503.20503,10
2503.20861,28
2503.20867,1
2503.21063,5
2503.21389,25
2503.21391,13
2503.21506,4
2503.21583,13
2503.22003,22
2503.22014,17
2503.22078,25
2503.22477,24
2503.22637,21
2503.22670,8
2503.22888,5
2503.23066,12
2503.23581,4
2503.23656,24
2503.23683,22
2503.23692,15
2503.23842,4
2503.23861,3
2503.23928,11
2503.24177,10
2503.24276,11
2503.24287,15
2503.24327,13
2503.24390,10
2504.00258,13
2504.00662,15
2504.00917,14
2504.01271,18
2504.01584,0
2504.01635,9
2504.01680,2
2504.01686,18
2504.01763,26
2504.01884,13
2504.02500,13
2504.02556,15
2504.02568,20
2504.02736,0
2504.02751,10
2504.02752,4
2504.02754,11
2504.02948,14
2504.03317,28
2504.03617,24
2504.03882,24
2504.04057,24
2504.04123,5
2504.04284,11
2504.04297,15
2504.04460,27
2504.04468,13
2504.04565,9
2504.04587,13
2504.04623,21
2504.04800,6
2504.04807,11
2504.05000,9
2504.05129,22
2504.05555,19
2504.06000,9
2504.06246,13
2504.06251,24
2504.06454,15
2504.06524,9
2504.06642,2
2504.06732,19
2504.06864,17
2504.06972,5
2504.07066,19
2504.07082,22
2504.07088,15
2504.07098,19
2504.07268,7
2504.07296,17
2504.07509,19
2504.07883,26
2504.07950,21
2504.08124,15
2504.08290,3
2504.08674,19
2504.08691,14
2504.08692,13
2504.08707,22
2504.09321,4
2504.09453,14
2504.09511,5
2504.09610,28
2504.09721,2
2504.09880,28
2504.10114,3
2504.10392,18
2504.10626,16
2504.10863,1
2504.10912,12
2504.11028,11
2504.11065,23
2504.11532,6
2504.11947,10
2504.12049,16
2504.12050,20
2504.12073,12
2504.12077,20
2504.12127,3
2504.12414,0
2504.12630,16
2504.12853,14
2504.13025,7
2504.13166,0
2504.13564,26
2504.13605,29
2504.13661,25
2504.13675,10
2504.13779,13
2504.13796,15
2504.14327,3
2504.14651,13
2504.14714,12
2504.15004,29
2504.15112,15
2504.15354,6
2504.15435,4
2504.15853,27
2504.15950,8
2504.16166,25
2504.16176,18
2504.16239,24
2504.16341,5
2504.16372,3
2504.16412,25
2504.16620,26
2504.16841,19
2504.16987,14
2504.16989,13
2504.17214,17
2504.17242,15
2504.17435,1
2504.17517,18
2504.17558,17
2504.17623,20
2504.17702,25
2504.17746,4
2504.17779,18
2504.17893,12
2504.18051,4
2504.18306,27
2504.18313,15
2504.18336,0
2504.18531,6
2504.18778,7
2504.18852,12
2504.18915,11
2504.18963,1
2504.18997,21
2504.19028,25
2504.19097,22
2504.19263,25
2504.19361,0
2504.19525,17
2504.19535,17
2504.19620,9
2504.19666,9
2504.19844,19
2504.20031,19
2504.20170,15
2504.20321,19
2504.20366,13
2504.20393,14
2504.20695,17
2504.20714,28
2504.20775,15
2504.20868,1
2504.21101,29
2504.21137,15
2504.21426,28
2504.21651,3
2504.21794,4
2504.21817,13
2505.00069,24
2505.00085,14
2505.00223,20
2505.00248,15
2505.00313,15
2505.00514,20
2505.00623,16
2505.00769,11
2505.00771,17
2505.00773,11
2505.00796,26
2505.00994,5
2505.01334,25
2505.01404,18
2505.01504,1
2505.01522,16
2505.01682,24
2505.01759,5
2505.01960,25
2505.02090,21
2505.02328,15
2505.02377,4
2505.02473,1
2505.02764,13
2505.02793,5
2505.02893,5
2505.02894,1
2505.02995,5
2505.03003,4
2505.03227,18
2505.03249,18
2505.03358,2
2505.03370,17
2505.03726,9
2505.03900,28
2505.03913,13
2505.04059,21
2505.04069,11
2505.04156,27
2505.04159,12
2505.04256,29
2505.04359,4
2505.04478,2
2505.04729,25
2505.04902,21
2505.04945,18
2505.05068,3
2505.05176,29
2505.05222,5
2505.05227,17
2505.05267,9
2505.05302,19
2505.05628,4
2505.05761,6
2505.06072,17
2505.06155,21
2505.06334,19
2505.06593,11
2505.06720,13
2505.07017,17
2505.07241,28
2505.07341,3
2505.07426,9
2505.07807,16
2505.07976,13
2505.08141,28
2505.08488,12
2505.08597,6
2505.08696,23
2505.08779,22
2505.08879,18
2505.08888,19
2505.08898,0
2505.08914,23
2505.09203,29
2505.09207,13
2505.09249,24
2505.09288,13
2505.09347,25
2505.09351,15
2505.09476,7
2505.09547,16
2505.09752,10
2505.09762,1
2505.09910,6
2505.09992,0
2505.10196,17
2505.10242,17
2505.10332,18
2505.10336,18
2505.10358,6
2505.10449,5
2505.10808,25
2505.10905,1
2505.10984,18
2505.11000,16
2505.11161,28
2505.11285,15
2505.11333,15
2505.11630,16
2505.11732,16
2505.11964,29
2505.12062,29
2505.12150,15
2505.12249,0
2505.12342,6
2505.12498,2
2505.12536,13
2505.12542,0
2505.12603,3
2505.12724,13
2505.12733,3
2505.13065,24
2505.13442,3
2505.13606,5
2505.13798,4
2505.14048,28
2505.14223,24
2505.14276,7
2505.14591,15
2505.14834,12
2505.14894,13
2505.14997,23
2505.15864,27
2505.15719,16
2505.15745,19
2505.15891,9
2505.15906,3
2505.16183,20
2505.16184,16
2505.16432,27
2505.16657,27
2505.16799,29
2505.16906,17
2505.16930,4
2505.17200,22
2505.17349,24
2505.17378,2
2505.17515,15
2505.17709,21
2505.17980,5
2505.18330,14
2505.18578,13
2505.18749,16
2505.19011,15
2505.19615,15
2505.20180,4
2505.20205,18
2505.20398,9
2505.20458,11
2505.20502,13
2505.20598,14
2505.20631,19
2505.20702,15
2505.21064,27
2505.21085,13
2505.21341,21
2505.21436,25
2505.21616,22
2505.21714,21
2505.21861,14
2505.22274,14
2505.22546,29
2505.22915,4
2505.23095,12
2505.23200,28
2505.23424,10
2505.23490,9
2505.23670,19
2505.24318,2
2505.24725,8
2505.24777,19
2505.24847,16
2506.00110,10
2506.00449,25
2506.00617,10
2506.01330,12
2506.01617,12
2506.01648,10
2506.01764,3
2506.01785,17
2506.01788,27
2506.01797,14
2506.01906,12
2506.02108,5
2506.02209,15
2506.02237,23
2506.02484,15
2506.02904,9
2506.03040,2
2506.03250,5
2506.03262,7
2506.03509,15
2506.03563,19
2506.03837,29
2506.03975,23
2506.04338,13
2506.04356,18
2506.04601,0
2506.04697,28
2506.04750,23
2506.04766,4
2506.05003,5
2506.05550,0
2506.05830,4
2506.06002,11
2506.06140,2
2506.06257,18
2506.06696,10
2506.07095,24
2506.15726,28
2506.07302,1
2506.07318,17
2506.07354,14
2506.07361,17
2506.07641,2
2506.07741,3
2506.07768,1
2506.07862,28
2506.08000,10
2506.08087,10
2506.08095,19
2506.08097,15
2506.08204,2
2506.08247,18
2506.08402,22
2506.08468,17
2506.08501,12
2506.08657,17
2506.08763,20
2506.08873,4
2506.08984,15
2506.08985,13
2506.09413,18
2506.09543,7
2506.09725,17
2506.09864,26
2506.09925,23
2506.10262,7
2506.10432,0
2506.10590,18
2506.10670,27
2506.10938,5
2506.11195,4
2506.11256,5
2506.11427,3
2506.11693,17
2506.11731,19
2506.12449,0
2506.12767,22
2506.12989,13
2506.13372,0
2506.13399,7
2506.13556,17
2506.13620,23
2506.13625,20
2506.13631,10
2506.13721,1
2506.13941,26
2506.14077,16
2506.14106,15
2506.14127,1
2506.14314,28
2506.14342,20
2506.15056,18
2506.15062,23
2506.15319,3
2506.15342,13
2506.15552,28
2506.15661,18
2506.15770,28
2506.16039,18
2506.16068,10
2506.16165,26
2506.16276,16
2506.16282,16
2506.16298,23
2506.16384,16
2506.16464,6
2506.16508,0
2506.16814,1
2506.16869,5
2506.16907,13
2506.16959,14
2506.17056,1
2506.17100,0
2506.17147,27
2506.17414,19
2506.17456,29
2506.17651,14
2506.17714,2
2506.17816,21
2506.17850,15
2506.17976,20
2506.18005,18
2506.18081,24
2506.18130,8
2506.18363,20
2506.18502,18
2506.18515,9
2506.18886,22
2506.18894,23
2506.18969,24
2506.18973,28
2506.18996,17
2506.19042,18
2506.19211,17
2506.19252,27
2506.19326,1
2506.19514,19
2506.19682,25
2506.19706,18
2506.19903,16
2506.20265,10
2506.20408,9
2506.20497,3
2506.20557,17
2506.20727,3
2506.20842,0
2506.20861,23
2506.21050,4
2506.21392,28
2506.21480,3
2506.21482,0
2506.21518,2
2506.21673,10
2506.21706,20
2506.21850,17
2506.22209,14
2506.22240,21
2506.22297,0
2506.22811,2
2506.23109,12
2506.23200,14
2506.23616,23
2506.23653,25
2506.23737,13
2506.23811,21
2506.23823,3
2506.23871,25
2506.23956,5
2506.23980,29
2507.00158,17
2507.00168,18
2507.00290,17
2507.00553,6
2507.00750,25
2507.00865,15
2507.00869,17
2507.01108,19
2507.01119,20
2507.01240,8
2507.01280,6
2507.01392,23
2507.01606,19
2507.01718,28
2507.01774,5
2507.01897,1
2507.02114,9
2507.02116,2
2507.02228,15
2507.02296,16
2507.02415,25
2507.08009,29
2507.02571,5
2507.02830,18
2507.03217,23
2507.03266,26
2507.03277,3
2507.03284,1
2507.03383,1
2507.03417,1
2507.03546,1
2507.03614,9
2507.03921,20
2507.04210,28
2507.04287,22
2507.04378,7
2507.04387,17
2507.04648,11
2507.04693,25
2507.04773,12
2507.04876,14
2507.05172,23
2507.05336,28
2507.05479,18
2507.05481,1
2507.05516,2
2507.05543,14
2507.05746,17
2507.05839,19
2507.06065,2
2507.06215,5
2507.06290,14
2507.06327,24
2507.06474,19
2507.06586,5
2507.06614,6
2507.06725,28
2507.06749,1
2507.06885,0
2507.06902,9
2507.07336,25
2507.07409,3
2507.07500,28
2507.07506,17
2507.07533,25
2507.07534,17
2507.07584,0
2507.07662,1
2507.07701,24
2507.07866,23
2507.07921,22
2507.08123,3
2507.08171,13
2507.08300,5
2507.08398,6
2507.08428,16
2507.08740,9
2507.08750,28
2507.08756,10
2507.08953,11
2507.09418,5
2507.09478,14
2507.09516,13
2507.09519,4
2507.09779,25
2507.09849,4
2507.09869,1
2507.10079,10
2507.10187,25
2507.10199,4
2507.10271,5
2507.10350,17
2507.10364,7
2507.10399,27
2507.10438,4
2507.10471,6
2507.10700,18
2507.10763,17
2507.10791,4
2507.10832,28
2507.10856,17
2507.11123,1
2507.11327,15
2507.11354,9
2507.11397,13
2507.11454,28
2507.11606,18
2507.11624,17
2507.11782,17
2507.11856,10
2507.11921,18
2507.12141,21
2507.12183,29
2507.12280,14
2507.12319,11
2507.12506,29
2507.12842,18
2507.13202,21
2507.13228,11
2507.13427,8
2507.13352,4
2507.13513,10
2507.13536,23
2507.13694,3
2507.13843,5
2507.14074,9
2507.14092,23
2507.14281,28
2507.14466,16
2507.14540,15
2507.14671,6
2507.14996,13
2507.15068,17
2507.15647,25
2507.15792,4
2507.15919,9
2507.15932,2
2507.16042,17
2507.16173,25
2507.16325,10
2507.16720,4
2507.16758,13
2507.16892,0
2507.16909,24
2507.17039,21
2507.17048,20
2507.17398,6
2507.17532,9
2507.17840,28
2507.18373,7
2507.18582,22
2507.18598,22
2507.18693,0
2507.18707,17
2507.18831,27
2507.19147,9
2507.19301,3
2507.19401,4
2507.19768,29
2507.19784,3
2507.19903,22
2507.20100,11
2507.20138,28
2507.20139,16
2507.20287,3
2507.20540,24
2507.20549,18
2507.20591,19
2507.20595,14
2507.20616,5
2507.20640,20
2507.20696,19
2507.20724,25
2507.20795,12
2507.21013,15
2507.21043,22
2507.21283,5
2507.21301,12
2507.21343,20
2507.21446,14
2507.21700,25
2507.21766,17
2507.21793,15
2507.21847,9
2507.21869,27
2507.21897,14
2507.21993,17
2507.22026,10
2507.22137,25
2507.22139,18
2507.22238,23
2507.22242,28
2507.22383,2
2507.22441,4
2507.22495,0
2507.22515,23
2507.22734,17
2507.22971,22
2507.23022,19
2507.23169,11
2507.23255,15
2507.23260,28
2507.23262,18
2507.23464,13
2507.23752,16
2507.23753,16
2507.23754,16
2507.23775,19
2507.23783,5
2508.10912,29
2508.00313,1
2508.00342,15
2508.00435,25
2508.00460,18
2508.00499,2
2508.00519,17
2508.00566,18
2508.01232,23
2508.01241,10
2508.01367,2
2508.01927,12
2508.02475,21
2508.02662,28
2508.03219,2
2508.03364,9
2508.03414,3
2508.03427,16
2508.03528,13
2508.03873,21
2508.03973,11
2508.04007,11
2508.04188,5
2508.04385,28
2508.04433,26
2508.04519,9
2508.04554,6
2508.04574,13
2508.04803,25
2508.04835,29
2508.04867,25
2508.05010,15
2508.05030,16
2508.05075,6
2508.05101,14
2508.05196,20
2508.05295,21
2508.05868,14
2508.05971,10
2508.06007,13
2508.06083,13
2508.06180,13
2508.06195,2
2508.06440,3
2508.06758,18
2508.07430,24
2508.07459,2
2508.07477,1
2508.07547,15
2508.07685,13
2508.07813,18
2508.08026,0
2508.08357,5
2508.08372,5
2508.08786,2
2508.08885,28
2508.08994,29
2508.09063,23
2508.09387,2
2508.09436,3
2508.09551,13
2508.09588,20
2508.09619,1
2508.09881,20
2508.10080,27
2508.09982,17
2508.10503,6
2508.10816,8
2508.10832,14
2508.10885,23
2508.10889,11
2508.11018,16
2508.11322,6
2508.11581,3
2508.11593,13
2508.11629,14
2508.11755,16
2508.11768,9
2508.12360,17
2508.12370,6
2508.12825,22
2508.12974,7
2508.13271,5
2508.13290,26
2508.13779,1
2508.13845,1
2508.13994,13
2508.14034,20
2508.14371,1
2508.14630,22
2508.14632,6
2508.14666,7
2508.15147,15
2508.15174,13
2508.15184,9
2508.15266,14
2508.15284,7
2508.15604,24
2508.15968,7
2508.16099,13
2508.16290,7
2508.16411,25
2508.16412,0
2508.16559,10
2508.16720,6
2508.16940,10
2508.18311,17
2508.17327,1
2508.17367,13
2508.17419,15
2508.17422,29
2508.17487,17
2508.17528,21
2508.17668,3
2508.17707,12
2508.17861,25
2508.17929,27
2508.17977,15
2508.18099,25
2508.18107,23
2508.18138,4
2508.18371,1
2508.18429,29
2508.18465,6
2508.18801,17
2508.18843,8
2508.19330,9
2508.19433,19
2508.19536,6
2508.19584,15
2508.19781,29
2508.19962,23
2508.20792,15
2508.21115,6
2508.21119,22
2508.21127,24
2508.21265,11
2508.21281,1
2508.21298,28
2508.21326,18
2508.21357,14
2508.21575,13
2508.21673,18
2508.21696,14
2508.21791,22
2509.00158,19
2509.00242,16
2509.00416,25
2509.00563,29
2509.00902,17
2509.00940,3
2509.00942,14
2509.00950,4
2509.00962,11
2509.01154,12
2509.01447,21
2509.12215,4
2509.02063,13
2509.02178,25
2509.02243,24
2509.02468,25
2509.02673,3
2509.02675,6
2509.02757,6
2509.02886,22
2509.02914,23
2509.03031,23
2509.03072,17
2509.03081,29
2509.03247,18
2509.04521,13
2509.03295,22
2509.03502,25
2509.03583,22
2509.03683,0
2509.03750,7
2509.03774,18
2509.03801,14
2509.03907,18
2509.03915,13
2509.03936,2
2509.03949,19
2509.03984,14
2509.04002,19
2509.04003,9
2509.04571,0
2509.04840,18
2509.04912,15
2509.04965,11
2509.05074,13
2509.05153,9
2509.05200,10
2509.05587,5
2509.05598,25
2509.05784,25
2509.06066,26
2509.06180,16
2509.06313,4
2509.06406,5
2509.06680,28
2509.06814,28
2509.06889,12
2509.06939,2
2509.06947,6
2509.07137,21
2509.07165,13
2509.07219,6
2509.07292,21
2509.07307,1
2509.07428,6
2509.07669,21
2509.07671,21
2509.07865,10
2509.07870,8
2509.07915,25
2509.07977,22
2509.08154,27
2509.08262,13
2509.08332,17
2509.08370,2
2509.08386,3
2509.08716,15
2509.08823,3
2509.08974,25
2509.09109,22
2509.09184,7
2509.09271,11
2509.09330,17
2509.09399,17
2509.09431,0
2509.09663,19
2509.09664,3
2509.09766,2
2509.09959,18
2509.09976,15
2509.10215,0
2509.10339,4
2509.10606,23
2509.10630,0
2509.10881,1
2510.17805,12
2509.11304,17
2509.11557,27
2509.12198,14
2509.12320,22
2509.12509,11
2509.12568,28
2509.12601,3
2509.12606,27
2509.12706,13
2509.12731,17
2509.12988,18
2509.13180,28
2509.13303,25
2509.13407,22
2509.13543,28
2509.13555,4
2509.13668,12
2509.13820,23
2509.13838,18
2509.13969,16
2509.14105,28
2509.14109,14
2509.14133,21
2509.14173,23
2509.14590,18
2509.14631,12
2509.14656,11
2509.15043,21
2509.15067,4
2509.15078,1
2509.15288,9
2509.15215,6
2509.15327,2
2509.15983,18
2509.16312,22
2509.16387,13
2509.16408,23
2509.17160,11
2509.17272,23
2509.17414,17
2509.17467,26
2509.17501,29
2509.17517,13
2509.18441,15
2509.18524,28
2509.18564,23
2509.18781,0
2509.18922,0
2509.19031,19
2509.19137,0
2509.19190,16
2509.19223,2
2509.19255,27
2509.19498,13
2509.19675,28
2509.19697,23
2509.19796,16
2509.19904,1
2509.19907,1
2509.20188,6
2509.20298,15
2509.20435,10
2509.20480,13
2509.20650,23
2509.20727,3
2509.20742,29
2509.20765,15
2509.20782,21
2509.21120,29
2509.21540,17
2509.21591,17
2509.21951,8
2509.22278,23
2509.22473,28
2509.22559,1
2509.22593,11
2509.22634,26
2509.22809,1
2509.22877,29
2509.22892,17
2509.23137,29
2509.25251,20
2509.23300,5
2509.23404,4
2509.23507,21
2509.23591,23
2509.23856,28
2509.23904,22
2509.24415,6
2509.24581,0
2509.24670,24
2509.24686,5
2509.24764,14
2509.24862,12
2509.25060,2
2509.25186,29
2509.25318,17
2509.25344,3
2509.25423,12
2510.01273,29
2509.25772,23
2509.25797,8
2509.25823,5
2509.26024,11
2509.26095,20
2509.26228,13
2509.26447,19
2509.26472,28
2509.26638,18
2510.00134,26
2510.00305,21
2510.00341,14
2510.00575,14
2510.00595,14
2510.00653,2
2510.00711,13
2510.01066,17
2510.01305,0
2510.01518,4
2510.01682,18
2510.01819,21
2510.02429,3
2510.02474,18
2510.02552,4
2510.02772,28
2510.02923,21
2510.03188,5
2510.03736,13
2510.04148,17
2510.04224,3
2510.04279,13
2510.04431,7
2510.04700,5
2510.04830,4
2510.05018,10
2510.05209,10
2510.05224,24
2510.05227,6
2510.05401,25
2510.05473,23
2510.05730,13
2510.05772,14
2510.05910,8
2510.06109,13
2510.06168,26
2510.06313,22
2510.06435,16
2510.06451,22
2510.06682,17
2510.06693,28
2510.06894,17
2510.07042,12
2510.07139,11
2510.07373,7
2510.07384,17
2510.07398,2
2510.07410,17
2510.07506,14
2510.07690,21
2510.07947,23
2510.08030,8
2510.08110,18
2510.08171,19
2510.08194,3
2510.08289,6
2510.09044,12
2510.09170,18
2510.09234,0
2510.09363,6
2510.09412,0
2510.09777,13
2510.09798,9
2510.09921,14
2510.10064,19
2510.10264,4
2510.10543,26
2510.10684,17
2510.10720,29
2510.10873,15
2510.10906,28
2510.10958,10
2510.10983,21
2510.11333,18
2510.11355,18
2510.11432,13
2510.11920,12
2510.12250,3
2510.12349,6
2510.12359,3
2510.12452,28
2510.12730,10
2510.12737,17
2510.12786,7
2510.12888,25
2510.13045,5
2510.13098,24
2510.13342,3
2510.13641,25
2510.14191,21
2510.14259,18
2510.14288,5
2510.14322,12
2510.14452,4
2510.14724,24
2510.15078,20
2510.21768,12
2510.15182,23
2510.15310,21
2510.15322,25
2510.15526,14
2510.15537,23
2510.15538,23
2510.15788,14
2510.24753,21
2510.16165,17
2510.16523,18
2510.16616,6
2510.16628,11
2510.16843,0
2510.16884,28
2510.17081,29
2510.17183,6
2510.17452,14
2510.17674,2
2510.17683,12
2510.18102,18
2510.18145,13
2510.18696,23
2510.18963,14
2510.19083,18
2510.19313,0
2510.19603,17
2510.19736,9
2510.19790,26
2510.19943,0
2510.19983,11
2510.20090,1
2510.20865,17
2510.20114,23
2510.20127,11
2510.20230,26
2510.20312,19
2510.20576,23
2510.21877,12
2510.20804,22
2510.20816,10
2510.20892,4
2510.21338,29
2510.21343,20
2510.21384,22
2510.21568,17
2510.21913,6
2510.22240,15
2510.22315,4
2510.22424,12
2510.22645,4
2510.23061,17
2510.23092,11
2510.23134,21
2510.23159,24
2510.23710,23
2510.23743,17
2510.23800,0
2510.24264,2
2510.24270,22
2510.24289,25
2510.24404,4
2510.24405,6
2510.24627,10
2510.24686,2
2510.24851,17
2510.25022,6
2510.25082,17
2510.25124,25
2510.25203,13
2510.25655,1
2510.25756,14
2510.25767,28
2510.25864,14
2510.25902,29
2510.25959,0
2510.25971,1
2510.25996,11
2510.26070,25
2510.26128,5
2510.26528,17
2510.26605,27
2510.26720,6
2510.26894,18
2510.27613,27
2511.00146,0
2511.00426,28
2511.00605,15
2511.00608,22
2511.00625,1
2511.00656,14
2511.00803,0
2511.00813,14
2511.00817,19
2511.00837,18
2511.00857,21
2511.00909,18
2511.00920,27
2511.01148,15
2511.01339,0
2511.01418,11
2511.01560,14
2511.01801,3
2511.02032,2
2511.02125,6
2511.02226,16
2511.02295,27
2511.02448,7
2511.02466,8
2511.02508,25
2511.02913,15
2511.02967,13
2511.02968,11
2511.03380,19
2511.03384,12
2511.03436,6
2511.03764,1
2511.03782,12
2511.03790,2
2511.03811,13
2511.03853,4
2511.03865,29
2511.05601,14
2511.04208,15
2511.04222,29
2511.04719,13
2511.04480,18
2511.04618,14
2511.04629,0
2511.04739,3
2511.05002,17
2511.05190,18
2511.05365,11
2511.05390,28
2511.05763,25
2511.05943,6
2511.05999,26
2511.06350,1
2511.06506,6
2511.06631,22
2511.06660,14
2511.06938,15
2511.06995,26
2511.07319,17
2511.07566,6
2511.08249,23
2511.08466,21
2511.08492,13
2511.08511,0
2511.08584,2
2511.08953,17
2511.08973,5
2511.09009,1
2511.09224,1
2511.09402,10
2511.09460,7
2511.09498,8
2511.09650,5
2511.10364,17
2511.10443,27
2511.10605,6
2511.10784,29
2511.10954,2
2511.11123,15
2511.11200,5
2511.11263,4
2511.11277,9
2511.11284,29
2511.11547,17
2511.12287,2
2511.12719,14
2511.12731,25
2511.12904,17
2511.13268,17
2511.13405,27
2511.13486,15
2511.13493,13
2511.13917,23
2511.14211,17
2511.14313,13
2511.14621,21
2511.14960,7
2511.15020,13
2511.15116,23
2511.15265,27
2511.15486,27
2511.15510,10
2511.15526,18
2511.15538,25
2511.15560,10
2511.15576,11
2511.15708,22
2511.15938,17
2511.15944,15
2511.16241,13
2511.16337,13
2511.16385,17
2511.16481,20
2511.16578,18
2511.16610,22
2511.16727,14
2511.17033,22
2511.17250,11
2511.17386,13
2511.17423,22
2511.17459,4
2511.17466,6
2511.17868,29
2511.18059,25
2511.18736,4
2511.18753,0
2511.18938,28
2511.18951,18
2511.18990,14
2511.19030,18
2511.19050,16
2511.19054,4
2511.19058,16
2511.19064,25
2511.19197,20
2511.19215,13
2511.19896,4
2511.20013,18
2511.20266,13
2511.20424,13
2511.20461,8
2511.20599,17
2511.20765,23
2511.20768,28
2511.20788,6
2511.20868,8
2511.21195,26
2511.21315,3
2512.07862,13
2511.21657,22
2511.22002,26
2511.22026,7
2511.22028,1
2511.22365,11
2511.22397,12
2511.22571,21
2511.22592,20
2511.22796,22
2511.22930,11
2511.22995,25
2511.23090,21
2511.23359,13
2511.23431,2
2512.00177,18
2512.00301,3
2512.00409,13
2512.00411,13
2512.00664,14
2512.00790,4
2512.01124,6
2512.01146,20
2512.01200,2
2512.01266,14
2512.01379,14
2512.01395,28
2512.01402,28
2512.01586,13
2512.01703,16
2512.01826,23
2512.01910,18
2512.01955,13
2512.02191,10
2512.02411,4
2512.02488,16
2512.02575,14
2512.02637,2
2512.02752,14
2512.02775,5
2512.02828,12
2512.02894,1
2512.03362,21
2512.03368,20
2512.03658,17
2512.03721,29
2512.03742,25
2512.03797,5
2512.03806,3
2512.03842,29
2512.03908,4
2512.04024,6
2512.04251,22
2512.04708,27
2512.04712,23
2512.04754,25
2512.04819,18
2512.05177,27
2512.05427,14
2512.05497,29
2512.05871,18
2512.05901,18
2512.05956,3
2512.06073,5
2512.06100,10
2512.06152,16
2512.06265,22
2512.06477,15
2512.06593,17
2512.06637,23
2512.06895,11
2512.06943,2
2512.06994,13
2512.07272,0
2512.07274,17
2512.07591,10
2512.07636,3
2512.07648,24
2512.07701,13
2512.07962,11
2512.08059,11
2512.08070,28
2512.08072,12
2512.08126,29
2512.08251,3
2512.08514,15
2512.08527,5
2512.08586,4
2512.08784,6
2512.09024,25
2512.09025,3
2512.09093,18
2512.09314,1
2512.09533,20
2512.09547,28
2512.09550,20
2512.09600,13
2512.09676,18
2512.09789,20
2512.09901,24
2512.09994,25
2512.09992,2
2512.10010,26
2512.10157,5
2512.10219,28
2512.10301,23
2512.10475,28
2512.10527,3
2512.10577,6
2512.10847,29
2512.10944,22
2512.11073,17
2512.11177,26
2512.11248,22
2512.16936,17
2512.11341,26
2512.11343,27
2512.11439,27
2512.11451,1
2512.11494,12
2512.11636,21
2512.16938,2
2512.11780,4
2512.11965,17
2512.11991,25
2512.12071,17
2512.12328,13
2512.12631,28
2512.12734,3
2512.12920,4
2512.13065,17
2512.13242,19
2512.13252,2
2512.13367,23
2512.13388,13
2512.13588,28
2512.13601,10
2512.13793,3
2512.13808,10
2512.13877,15
2512.14107,15
2512.14379,6
2512.14493,21
2512.14544,25
2512.16945,1
2512.14909,14
2512.15023,10
2512.15093,18
2512.15300,15
2512.15304,14
2512.15580,9
2512.15667,27
2512.15845,18
2512.15942,5
2512.16211,10
2512.16249,29
2512.16260,14
2512.16268,3
2512.16274,12
2512.16423,20
2512.16647,12
2512.16796,16
2512.16828,18
2512.16884,2
2512.17050,17
2512.17099,14
2512.17282,0
2512.17380,22
2512.17383,15
2512.17583,3
2512.17596,6
2512.17625,3
2512.17691,15
2512.17729,6
2512.17765,23
2512.17867,10
2512.17996,5
2512.18005,7
2512.18037,11
2512.18051,25
2512.18171,11
2512.18375,10
2512.18449,18
2512.18636,18
2512.18821,15
2512.18944,25
2512.18962,5
2512.19033,28
2512.19052,23
2512.19382,1
2512.19520,3
2512.19634,18
2512.19808,17
2512.19901,29
2512.19956,17
2512.19971,18
2512.19979,5
2512.20009,17
2512.20049,5
2512.20130,17
2512.20207,28
2512.20228,29
2512.20238,21
2512.20242,23
2512.20284,16
2512.20364,4
2512.20367,13
2512.20476,17
2512.20529,7
2512.20530,28
2512.20558,9
2512.20565,21
2512.20862,16
2512.20928,7
2512.21325,5
2512.21384,14
2512.21868,28
2512.21869,28
2512.22017,14
2512.22073,17
2512.22340,22
2512.22371,3
2512.22430,1
2512.22658,16
2512.22723,15
2512.22783,3
2512.22791,13
2512.23119,21
2512.23336,11
2512.23516,2
2512.23536,18
2512.23630,3
2512.23790,1
2512.23801,10
2512.23954,18
2512.23962,6
2512.24241,18
2512.24306,22
2512.24430,20
2601.06083,7
2512.24501,5
2512.24585,0
2512.24671,21
2512.24745,13
2512.24831,0
2512.24849,29
2512.25069,5
2601.00108,5
2601.00540,24
2601.00931,29
2601.00723,16
2601.01100,1
2601.01300,1
2601.01328,12
2601.01398,1
2601.01428,26
2601.01637,17
2601.01643,28
2601.01700,1
2601.01702,3
2601.01815,15
2601.01843,15
2601.02187,14
2601.02192,25
2601.02280,15
2601.02647,25
2601.02707,16
2601.02820,15
2601.02959,10
2601.02966,1
2601.03348,14
2601.03352,18
2601.03366,14
2601.03922,11
2601.03929,5
2601.03989,4
2601.04308,2
2601.04363,13
2601.04460,25
2601.04558,23
2601.04594,15
2601.04655,28
2601.04712,15
2601.04772,9
2601.04830,11
2601.05123,25
2601.05147,21
2601.05326,23
2601.05662,5
2601.06326,10
2601.06504,23
2601.06632,12
2601.06668,21
2601.06682,13
2601.06735,6
2601.06865,11
2601.07018,25
2601.07380,16
2601.07460,0
2601.07493,9
2601.07710,7
2601.07729,17
2601.08191,2
2601.08201,15
2601.08290,11
2601.08586,24
2601.08637,9
2601.08997,3
2601.09138,15
2601.09221,12
2601.09257,26
2601.09396,4
2601.09513,23
2601.09591,13
2601.09629,21
2601.09782,2
2601.09783,14
2601.09889,13
2601.09924,5
2601.09945,12
2601.09969,11
2601.10016,25
2601.10151,2
2601.10195,15
2601.10480,8
2601.10516,20
2601.10578,17
2601.10692,2
2601.10838,12
2601.10903,1
2601.10939,25
2601.11055,6
2601.11175,19
2601.11267,6
2601.11519,13
2601.11714,11
2601.12022,18
2601.12160,28
2601.12170,22
2601.12264,0
2601.12387,0
2601.12676,7
2601.12726,16
2601.12891,9
2601.12905,18
2601.12969,24
2601.13063,10
2601.13074,6
2601.13084,27
2601.13090,27
2601.13108,6
2601.13285,23
2601.13292,1
2601.13298,23
2601.13825,17
2601.14072,7
2601.14184,17
2601.14364,13
2601.14384,14
2601.14463,21
2601.14500,10
2601.14537,9
2601.14573,4
2601.14902,10
2601.14946,3
2601.14981,16
2601.15121,17
2601.15414,27
2601.15554,10
2601.15858,27
2601.15873,19
2601.15875,16
2601.15971,8
2601.16017,28
2601.16313,23
2601.16369,23
2601.16475,15
2601.17099,25
2601.16831,27
2601.16843,4
2601.16908,16
2601.17276,12
2601.17353,5
2601.17663,3
2601.17925,17
2601.18247,4
2601.18472,25
2601.18476,15
2601.18531,4
2601.18632,12
2601.18712,1
2601.18868,6
2601.19235,13
2601.19458,19
2601.19473,7
2601.19497,7
2601.19581,13
2601.19829,18
2601.19975,4
2601.20288,18
2601.20410,13
2601.20486,4
2601.20521,23
2601.20798,9
2601.20836,0
2601.20850,0
2601.20937,15
2601.20938,17
2601.21044,1
2601.21047,17
2601.21354,15
2601.21599,4
2601.21735,22
2601.21994,18
2601.22051,9
2601.22226,5
2601.22608,3
2601.23024,4
2601.23050,4
2601.23100,9
2602.00833,29
2602.01280,17
2602.02097,28
2602.02127,3
2602.02174,10
2602.02255,13
2602.02348,28
2602.02490,9
2602.02672,11
2602.02984,8
2602.03471,29
2602.03553,19
2602.03576,17
2602.03658,25
2602.03788,17
2602.03848,5
2602.03925,6
2602.04452,28
2602.04945,3
2602.04973,12
2602.05170,13
2602.05365,3
2602.05473,2
2602.05505,5
2602.05607,2
2602.05624,20
2602.05771,16
2602.06202,11
2602.06231,6
2602.06312,27
2602.06389,28
2602.06573,9
2602.06712,25
2602.06781,9
2602.07146,12
2602.07383,5
2602.07427,29
2602.07481,15
2602.07585,1
2602.07611,25
2602.07617,23
2602.07766,28
2602.07917,21
2602.07994,28
2602.07998,3
2602.08038,15
2602.08358,15
2602.08766,14
2602.08771,5
2602.08827,9
2602.08890,21
2602.08982,17
2602.09107,19
2602.09156,19
2602.09391,18
2602.09471,11
2602.09567,7
2602.09640,12
2602.09654,27
2602.09895,13
2602.09975,25
2602.10010,23
2602.10313,15
2602.10362,17
2602.10627,28
2602.10839,23
2602.11011,28
2602.11014,28
2602.11140,11
2602.11153,6
2602.11252,28
2602.11390,11
2602.11396,17
2602.11552,1
2602.11582,10
2602.11608,24
2602.11762,4
2602.12223,5
2602.12514,0
2602.12608,29
2602.12947,13
2602.13060,4
2602.13456,8
2602.13584,29
2602.14113,17
2602.14210,18
2602.14261,4
2602.14330,11
2602.14398,16
2602.14485,18
2602.14507,18
2602.14796,6
2602.14807,23
2602.15911,17
2602.15003,2
2602.15106,4
2602.15178,19
2602.15213,14
2602.15474,11
2602.15998,15
2602.16228,18
2602.16242,14
2602.16648,14
2602.16677,14
2602.16783,27
2602.16871,27
2602.17000,2
2602.17238,6
2602.17249,23
2602.17311,12
2602.17376,17
2602.17399,0
2602.17611,17
2602.17996,6
2602.18112,1
2602.18345,12
2602.19093,7
2602.19282,12
2602.19371,15
2602.19376,15
2602.19399,12
2602.19678,25
2602.19724,15
2602.19791,25
2602.19920,6
2602.20148,4
2602.20265,4
2602.20288,6
2602.20339,14
2602.20756,1
2602.20838,18
2602.21199,5
2602.21206,6
2602.21364,18
2602.22316,17
2602.22448,15
2602.22626,17
2602.22637,10
2602.22736,18
2602.22772,17
2602.22788,14
2602.22793,0
2602.22837,5
2602.22970,8
2602.22999,27
2602.23240,15
2602.23552,14
2602.23675,27
2602.23680,16
2602.23691,29
2602.23726,15
2602.23842,12
2602.23888,13
2602.24028,15
2602.24075,21
2602.24198,14
2603.00435,17
2603.00534,27
2603.00591,23
2603.00648,1
2603.00670,7
2603.00944,9
2603.00954,23
2603.01011,14
2603.01062,12
2603.01120,3
2603.01207,14
2603.01226,12
2603.01672,1
2603.01676,8
2603.02388,17
2603.02450,12
2603.02685,3
2603.03092,24
2603.03124,12
2603.03166,9
2603.03221,14
2603.03492,1
2603.03500,15
2603.03980,10
2603.04503,0
2603.04717,16
2603.04954,13
2603.04978,15
2603.05123,17
2603.05176,23
2603.05383,23
2603.05606,7
2603.05759,10
2603.06126,25
2603.06188,12
2603.06284,10
2603.06371,2
2603.06412,27
2603.06529,6
2603.06550,22
2603.06802,23
2603.06906,29
2603.07035,2
2603.07256,0
2603.07290,1
2603.07342,18
2603.07638,13
2603.08168,3
2603.08302,15
2603.08500,21
2603.08688,10
2603.08891,12
2603.09422,17
2603.09500,17
2603.09665,25
2603.09895,17
2603.10193,14
2603.10486,20
2603.10552,10
2603.10717,15
2603.10755,6
2603.10865,22
2603.10925,13
2603.10955,24
2603.11153,6
2603.11235,3
2603.11278,15
2603.11464,27
2603.11469,11
2603.11637,5
2603.23535,0
2603.11771,3
2603.11823,27
2603.11986,24
2603.12092,13
2603.12097,10
2603.12196,7
2603.12198,6
2603.12338,19
2603.12437,27
2603.12473,2
2603.12570,10
2603.12897,18
2603.13111,15
2603.13114,11
2603.13604,3
2603.14051,29
2603.14108,28
2603.14329,9
2603.14519,3
2603.14545,18
2603.14614,10
2603.15102,27
2603.15147,5
2603.15244,12
2603.15305,1
2603.15509,20
2603.15853,17
2603.16072,3
2603.16115,16
2603.16227,17
2603.16522,8
2603.16828,22
2603.16993,6
2603.17073,2
2603.17101,13
2603.17194,23
2603.17214,11
2603.17235,15
2603.17362,6
2603.17451,7
2603.17657,3
2603.17710,25
2603.17777,10
2603.17846,27
2603.17905,15
2603.17921,13
2603.18125,18
2603.18134,2
2603.18182,1
2603.18199,25
2603.18351,23
2603.18621,19
2603.18684,23
2603.18843,5
2603.19027,23
2603.19351,17
2603.19438,11
2603.19956,1
2603.20069,16
2603.20368,28
2603.20719,1
2603.20757,13
2603.20871,27
2603.21417,1
2603.21959,16
2603.22145,9
2603.22178,15
2603.22205,23
2603.22635,20
2603.22645,25
2603.22662,28
2603.23148,13
2603.23314,16
2603.23377,15
2603.23400,21
2603.23402,23
2603.24370,17
2603.24379,23
2603.24592,2
2603.24711,12
2603.24766,22
2603.24852,13
2603.24977,17
2603.25119,3
2603.25147,14
2603.25156,19
2603.25245,28
2603.25314,10
2603.25558,14
2603.25648,17
2603.25807,17
2603.25844,19
2603.25858,6
2603.26593,7
2603.26895,11
2603.26978,3
2603.27211,10
2603.27214,9
2603.27217,16
2603.27408,0
2603.27409,26
2603.27456,25
2603.27674,27
2603.27945,18
2603.28056,5
2603.28490,24
2603.28530,13
2603.28641,28
2603.28920,22
2603.29065,21
2603.29377,6
2603.29531,27
2603.29713,28
2603.29757,13
2603.29760,27
2603.30024,0
2604.00574,13
2604.00608,17
2604.00762,20
2604.00838,25
2604.01027,3
2604.01062,16
2604.01145,11
2604.01223,3
2604.01446,15
2604.01596,5
2604.01902,3
2604.02123,13
2604.02133,2
2604.02191,3
2604.02298,18
2604.02426,6
2604.02427,22
2604.02481,17
2604.02620,12
2604.02843,1
2604.03183,18
2604.03408,15
2604.03531,10
2604.03702,12
2604.03821,12
2604.04123,6
2604.04151,29
2604.04232,17
2604.04375,17
2604.04421,3
2604.04631,22
2604.04643,3
2604.04653,25
2604.04719,24
2604.04860,25
2604.16433,16
2604.04883,5
2604.05027,6
2604.05216,4
2604.05506,26
2604.05590,3
2604.05994,22
2604.05997,24
2604.06157,17
2604.06706,25
2604.06745,16
2604.16460,29
2604.07060,20
2604.07185,3
2604.07511,10
2604.07807,23
2604.07947,12
2604.08231,13
2604.08235,22
2604.08319,3
2604.08430,3
2604.08675,5
2604.08735,4
2604.08937,6
2604.09172,15
2604.09440,4
2604.09457,27
2604.09504,14
2604.09525,7
2604.09807,3
2604.10026,1
2604.10041,9
2604.10133,28
2604.10207,28
2604.10621,17
2604.10987,2
2604.11047,15
2604.11169,10
2604.11692,19
2604.11738,18
2604.11997,3
2604.12313,14
2604.12328,17
2604.12367,29
2604.12544,5
2604.12682,4
2604.12695,9
2604.12701,18
2604.12742,13
2604.13161,6
2604.13553,26
2604.13875,27
2604.13893,24
2604.13945,19
2604.14022,4
2604.14045,14
2604.14289,6
2604.14295,0
2604.14376,0
2604.14390,13
2604.14395,12
2604.14485,20
2604.14578,4
2604.14623,11
2604.14701,3
2604.14952,15
2604.15054,0
2604.15056,6
2604.15120,2
2604.15204,4
2604.15417,2
2604.15587,12
2604.15895,11
2604.15976,10
2604.15981,23
2604.16293,6
2604.16611,27
2604.16647,9
2604.17181,3
2604.17333,2
2604.17594,14
2604.17655,10
2604.17712,29
2604.17812,6
2604.17978,13
2604.18385,27
2604.18451,10
2604.18560,25
2604.18736,23
2604.18777,17
2604.18843,0
2604.18962,25
2604.19215,28
2604.19283,0
2604.19332,6
2604.19385,14
2604.19443,23
2604.19467,4
2604.19525,14
2604.20312,18
2604.20546,10
2604.20613,3
2604.20716,16
2604.21105,4
2604.21318,6
2604.21488,10
2604.21499,4
2604.21533,3
2604.21561,1
2604.21635,1
2604.21684,15
2604.21899,3
2604.21978,6
2604.22214,11
2604.22300,1
2604.22553,19
2604.22596,23
2604.23117,4
2604.23162,28
2604.23301,17
2604.23378,23
2604.23401,4
2604.23470,13
2604.23657,15
2604.24298,24
2604.24734,18
2604.24883,17
2604.25169,19
2604.25274,12
2604.25425,8
2604.25450,28
2604.25500,1
2604.25575,15
2604.25626,29
2604.25805,18
2604.25843,10
2604.25896,15
2604.26002,19
2604.26203,27
2605.10945,12
2604.26627,3
2604.26631,14
2604.26814,12
2604.26859,25
2604.26862,9
2604.27076,18
2604.27098,17
2604.27440,10
2604.27507,15
2604.27822,12
2604.27848,12
2604.27881,12
2604.28077,23
2604.28187,6
2605.00137,6
2605.00477,0
2605.00571,17
2605.00577,13
2605.00601,14
2605.01316,28
2605.01651,3
2605.01686,18
2605.01893,27
2605.02082,25
2605.02140,18
2605.02423,24
2605.02619,17
2605.02677,18
2605.02755,11
2605.02891,3
2605.03013,17
2605.03133,24
2605.03139,9
2605.03171,23
2605.03448,27
2605.03766,22
2605.03774,18
2605.03859,24
2605.04562,3
2605.04693,22
2605.04710,19
2605.04928,14
2605.05433,2
2605.05800,20
2605.05847,5
2605.05981,12
2605.06150,9
2605.06422,6
2605.06514,18
2605.06545,10
2605.06828,19
2605.06923,22
2605.07336,15
2605.07540,15
2605.07592,8
2605.07656,10
2605.07739,6
2605.10968,8
2605.07819,25
2605.07958,12
2605.08591,21
2605.09690,1
2605.10101,3
2605.10139,18
2605.10226,17
2605.10387,2
2605.10686,4
2605.10700,18
2605.10703,23
2605.10740,14
2605.10826,12
2605.11146,17
2605.11211,25
2605.11216,4
2605.11252,17
2605.11281,10
2605.11395,19
2605.11401,10
2605.11584,27
2605.11587,5
2605.11955,16
2605.11965,17
2605.12293,16
2605.12381,18
2605.12588,11
2605.12758,9
2605.13254,14
2605.13259,6
2605.13317,9
2605.13573,28
2605.13656,5
2605.14080,13
2605.14265,3
2605.14806,23
2605.14818,12
2605.14909,6
2605.14985,17
2605.15610,18
2605.15703,27
2605.15751,4
2605.15834,17
2605.15939,9
2605.16625,1
2605.16943,0
2605.16988,28
2605.17030,18
2605.17066,14
2605.17083,6
2605.17227,28
2605.17408,15
2605.17520,3
2605.17649,18
2605.17667,13
2605.17940,17
2605.17977,24
2605.18017,27
2605.18098,1
2605.18277,0
2605.18411,9
2605.18429,18
2605.18524,27
2605.18586,13
2605.18628,17
2605.18941,4
2605.18954,3
2605.18970,4
2605.19036,17
2605.19297,3
2605.19643,13
2605.19675,14
2605.20059,2
2605.20148,3
2605.20329,17
2605.20415,17
2605.20437,23
2605.20652,13
2605.20653,3
2605.20685,15
2605.20966,15
2605.20985,1
2605.21618,22
2605.21631,25
2605.21700,1
2605.21936,5
2605.22128,6
2605.22278,5
2605.22303,20
2605.22460,5
2605.22522,10
2605.22582,13
2605.22768,4
2605.23267,17
2605.23567,4
2605.23607,13
2605.23755,18
2605.23838,4
2605.24234,25
2605.24362,18
2605.24439,18
2605.24522,13
2605.24536,0
2605.24565,7
2605.24822,25
2605.25048,15
2605.25197,14
2605.25597,8
2605.25600,17
2605.25654,3
2605.25828,2
2605.25898,25
2605.25906,10
2605.25938,4
2605.26233,6
2605.26794,1
2605.27179,8
2606.05210,15
2605.27201,29
2605.27356,17
2605.27515,11
2605.28221,0
2605.28574,12
2605.28759,21
2605.28942,13
2605.29100,28
2605.29285,14
2605.29338,17
2605.29352,7
2605.29501,17
2605.29665,14
2605.29985,29
2605.30074,25
2605.30297,28
2605.30316,22
2605.30425,21
2606.02622,2
2605.30746,17
2605.30752,7
2605.30760,12
2605.30768,13
2605.30847,21
2605.30986,17
2605.31009,12
2605.31459,28
2605.31501,25
2606.00223,7
2606.00894,15
2606.07634,6
2606.01235,24
2606.01785,0
2606.01786,16
2606.14726,2
2606.02678,23
2606.02371,25
2606.02534,17
2606.02694,18
2606.02730,1
2606.02761,11
2606.02770,13
2606.02838,28
2606.03193,5
2606.03637,16
2606.03663,1
2606.03710,25
2606.03908,1
2606.03981,7
2606.04097,24
2606.04187,2
2606.04559,7
2606.04742,18
2606.04821,28
2606.04914,11
2606.04953,1
2606.04954,10
2606.04956,23
2606.04958,13
2606.04961,4
2606.05095,19
2606.05294,17
2606.05302,0
2606.05356,22
2606.05472,11
2606.05653,17
2606.05813,21
2606.06017,24
2606.06152,14
2606.06561,2
2606.06430,25
2606.06437,9
2606.06465,14
2606.06649,1
2606.06791,24
2606.06919,17
2606.07184,1
2606.07199,3
2606.07349,28
2606.07509,25
2606.07797,2
2606.07848,23
2606.07903,27
2606.07930,1
2606.07983,13
2606.08181,20
2606.08333,13
2606.08423,1
2606.08643,28
2606.08999,14
2606.09201,6
2606.09281,23
2606.09309,8
2606.09797,18
2606.09989,24
2606.10043,19
2606.10144,23
2606.10162,0
2606.10300,4
2606.10420,15
2606.10564,3
2606.10812,19
2606.10970,11
2606.11056,28
2606.11303,10
2606.11495,22
2606.11524,20
2606.11721,29
2606.11810,17
2606.12104,22
2606.12145,23
2606.12222,27
2606.12241,27
2606.12262,13
2606.12520,25
2606.12544,2
2606.12598,10
2606.12778,12
2606.27384,11
2606.13342,6
2606.13395,9
2606.13512,12
2606.13526,0
2606.13534,25
2606.13541,17
2606.13828,10
2606.14051,12
2606.14103,23
2606.14425,1
2606.14588,23
2606.14878,22
2606.15298,3
2606.15711,9
2606.15928,17
2606.16195,3
2606.16260,10
2606.16338,13
2606.16459,14
2606.16536,24
2606.16665,2
2606.16674,2
2606.16931,19
2606.17159,17
2606.17177,8
2606.17191,22
2606.17205,24
2606.17264,21
2606.17273,3
2606.17338,13
2606.17499,19
2606.17673,14
2606.17704,14
2606.17750,15
2606.18084,20
2606.18251,1
2606.18482,18
2606.18563,13
2606.18683,12
2606.18931,2
2606.18973,6
2606.19024,29
2606.19078,18
2606.19107,15
2606.19171,1
2606.19339,11
2606.19421,18
2606.20157,10
2606.20170,9
2606.20259,19
2606.20279,18
2606.20309,19
2606.20317,23
2606.20533,2
2606.20849,22
2606.20941,27
2606.21166,10
2606.21229,22
2606.21251,29
2606.21507,0
2606.21580,19
2606.21711,10
2606.21731,17
2606.22140,22
2606.23022,3
2606.23183,19
2606.23303,13
2606.23308,22
2606.23479,14
2606.23490,10
2606.23582,17
2606.23599,22
2606.23638,18
2606.23799,6
2606.23806,18
2606.23956,13
2606.23994,22
2606.24108,5
2606.24755,6
2606.25038,24
2606.25251,26
2606.25316,17
2606.25416,15
2606.25795,8
2606.25862,4
2606.25963,10
2606.26258,15
2606.26261,18
2606.26909,2
2606.26992,5
2606.27013,22
2606.27040,3
2606.27297,4
2606.27415,12
2606.27368,17
2606.27628,0
2606.27639,14
2606.27913,15
2606.28189,9
2606.28306,2
2606.28550,0
2606.28726,15
2606.28735,3
2606.28762,21
2606.28794,27
2606.28836,6
2606.28904,15
2606.28906,28
2606.29140,18
2606.29249,28
2606.29266,2
2606.29306,6
2606.29364,13
2606.29470,3
2606.29527,3
2606.29564,10
2606.29749,26
2606.29767,0
2606.30502,15
2606.30521,9
2606.30766,18
2606.30808,17
2606.30874,15
2606.31550,5
2606.31569,25
2606.31841,18
2606.31851,0
2607.00172,21
2607.00429,23
2607.00630,22
2607.00662,22
2607.00679,25
2607.00683,5
2607.00765,18
2607.00769,11
2607.00903,23
2607.00914,4
2607.00919,0
2607.01302,15
2607.01052,18
2607.01720,15
2607.01947,25
2607.02267,17
2607.02812,18
2607.02861,28
2607.03022,17
2607.03287,27
2607.03363,3
2607.03685,13
2607.03712,15
2607.03937,2
2607.04097,11
2607.04104,14
2607.04122,7
2607.04168,6
2607.04398,14
2607.04408,17
2607.04628,15
2607.04651,1
2607.04928,15
2607.05581,12
2607.05754,18
2607.05881,5
2607.05890,4
2607.06303,14
2607.06304,14
2607.06332,28
2607.06390,4
2607.06430,17
2607.06460,28
2607.06462,28
2607.06520,0
2607.06670,11
2607.06819,15
2607.07163,24
2607.07210,25
2607.07569,27
2607.07804,1
2607.07807,22
2607.07812,9
2607.07835,17
2607.07999,11
2607.08005,12
2607.08353,17
2607.08372,29
2607.08451,0
2607.08474,7
2607.08476,28
2607.08553,3
2607.08585,4
2607.08845,9
2607.09178,21
2607.09437,15
2607.09468,4
2607.09511,19
2607.09572,12
2607.09859,13
2607.09924,25
2607.10332,7
2607.10337,10
2607.10348,15
2607.10457,25
2607.10464,14
2607.10668,9
2607.10835,1
2607.10937,25
2607.11003,23
2607.11115,26
2607.11355,16
2607.11425,1
2607.11514,11
2607.11518,4
2607.13086,6
2607.11721,13
2607.11786,3
2607.13090,11
2607.12213,1
2607.12394,13
2607.12401,4
2607.12410,28
2607.12442,28
2607.12773,7
2607.13194,19
2607.13297,1
2607.13664,8
2607.13870,1
2607.13873,9
2607.14567,4
2607.14677,1
2607.14697,4
2607.14803,26
2607.16340,17
2607.15014,22
2607.15032,15
2607.15169,2
2607.15187,4
2607.15228,3
2607.15230,23
2607.15249,18
2607.15720,14
2607.15757,23
2607.15786,13
2607.15996,1
2607.16055,2
2607.16399,13
2607.16684,7
2607.16689,25
2607.16852,7
2607.17414,12
2607.17539,25
2607.17759,29
2607.17791,21
2607.17992,21
2607.18094,3
2607.18095,29
2607.18117,1
2607.18157,24
2607.18159,14
2607.18238,5
2607.18583,2
2607.18592,4
2607.18685,28
2607.18686,15
2607.18757,1
2607.18814,2
2607.18876,16
2607.18916,17
2607.18994,15
2607.19018,5
2608.24906,16
2607.19217,3
2607.19308,25
2607.19458,1
2607.20096,21
2607.20335,10
2607.20403,10
2607.20726,6
2607.20794,14
2607.20856,13
2607.20974,15
2607.21147,21
2607.21194,18
2607.21206,28
2607.21430,6
2607.21507,10
2607.21525,10
2607.21801,17
2607.22029,3
2607.22294,23
2607.22487,25
2607.23056,27
2607.23262,13
2607.23654,10
2607.23764,22
2607.23985,0
2607.24549,6
2607.24905,24
2607.24906,2
2607.24936,28
2607.25374,17
2607.25424,19
2607.25510,19
2607.25909,5
2607.26251,17
2607.26487,9
2607.26568,9
2607.26676,3
2607.26689,13
2607.26990,10
2607.27104,16
2607.27148,26
2607.27207,22
2607.27331,16
2607.27392,21
2607.27492,22
2607.27607,27
2607.27641,2
2607.27769,26
2607.27916,6
2607.28365,5
2607.28425,22
2607.28479,11
2607.28734,2
2607.29099,23
2607.29151,25
2607.29301,21
2607.29608,4
2607.29636,13
2608.00226,4
2608.00338,17
2608.00512,7
2608.00942,27
2608.01196,4
2608.01209,15
2608.01264,16
2608.01295,27
2608.01991,14
2608.02042,27
2608.02342,27
2608.02344,20
2608.02362,29
2608.02394,27
2608.02426,1
2608.02434,24
2608.02501,28
2608.02727,6
2608.02753,6
2608.03024,6
2608.03058,27
2608.03072,14
2608.03823,1
2608.03870,18
2608.03908,25
2608.04508,4
2608.04789,29
2608.04816,1
2608.05012,17
2608.05277,10
2608.05306,18
2608.05632,5
2608.05821,11
2608.06476,18
2608.06553,21
2608.06555,21
2608.06602,15
2608.06700,15
2608.07101,17
2608.07194,17
2608.07238,17
2608.07324,15
2608.08083,27
2608.08120,13
2608.08498,17
2608.08843,5
2608.09020,1
2608.09207,25
2608.09415,25
2608.09751,0
2608.09753,10
2608.09758,19
2608.09785,28
2608.09845,19
2608.10231,24
2608.10428,29
2608.10768,27
2608.11284,20
2608.11331,14
2608.11428,29
2608.11610,2
2608.11707,23
2608.11906,14
2608.12454,2
2608.12461,2
2608.12465,6
2608.12508,6
2608.12586,5
2608.12809,19
2608.13530,11
2608.13540,23
2608.13699,23
2608.13731,17
2608.14072,24
2608.14090,20
2608.14158,25
2608.14503,6
2608.14784,2
2608.14810,3
2608.14842,13
2608.14949,29
2608.15441,13
2608.15745,29
2608.15759,17
2608.15911,12
2608.16062,15
2608.16184,12
2608.16350,18
2608.16414,0
2608.16711,9
2608.17012,4
2608.17125,23
2608.17404,5
2608.17505,3
2608.17745,27
2608.17777,25
2608.18337,0
2608.18563,28
2608.18861,17
2608.18865,29
2608.19044,24
2608.19079,9
2608.19099,14
2608.19312,19
2608.19343,19
2608.19573,17
2608.19712,17
2608.19856,18
2608.20109,13
2608.20166,2
2608.20325,28
2608.20535,18
2608.20538,20
2608.20862,12
2608.21490,4
2608.21110,17
2608.21164,17
2608.21273,15
2608.21917,17
2608.22083,0
2608.22654,13
2608.22759,3
2608.22902,0
2608.23083,18
2608.23467,6
2608.23823,3
2608.23902,21
2608.24147,14
2608.24322,14
2608.24337,6
2608.24455,13
2608.24587,17
2608.24710,23
2608.25093,15
2608.25268,4
2608.25271,25
2608.25331,25
2608.25616,15
2608.25645,21
2608.25943,4
2608.26022,26
2608.26045,20
2608.26104,22
2608.26245,24
2608.26251,17
2608.26265,19
2608.26269,24
2608.26652,16
2608.26702,9
2608.26782,0
2608.27030,2
2608.27045,8
2608.27160,21
2608.27213,14
2608.27349,16
2608.27383,23
2608.27917,3
2608.28166,23
2608.28485,2
2608.28565,17
2608.28848,26
2608.28855,0
2608.28994,4
2608.29091,3
2608.29156,10
2608.29282,21
2608.29405,4
2608.29407,16
2608.29435,21
2608.29691,5
2608.29771,23
2608.29787,13
2608.29822,10
2608.29830,13
2608.29842,1
2608.30001,28
2608.30010,18
2608.30139,27
2608.30588,29
2608.30598,17
2608.31127,2
2609.00124,6
2609.00142,9
2609.00338,24
2609.00467,20
2609.00542,3
2609.00574,3
2609.00586,7
2609.00772,11
2609.00964,21
2609.01213,28
2609.01476,18
2609.01593,23
2609.01602,4
2609.01935,9
2609.02260,4
2609.02263,2
2609.02295,29
2609.02668,28
2609.02995,12
2609.03059,11
2609.03388,7
2609.03867,5
2609.04060,17
2609.04164,10
2609.04187,22
2609.04744,23
2609.04821,0
2609.04938,17
2609.05177,21
2609.05185,3
2609.05192,13
